datetime_utc,open,high,low,close,volume
2026-02-24 14:30:00+00:00,142.1300048828125,143.58999633789062,142.05999755859375,143.51499938964844,279057.0
2026-02-24 14:31:00+00:00,143.50999450683594,143.63999938964844,143.0,143.125,0.0
2026-02-24 14:32:00+00:00,143.22000122070312,144.0,143.19000244140625,143.85000610351562,41129.0
2026-02-24 14:33:00+00:00,143.72999572753906,144.10000610351562,143.5449981689453,143.6020050048828,27832.0
2026-02-24 14:34:00+00:00,143.77000427246094,143.8300018310547,143.30999755859375,143.38499450683594,20329.0
2026-02-24 14:35:00+00:00,143.3800048828125,143.42999267578125,142.80999755859375,142.9420928955078,16881.0
2026-02-24 14:36:00+00:00,142.97500610351562,143.89999389648438,142.97500610351562,143.77999877929688,26546.0
2026-02-24 14:37:00+00:00,143.6999969482422,144.2899932861328,143.6999969482422,144.18499755859375,19633.0
2026-02-24 14:38:00+00:00,144.17999267578125,144.64999389648438,144.02000427246094,144.47999572753906,55162.0
2026-02-24 14:39:00+00:00,144.47500610351562,144.47500610351562,144.19000244140625,144.24000549316406,37732.0
2026-02-24 14:40:00+00:00,144.32000732421875,144.72000122070312,144.3000030517578,144.5500030517578,253104.0
2026-02-24 14:41:00+00:00,144.5800018310547,145.19500732421875,144.5800018310547,145.00999450683594,0.0
2026-02-24 14:42:00+00:00,145.00999450683594,145.4600067138672,144.86000061035156,145.4600067138672,35236.0
2026-02-24 14:43:00+00:00,145.47000122070312,145.57000732421875,145.35000610351562,145.39500427246094,37122.0
2026-02-24 14:44:00+00:00,145.4199981689453,145.55499267578125,145.30999755859375,145.42999267578125,363789.0
2026-02-24 14:45:00+00:00,145.4499969482422,145.4499969482422,145.0800018310547,145.24000549316406,0.0
2026-02-24 14:46:00+00:00,145.24000549316406,146.10000610351562,145.24000549316406,145.97000122070312,72073.0
2026-02-24 14:47:00+00:00,145.9199981689453,145.97000122070312,145.8159942626953,145.8800048828125,23862.0
2026-02-24 14:48:00+00:00,145.89500427246094,146.27999877929688,145.8300018310547,145.97999572753906,34163.0
2026-02-24 14:49:00+00:00,146.0500030517578,146.3300018310547,146.0500030517578,146.19000244140625,47045.0
2026-02-24 14:50:00+00:00,146.1750030517578,146.3000030517578,146.0200958251953,146.1699981689453,37246.0
2026-02-24 14:51:00+00:00,146.1649932861328,146.1649932861328,145.52000427246094,145.5800018310547,23044.0
2026-02-24 14:52:00+00:00,145.52999877929688,145.5800018310547,145.27000427246094,145.33999633789062,17303.0
2026-02-24 14:53:00+00:00,145.33999633789062,145.47999572753906,145.30999755859375,145.4600067138672,19485.0
2026-02-24 14:54:00+00:00,145.4499969482422,145.52999877929688,145.37130737304688,145.4600067138672,21319.0
2026-02-24 14:55:00+00:00,145.44000244140625,145.5399932861328,145.3300018310547,145.43499755859375,19895.0
2026-02-24 14:56:00+00:00,145.43499755859375,145.7899932861328,145.27040100097656,145.68499755859375,26925.0
2026-02-24 14:57:00+00:00,145.65379333496094,146.02000427246094,145.59060668945312,145.75999450683594,496654.0
2026-02-24 14:58:00+00:00,145.72999572753906,145.85000610351562,145.59500122070312,145.60499572753906,0.0
2026-02-24 14:59:00+00:00,145.50999450683594,145.8800048828125,145.42999267578125,145.83999633789062,509388.0
2026-02-24 15:00:00+00:00,145.75,145.89390563964844,145.3179931640625,145.38999938964844,12155.0
2026-02-24 15:01:00+00:00,145.38499450683594,145.38499450683594,145.1649932861328,145.3300018310547,24448.0
2026-02-24 15:02:00+00:00,145.39999389648438,145.49000549316406,145.14500427246094,145.36000061035156,0.0
2026-02-24 15:03:00+00:00,145.4199981689453,145.4199981689453,145.0,145.0449981689453,19100.0
2026-02-24 15:04:00+00:00,145.02999877929688,145.0500030517578,144.9199981689453,144.99000549316406,7554.0
2026-02-24 15:05:00+00:00,144.98500061035156,145.125,144.91000366210938,145.0800018310547,19312.0
2026-02-24 15:06:00+00:00,145.0399932861328,145.25,145.0399932861328,145.1199951171875,14153.0
2026-02-24 15:07:00+00:00,145.10000610351562,145.16000366210938,144.7100067138672,144.8300018310547,542827.0
2026-02-24 15:08:00+00:00,144.86000061035156,144.91000366210938,144.72999572753906,144.75999450683594,20717.0
2026-02-24 15:09:00+00:00,144.77000427246094,145.05889892578125,144.74000549316406,145.02999877929688,0.0
2026-02-24 15:10:00+00:00,145.0050048828125,145.30999755859375,145.0050048828125,145.13999938964844,18644.0
2026-02-24 15:11:00+00:00,145.24899291992188,145.47549438476562,145.21310424804688,145.33999633789062,20028.0
2026-02-24 15:12:00+00:00,145.33999633789062,145.33999633789062,144.89999389648438,144.94500732421875,10763.0
2026-02-24 15:13:00+00:00,144.97000122070312,145.07000732421875,144.75999450683594,144.78500366210938,18127.0
2026-02-24 15:14:00+00:00,144.7899932861328,144.89999389648438,144.75999450683594,144.8800048828125,5754.0
2026-02-24 15:15:00+00:00,144.8800048828125,145.1300048828125,144.8699951171875,145.11000061035156,15969.0
2026-02-24 15:16:00+00:00,145.0749969482422,145.13999938964844,144.94000244140625,144.94000244140625,584798.0
2026-02-24 15:17:00+00:00,144.92550659179688,144.97999572753906,144.83999633789062,144.94000244140625,0.0
2026-02-24 15:18:00+00:00,144.97369384765625,145.0749969482422,144.89999389648438,145.0749969482422,591781.0
2026-02-24 15:19:00+00:00,145.08999633789062,145.13999938964844,145.02999877929688,145.11529541015625,0.0
2026-02-24 15:20:00+00:00,145.13999938964844,145.3000030517578,145.0601043701172,145.26950073242188,9103.0
2026-02-24 15:21:00+00:00,145.25999450683594,145.36000061035156,145.2550048828125,145.27499389648438,10424.0
2026-02-24 15:22:00+00:00,145.27499389648438,145.32000732421875,145.00999450683594,145.11000061035156,14696.0
2026-02-24 15:23:00+00:00,145.05999755859375,145.1999969482422,144.9499969482422,145.11000061035156,15218.0
2026-02-24 15:24:00+00:00,145.10000610351562,145.10000610351562,144.9600067138672,145.0,9352.0
2026-02-24 15:25:00+00:00,144.9600067138672,145.05999755859375,144.94000244140625,144.9600067138672,16409.0
2026-02-24 15:26:00+00:00,144.97000122070312,145.0850067138672,144.8800048828125,145.03500366210938,9939.0
2026-02-24 15:27:00+00:00,145.0399932861328,145.2100067138672,145.0399932861328,145.16000366210938,13903.0
2026-02-24 15:28:00+00:00,145.18499755859375,145.2449951171875,145.05499267578125,145.22999572753906,7109.0
2026-02-24 15:29:00+00:00,145.25999450683594,145.3300018310547,145.1699981689453,145.25,12009.0
2026-02-24 15:30:00+00:00,145.1999969482422,145.36000061035156,145.14999389648438,145.3300018310547,11696.0
2026-02-24 15:31:00+00:00,145.3699951171875,145.4398956298828,145.27999877929688,145.30499267578125,10772.0
2026-02-24 15:32:00+00:00,145.33999633789062,145.44000244140625,145.32000732421875,145.32000732421875,10205.0
2026-02-24 15:33:00+00:00,145.30499267578125,145.3300018310547,145.13999938964844,145.13999938964844,6807.0
2026-02-24 15:34:00+00:00,145.1199951171875,145.1999969482422,145.1199951171875,145.17999267578125,11857.0
2026-02-24 15:35:00+00:00,145.1649932861328,145.22000122070312,145.02000427246094,145.02000427246094,697604.0
2026-02-24 15:36:00+00:00,145.02000427246094,145.05999755859375,144.97000122070312,145.05999755859375,0.0
2026-02-24 15:37:00+00:00,145.0,145.11000061035156,145.0,145.10000610351562,5313.0
2026-02-24 15:38:00+00:00,145.0500030517578,145.0500030517578,144.8699951171875,144.90499877929688,684247.0
2026-02-24 15:39:00+00:00,144.90499877929688,144.98500061035156,144.86000061035156,144.89999389648438,0.0
2026-02-24 15:40:00+00:00,144.9199981689453,144.94000244140625,144.75999450683594,144.85000610351562,695745.0
2026-02-24 15:41:00+00:00,144.8159942626953,144.92999267578125,144.77999877929688,144.9062042236328,0.0
2026-02-24 15:42:00+00:00,144.9199981689453,145.0749969482422,144.90499877929688,145.0749969482422,698996.0
2026-02-24 15:43:00+00:00,145.0749969482422,145.0749969482422,144.99000549316406,145.0399932861328,10194.0
2026-02-24 15:44:00+00:00,145.02999877929688,145.1199951171875,145.02999877929688,145.0800018310547,0.0
2026-02-24 15:45:00+00:00,145.1300048828125,145.1300048828125,145.0399932861328,145.05499267578125,7410.0
2026-02-24 15:46:00+00:00,145.0800018310547,145.16000366210938,145.0500030517578,145.08999633789062,707366.0
2026-02-24 15:47:00+00:00,145.08999633789062,145.1300048828125,145.05999755859375,145.09500122070312,0.0
2026-02-24 15:48:00+00:00,145.05999755859375,145.0800018310547,145.0200958251953,145.0800018310547,5912.0
2026-02-24 15:49:00+00:00,145.02000427246094,145.19000244140625,145.00999450683594,145.1699981689453,8100.0
2026-02-24 15:50:00+00:00,145.13999938964844,145.1699981689453,145.07000732421875,145.1199951171875,10982.0
2026-02-24 15:51:00+00:00,145.11500549316406,145.1815948486328,145.07000732421875,145.1815948486328,6596.0
2026-02-24 15:52:00+00:00,145.17999267578125,145.27999877929688,145.0800018310547,145.1199951171875,7824.0
2026-02-24 15:53:00+00:00,145.1699981689453,145.17999267578125,145.09500122070312,145.10000610351562,6539.0
2026-02-24 15:54:00+00:00,145.08999633789062,145.08999633789062,144.77999877929688,144.82200622558594,16071.0
2026-02-24 15:55:00+00:00,144.83999633789062,144.9499969482422,144.8249969482422,144.8874969482422,744881.0
2026-02-24 15:56:00+00:00,144.9199981689453,145.0050048828125,144.86000061035156,144.94000244140625,0.0
2026-02-24 15:57:00+00:00,144.9250030517578,145.05999755859375,144.89999389648438,145.05999755859375,4289.0
2026-02-24 15:58:00+00:00,145.02499389648438,145.125,145.0,145.0800018310547,10698.0
2026-02-24 15:59:00+00:00,145.10499572753906,145.1199951171875,145.0399932861328,145.06500244140625,767306.0
2026-02-24 16:00:00+00:00,145.05999755859375,145.05999755859375,144.88999938964844,144.89500427246094,0.0
2026-02-24 16:01:00+00:00,144.9199981689453,145.03500366210938,144.9199981689453,145.02000427246094,9402.0
2026-02-24 16:02:00+00:00,145.05999755859375,145.14999389648438,145.00999450683594,145.00999450683594,8495.0
2026-02-24 16:03:00+00:00,145.0,145.06500244140625,144.96009826660156,144.99000549316406,8697.0
2026-02-24 16:04:00+00:00,144.9949951171875,145.0399932861328,144.9149932861328,144.9149932861328,6702.0
2026-02-24 16:05:00+00:00,144.94500732421875,145.11000061035156,144.94500732421875,145.0749969482422,7478.0
2026-02-24 16:06:00+00:00,145.0749969482422,145.16000366210938,145.07000732421875,145.14999389648438,793018.0
2026-02-24 16:07:00+00:00,145.1446990966797,145.27000427246094,145.11000061035156,145.11000061035156,0.0
2026-02-24 16:08:00+00:00,145.11000061035156,145.13999938964844,145.0800018310547,145.0850067138672,7542.0
2026-02-24 16:09:00+00:00,145.0749969482422,145.10989379882812,144.6699981689453,144.7747039794922,37221.0
2026-02-24 16:10:00+00:00,144.83999633789062,144.83999633789062,144.62010192871094,144.75,8527.0
2026-02-24 16:11:00+00:00,144.73500061035156,144.97000122070312,144.68800354003906,144.91000366210938,9035.0
2026-02-24 16:12:00+00:00,145.0,145.02960205078125,144.9199981689453,144.9199981689453,821048.0
2026-02-24 16:13:00+00:00,144.92999267578125,145.0449981689453,144.92999267578125,145.02999877929688,0.0
2026-02-24 16:14:00+00:00,145.02999877929688,145.0800018310547,144.9600067138672,144.9600067138672,9556.0
2026-02-24 16:15:00+00:00,144.9499969482422,145.0500030517578,144.9499969482422,145.02000427246094,5606.0
2026-02-24 16:16:00+00:00,145.01499938964844,145.22000122070312,145.01499938964844,145.1999969482422,10733.0
2026-02-24 16:17:00+00:00,145.2100067138672,145.22000122070312,145.13999938964844,145.1999969482422,6183.0
2026-02-24 16:18:00+00:00,145.1999969482422,145.3350067138672,145.1999969482422,145.3300018310547,839171.0
2026-02-24 16:19:00+00:00,145.36000061035156,145.3800048828125,145.27999877929688,145.35499572753906,0.0
2026-02-24 16:20:00+00:00,145.32000732421875,145.35000610351562,145.14999389648438,145.2050018310547,9448.0
2026-02-24 16:21:00+00:00,145.14999389648438,145.24000549316406,145.14999389648438,145.1699981689453,845243.0
2026-02-24 16:22:00+00:00,145.1699981689453,145.1999969482422,145.0500030517578,145.0749969482422,10752.0
2026-02-24 16:23:00+00:00,145.0749969482422,145.13999938964844,145.02999877929688,145.13999938964844,0.0
2026-02-24 16:24:00+00:00,145.11500549316406,145.2050018310547,145.0800018310547,145.125,30823.0
2026-02-24 16:25:00+00:00,145.0800018310547,145.1699981689453,144.9499969482422,145.13999938964844,882746.0
2026-02-24 16:26:00+00:00,145.10000610351562,145.1199951171875,144.8800048828125,144.92999267578125,0.0
2026-02-24 16:27:00+00:00,144.89999389648438,144.9199981689453,144.6999969482422,144.72999572753906,7856.0
2026-02-24 16:28:00+00:00,144.7100067138672,144.7100067138672,144.4600067138672,144.5261993408203,11920.0
2026-02-24 16:29:00+00:00,144.52000427246094,144.6024932861328,144.36000061035156,144.6024932861328,930539.0
2026-02-24 16:30:00+00:00,144.5800018310547,144.58999633789062,144.2200927734375,144.27499389648438,13956.0
2026-02-24 16:31:00+00:00,144.22999572753906,144.2899932861328,144.10000610351562,144.25,0.0
2026-02-24 16:32:00+00:00,144.24130249023438,144.24130249023438,144.00039672851562,144.00039672851562,8419.0
2026-02-24 16:33:00+00:00,144.0500030517578,144.16000366210938,144.02000427246094,144.05169677734375,9942.0
2026-02-24 16:34:00+00:00,144.0850067138672,144.1300048828125,144.0749969482422,144.1300048828125,3389.0
2026-02-24 16:35:00+00:00,144.13999938964844,144.4499969482422,144.091796875,144.35000610351562,6280.0
2026-02-24 16:36:00+00:00,144.25,144.34500122070312,144.22000122070312,144.2899932861328,917569.0
2026-02-24 16:37:00+00:00,144.27999877929688,144.31500244140625,144.22000122070312,144.2449951171875,0.0
2026-02-24 16:38:00+00:00,144.3000030517578,144.47999572753906,144.3000030517578,144.42999267578125,3433.0
2026-02-24 16:39:00+00:00,144.49000549316406,144.5800018310547,144.4550018310547,144.5800018310547,6581.0
2026-02-24 16:40:00+00:00,144.5749969482422,144.72000122070312,144.5500030517578,144.72000122070312,11433.0
2026-02-24 16:41:00+00:00,144.7100067138672,144.7100067138672,144.55999755859375,144.7100067138672,930796.0
2026-02-24 16:42:00+00:00,144.65499877929688,144.66830444335938,144.52999877929688,144.5500030517578,0.0
2026-02-24 16:43:00+00:00,144.56500244140625,144.61000061035156,144.52999877929688,144.61000061035156,6750.0
2026-02-24 16:44:00+00:00,144.52000427246094,144.6199951171875,144.4600067138672,144.47999572753906,6949.0
2026-02-24 16:45:00+00:00,144.49000549316406,144.53500366210938,144.41000366210938,144.47000122070312,942254.0
2026-02-24 16:46:00+00:00,144.44000244140625,144.44500732421875,144.33999633789062,144.36500549316406,0.0
2026-02-24 16:47:00+00:00,144.39999389648438,144.47999572753906,144.3300018310547,144.36000061035156,21255.0
2026-02-24 16:48:00+00:00,144.32000732421875,144.5050048828125,144.3000946044922,144.5050048828125,13791.0
2026-02-24 16:49:00+00:00,144.51010131835938,144.51010131835938,144.30999755859375,144.31500244140625,4966.0
2026-02-24 16:50:00+00:00,144.33999633789062,144.38999938964844,144.25010681152344,144.30999755859375,954878.0
2026-02-24 16:51:00+00:00,144.41000366210938,144.41000366210938,144.41000366210938,144.41000366210938,0.0
2026-02-24 16:52:00+00:00,144.39500427246094,144.41000366210938,144.32000732421875,144.41000366210938,956899.0
2026-02-24 16:53:00+00:00,144.44500732421875,144.50990295410156,144.44500732421875,144.45509338378906,4279.0
2026-02-24 16:54:00+00:00,144.4550018310547,144.50999450683594,144.42999267578125,144.42999267578125,0.0
2026-02-24 16:55:00+00:00,144.47999572753906,144.55999755859375,144.42999267578125,144.42999267578125,8194.0
2026-02-24 16:56:00+00:00,144.4199981689453,144.4250030517578,144.3975067138672,144.4149932861328,962030.0
2026-02-24 16:57:00+00:00,144.42999267578125,144.47999572753906,144.3350067138672,144.36000061035156,0.0
2026-02-24 16:58:00+00:00,144.36500549316406,144.36500549316406,144.30999755859375,144.31500244140625,3987.0
2026-02-24 16:59:00+00:00,144.31500244140625,144.3800048828125,144.27999877929688,144.33999633789062,11902.0
2026-02-24 17:00:00+00:00,144.33999633789062,144.44000244140625,144.33999633789062,144.375,10622.0
2026-02-24 17:01:00+00:00,144.375,144.4600067138672,144.375,144.39999389648438,5072.0
2026-02-24 17:02:00+00:00,144.39999389648438,144.52000427246094,144.3699951171875,144.49000549316406,10080.0
2026-02-24 17:03:00+00:00,144.49000549316406,144.49000549316406,144.4600067138672,144.4600067138672,1900.0
2026-02-24 17:04:00+00:00,144.47999572753906,144.52000427246094,144.42999267578125,144.47500610351562,6544.0
2026-02-24 17:05:00+00:00,144.49229431152344,144.52999877929688,144.49229431152344,144.5,4674.0
2026-02-24 17:06:00+00:00,144.4949951171875,144.5198974609375,144.4199981689453,144.5198974609375,7570.0
2026-02-24 17:07:00+00:00,144.4550018310547,144.47000122070312,144.36000061035156,144.36000061035156,7392.0
2026-02-24 17:08:00+00:00,144.38499450683594,144.48500061035156,144.38499450683594,144.48500061035156,5287.0
2026-02-24 17:09:00+00:00,144.5050048828125,144.58999633789062,144.44500732421875,144.58999633789062,7185.0
2026-02-24 17:10:00+00:00,144.60000610351562,144.69000244140625,144.5800018310547,144.6649932861328,4366.0
2026-02-24 17:11:00+00:00,144.6300048828125,144.64999389648438,144.58999633789062,144.64999389648438,5628.0
2026-02-24 17:12:00+00:00,144.65499877929688,144.6750030517578,144.5800018310547,144.6199951171875,8803.0
2026-02-24 17:13:00+00:00,144.64999389648438,144.6699981689453,144.63999938964844,144.64500427246094,4184.0
2026-02-24 17:14:00+00:00,144.6199951171875,144.65499877929688,144.58999633789062,144.6199951171875,10043.0
2026-02-24 17:15:00+00:00,144.5800018310547,144.61000061035156,144.55999755859375,144.60000610351562,7518.0
2026-02-24 17:16:00+00:00,144.5800018310547,144.60499572753906,144.5500030517578,144.59500122070312,3562.0
2026-02-24 17:17:00+00:00,144.55999755859375,144.69000244140625,144.52999877929688,144.6300048828125,1034691.0
2026-02-24 17:18:00+00:00,144.66000366210938,144.75999450683594,144.64500427246094,144.74000549316406,0.0
2026-02-24 17:19:00+00:00,144.74000549316406,144.74000549316406,144.65499877929688,144.65499877929688,6943.0
2026-02-24 17:20:00+00:00,144.66000366210938,144.6699981689453,144.5800018310547,144.65499877929688,4514.0
2026-02-24 17:21:00+00:00,144.64999389648438,144.67999267578125,144.61000061035156,144.6699981689453,61082.0
2026-02-24 17:22:00+00:00,144.6575927734375,144.70989990234375,144.57000732421875,144.5800018310547,6125.0
2026-02-24 17:23:00+00:00,144.60000610351562,144.60000610351562,144.52999877929688,144.56300354003906,4258.0
2026-02-24 17:24:00+00:00,144.52999877929688,144.57000732421875,144.50999450683594,144.55999755859375,7973.0
2026-02-24 17:25:00+00:00,144.5800018310547,144.64999389648438,144.5800018310547,144.6125030517578,4678.0
2026-02-24 17:26:00+00:00,144.61500549316406,144.66000366210938,144.58999633789062,144.6300048828125,8841.0
2026-02-24 17:27:00+00:00,144.59010314941406,144.72999572753906,144.59010314941406,144.67999267578125,5163.0
2026-02-24 17:28:00+00:00,144.63999938964844,144.64649963378906,144.60000610351562,144.60000610351562,3838.0
2026-02-24 17:29:00+00:00,144.6199951171875,144.6300048828125,144.48500061035156,144.50010681152344,9908.0
2026-02-24 17:30:00+00:00,144.5,144.50999450683594,144.47999572753906,144.5,1055415.0
2026-02-24 17:31:00+00:00,144.4949951171875,144.4949951171875,144.42999267578125,144.4499969482422,0.0
2026-02-24 17:32:00+00:00,144.42999267578125,144.4499969482422,144.38999938964844,144.39999389648438,3992.0
2026-02-24 17:33:00+00:00,144.38999938964844,144.4250030517578,144.38999938964844,144.39500427246094,4233.0
2026-02-24 17:34:00+00:00,144.41000366210938,144.41000366210938,144.30999755859375,144.30999755859375,5519.0
2026-02-24 17:35:00+00:00,144.27999877929688,144.32650756835938,144.27999877929688,144.27999877929688,4426.0
2026-02-24 17:36:00+00:00,144.25999450683594,144.3300018310547,144.25,144.32000732421875,7463.0
2026-02-24 17:37:00+00:00,144.3300018310547,144.3350067138672,144.2949981689453,144.3000030517578,3705.0
2026-02-24 17:38:00+00:00,144.31500244140625,144.39999389648438,144.31500244140625,144.39500427246094,3036.0
2026-02-24 17:39:00+00:00,144.3699951171875,144.38609313964844,144.36000061035156,144.375,2935.0
2026-02-24 17:40:00+00:00,144.43499755859375,144.43499755859375,144.3800048828125,144.4199981689453,4930.0
2026-02-24 17:41:00+00:00,144.4199981689453,144.4499969482422,144.4199981689453,144.4499969482422,3709.0
2026-02-24 17:42:00+00:00,144.43739318847656,144.51499938964844,144.4199981689453,144.4199981689453,16962.0
2026-02-24 17:43:00+00:00,144.39999389648438,144.39999389648438,144.26499938964844,144.2949981689453,7522.0
2026-02-24 17:44:00+00:00,144.27499389648438,144.2899932861328,144.1999969482422,144.2198944091797,3892.0
2026-02-24 17:45:00+00:00,144.17999267578125,144.2899932861328,144.1199951171875,144.1999969482422,16164.0
2026-02-24 17:46:00+00:00,144.22000122070312,144.27000427246094,144.19000244140625,144.19500732421875,4802.0
2026-02-24 17:47:00+00:00,144.2100067138672,144.24000549316406,144.16000366210938,144.24000549316406,1093967.0
2026-02-24 17:48:00+00:00,144.22999572753906,144.33990478515625,144.22999572753906,144.33990478515625,7124.0
2026-02-24 17:49:00+00:00,144.2899932861328,144.35499572753906,144.2899932861328,144.33999633789062,0.0
2026-02-24 17:50:00+00:00,144.33999633789062,144.4199981689453,144.30999755859375,144.41000366210938,1100485.0
2026-02-24 17:51:00+00:00,144.4199981689453,144.4199981689453,144.32000732421875,144.33999633789062,0.0
2026-02-24 17:52:00+00:00,144.32000732421875,144.32000732421875,144.25010681152344,144.26499938964844,3576.0
2026-02-24 17:53:00+00:00,144.27999877929688,144.31500244140625,144.26499938964844,144.31500244140625,4155.0
2026-02-24 17:54:00+00:00,144.31500244140625,144.31500244140625,144.24000549316406,144.27499389648438,5519.0
2026-02-24 17:55:00+00:00,144.3000030517578,144.39999389648438,144.2899932861328,144.38999938964844,4224.0
2026-02-24 17:56:00+00:00,144.38999938964844,144.41990661621094,144.35499572753906,144.3800048828125,4744.0
2026-02-24 17:57:00+00:00,144.3699951171875,144.42999267578125,144.3699951171875,144.4199981689453,4744.0
2026-02-24 17:58:00+00:00,144.3800048828125,144.42999267578125,144.3800048828125,144.42999267578125,2326.0
2026-02-24 17:59:00+00:00,144.38999938964844,144.4499969482422,144.38999938964844,144.4199981689453,6558.0
2026-02-24 18:00:00+00:00,144.4149932861328,144.4600067138672,144.35000610351562,144.36500549316406,10764.0
2026-02-24 18:01:00+00:00,144.36500549316406,144.39999389648438,144.33999633789062,144.39999389648438,12024.0
2026-02-24 18:02:00+00:00,144.4199981689453,144.71499633789062,144.4199981689453,144.6999969482422,8501.0
2026-02-24 18:03:00+00:00,144.75,144.80569458007812,144.6999969482422,144.6999969482422,6703.0
2026-02-24 18:04:00+00:00,144.75,144.77000427246094,144.73500061035156,144.74630737304688,3234.0
2026-02-24 18:05:00+00:00,144.7449951171875,144.7899932861328,144.72999572753906,144.7550048828125,8244.0
2026-02-24 18:06:00+00:00,144.77999877929688,144.7899932861328,144.72000122070312,144.72000122070312,6909.0
2026-02-24 18:07:00+00:00,144.72000122070312,144.77999877929688,144.7100067138672,144.7449951171875,4063.0
2026-02-24 18:08:00+00:00,144.76400756835938,144.76400756835938,144.6649932861328,144.70140075683594,8274.0
2026-02-24 18:09:00+00:00,144.6999969482422,144.72000122070312,144.6699981689453,144.6999969482422,4976.0
2026-02-24 18:10:00+00:00,144.6999969482422,144.6999969482422,144.63499450683594,144.63999938964844,3965.0
2026-02-24 18:11:00+00:00,144.64500427246094,144.69000244140625,144.64500427246094,144.68499755859375,3488.0
2026-02-24 18:12:00+00:00,144.67999267578125,144.72000122070312,144.66000366210938,144.7100067138672,6123.0
2026-02-24 18:13:00+00:00,144.74000549316406,144.74000549316406,144.72000122070312,144.72000122070312,2268.0
2026-02-24 18:14:00+00:00,144.74000549316406,144.79010009765625,144.72999572753906,144.78179931640625,9399.0
2026-02-24 18:15:00+00:00,144.7899932861328,144.94500732421875,144.7899932861328,144.94500732421875,4274.0
2026-02-24 18:16:00+00:00,144.92999267578125,144.9600067138672,144.7899932861328,144.80999755859375,13858.0
2026-02-24 18:17:00+00:00,144.83990478515625,144.83990478515625,144.75999450683594,144.77999877929688,2896.0
2026-02-24 18:18:00+00:00,144.75,144.81500244140625,144.73399353027344,144.81500244140625,7011.0
2026-02-24 18:19:00+00:00,144.8000030517578,144.8300018310547,144.7899932861328,144.7978973388672,7887.0
2026-02-24 18:20:00+00:00,144.80999755859375,144.80999755859375,144.74000549316406,144.8000030517578,6738.0
2026-02-24 18:21:00+00:00,144.7700958251953,144.8800048828125,144.7700958251953,144.83999633789062,8380.0
2026-02-24 18:22:00+00:00,144.85009765625,144.85009765625,144.74000549316406,144.77000427246094,7257.0
2026-02-24 18:23:00+00:00,144.77000427246094,144.7899932861328,144.72000122070312,144.72500610351562,7431.0
2026-02-24 18:24:00+00:00,144.72500610351562,144.77999877929688,144.6999969482422,144.74000549316406,5881.0
2026-02-24 18:25:00+00:00,144.72999572753906,144.8000030517578,144.72999572753906,144.8000030517578,2140.0
2026-02-24 18:26:00+00:00,144.7899932861328,144.8000030517578,144.75010681152344,144.8000030517578,5528.0
2026-02-24 18:27:00+00:00,144.82000732421875,144.89999389648438,144.8199005126953,144.86500549316406,3422.0
2026-02-24 18:28:00+00:00,144.8699951171875,144.8699951171875,144.8000030517578,144.82000732421875,6764.0
2026-02-24 18:29:00+00:00,144.8350067138672,144.8350067138672,144.7899932861328,144.8249969482422,5487.0
2026-02-24 18:30:00+00:00,144.83999633789062,144.85000610351562,144.78500366210938,144.7949981689453,6624.0
2026-02-24 18:31:00+00:00,144.82000732421875,144.94000244140625,144.82000732421875,144.92999267578125,1207502.0
2026-02-24 18:32:00+00:00,144.92999267578125,144.97999572753906,144.91000366210938,144.97000122070312,0.0
2026-02-24 18:33:00+00:00,144.97000122070312,144.97000122070312,144.92999267578125,144.9499969482422,6772.0
2026-02-24 18:34:00+00:00,144.97999572753906,145.0,144.8699951171875,144.8800048828125,20223.0
2026-02-24 18:35:00+00:00,144.8800048828125,144.97999572753906,144.83999633789062,144.97999572753906,4995.0
2026-02-24 18:36:00+00:00,144.9375,145.11000061035156,144.9375,145.08999633789062,19085.0
2026-02-24 18:37:00+00:00,145.08999633789062,145.25,145.0749969482422,145.22999572753906,19753.0
2026-02-24 18:38:00+00:00,145.22999572753906,145.41180419921875,145.22999572753906,145.39500427246094,13614.0
2026-02-24 18:39:00+00:00,145.38999938964844,145.4600067138672,145.3800048828125,145.41000366210938,7718.0
2026-02-24 18:40:00+00:00,145.41000366210938,145.47999572753906,145.36000061035156,145.42999267578125,12318.0
2026-02-24 18:41:00+00:00,145.42999267578125,145.44000244140625,145.3800048828125,145.44000244140625,3884.0
2026-02-24 18:42:00+00:00,145.39939880371094,145.4600067138672,145.36500549316406,145.41000366210938,16814.0
2026-02-24 18:43:00+00:00,145.41000366210938,145.6300048828125,145.41000366210938,145.59500122070312,15305.0
2026-02-24 18:44:00+00:00,145.59500122070312,145.61000061035156,145.52000427246094,145.61000061035156,11780.0
2026-02-24 18:45:00+00:00,145.60499572753906,145.69000244140625,145.58999633789062,145.58999633789062,12340.0
2026-02-24 18:46:00+00:00,145.57000732421875,145.6269989013672,145.56500244140625,145.60000610351562,2923.0
2026-02-24 18:47:00+00:00,145.60000610351562,145.6300048828125,145.5800018310547,145.61000061035156,5842.0
2026-02-24 18:48:00+00:00,145.60000610351562,145.66000366210938,145.5800018310547,145.64999389648438,8011.0
2026-02-24 18:49:00+00:00,145.63999938964844,145.68499755859375,145.63999938964844,145.6699981689453,8822.0
2026-02-24 18:50:00+00:00,145.6750030517578,145.7449951171875,145.61500549316406,145.7100067138672,10550.0
2026-02-24 18:51:00+00:00,145.74000549316406,145.86000061035156,145.74000549316406,145.86000061035156,14844.0
2026-02-24 18:52:00+00:00,145.8350067138672,145.97000122070312,145.8350067138672,145.97000122070312,6442.0
2026-02-24 18:53:00+00:00,145.97500610351562,145.97500610351562,145.83700561523438,145.88499450683594,8859.0
2026-02-24 18:54:00+00:00,145.88999938964844,145.99000549316406,145.87460327148438,145.9499969482422,7361.0
2026-02-24 18:55:00+00:00,145.94000244140625,146.05499267578125,145.9199981689453,146.05499267578125,10884.0
2026-02-24 18:56:00+00:00,146.05499267578125,146.14999389648438,146.05499267578125,146.11500549316406,15317.0
2026-02-24 18:57:00+00:00,146.08999633789062,146.08999633789062,145.9700927734375,145.9700927734375,17557.0
2026-02-24 18:58:00+00:00,146.0050048828125,146.0050048828125,145.9250030517578,145.92999267578125,10848.0
2026-02-24 18:59:00+00:00,145.89999389648438,145.89999389648438,145.6699981689453,145.67999267578125,11022.0
2026-02-24 19:00:00+00:00,145.69500732421875,145.7100067138672,145.58999633789062,145.58999633789062,7413.0
2026-02-24 19:01:00+00:00,145.60499572753906,145.63499450683594,145.4250030517578,145.4250030517578,8329.0
2026-02-24 19:02:00+00:00,145.39999389648438,145.47000122070312,145.3800048828125,145.41940307617188,6905.0
2026-02-24 19:03:00+00:00,145.40499877929688,145.44000244140625,145.36000061035156,145.39999389648438,5189.0
2026-02-24 19:04:00+00:00,145.44949340820312,145.44949340820312,145.3300018310547,145.41000366210938,1372735.0
2026-02-24 19:05:00+00:00,145.39999389648438,145.47500610351562,145.360107421875,145.43499755859375,0.0
2026-02-24 19:06:00+00:00,145.4199981689453,145.44000244140625,145.38999938964844,145.38999938964844,6823.0
2026-02-24 19:07:00+00:00,145.38999938964844,145.40499877929688,145.3300018310547,145.39500427246094,11195.0
2026-02-24 19:08:00+00:00,145.38999938964844,145.47999572753906,145.38999938964844,145.4600067138672,10311.0
2026-02-24 19:09:00+00:00,145.50990295410156,145.57000732421875,145.44500732421875,145.47999572753906,8965.0
2026-02-24 19:10:00+00:00,145.47999572753906,145.49000549316406,145.41000366210938,145.41000366210938,8307.0
2026-02-24 19:11:00+00:00,145.40499877929688,145.4199981689453,145.375,145.3800048828125,4710.0
2026-02-24 19:12:00+00:00,145.38999938964844,145.42990112304688,145.36000061035156,145.375,3057.0
2026-02-24 19:13:00+00:00,145.375,145.42999267578125,145.375,145.39500427246094,8189.0
2026-02-24 19:14:00+00:00,145.38999938964844,145.39999389648438,145.2550048828125,145.2550048828125,16961.0
2026-02-24 19:15:00+00:00,145.2550048828125,145.36000061035156,145.2550048828125,145.30999755859375,11785.0
2026-02-24 19:16:00+00:00,145.30999755859375,145.30999755859375,145.14999389648438,145.2050018310547,14574.0
2026-02-24 19:17:00+00:00,145.2100067138672,145.22999572753906,145.16000366210938,145.20010375976562,7541.0
2026-02-24 19:18:00+00:00,145.2550048828125,145.2550048828125,145.2100067138672,145.22000122070312,4123.0
2026-02-24 19:19:00+00:00,145.2100067138672,145.2100067138672,145.08999633789062,145.10499572753906,6786.0
2026-02-24 19:20:00+00:00,145.10499572753906,145.1300048828125,145.05999755859375,145.10000610351562,7046.0
2026-02-24 19:21:00+00:00,145.10000610351562,145.1199951171875,145.07000732421875,145.1199951171875,5686.0
2026-02-24 19:22:00+00:00,145.16000366210938,145.1699981689453,145.1199951171875,145.13999938964844,4035.0
2026-02-24 19:23:00+00:00,145.1649932861328,145.19000244140625,145.1300048828125,145.17999267578125,12678.0
2026-02-24 19:24:00+00:00,145.17999267578125,145.18499755859375,145.1300048828125,145.17999267578125,6405.0
2026-02-24 19:25:00+00:00,145.14999389648438,145.19000244140625,145.13999938964844,145.19000244140625,5753.0
2026-02-24 19:26:00+00:00,145.19000244140625,145.22500610351562,145.19000244140625,145.1999969482422,3891.0
2026-02-24 19:27:00+00:00,145.2050018310547,145.23500061035156,145.1699981689453,145.21499633789062,10104.0
2026-02-24 19:28:00+00:00,145.22000122070312,145.25,145.1300048828125,145.1300048828125,8265.0
2026-02-24 19:29:00+00:00,145.1300048828125,145.1300048828125,145.0399932861328,145.08999633789062,13134.0
2026-02-24 19:30:00+00:00,145.0800018310547,145.0800018310547,145.0,145.0,7723.0
2026-02-24 19:31:00+00:00,145.0399932861328,145.05999755859375,144.99000549316406,145.0399932861328,7228.0
2026-02-24 19:32:00+00:00,145.03500366210938,145.10499572753906,145.02999877929688,145.10000610351562,6824.0
2026-02-24 19:33:00+00:00,145.07000732421875,145.1199951171875,145.00999450683594,145.0749969482422,10426.0
2026-02-24 19:34:00+00:00,145.0800018310547,145.11500549316406,145.0399932861328,145.0500030517578,10322.0
2026-02-24 19:35:00+00:00,145.02499389648438,145.0299072265625,144.97999572753906,145.0,6075.0
2026-02-24 19:36:00+00:00,144.97000122070312,145.05999755859375,144.91000366210938,144.97000122070312,26451.0
2026-02-24 19:37:00+00:00,144.97000122070312,144.97000122070312,144.88499450683594,144.89720153808594,5872.0
2026-02-24 19:38:00+00:00,144.89999389648438,144.9550018310547,144.88499450683594,144.9199981689453,4792.0
2026-02-24 19:39:00+00:00,144.94000244140625,144.9499969482422,144.91000366210938,144.9199981689453,3462.0
2026-02-24 19:40:00+00:00,144.9199981689453,144.9199981689453,144.85499572753906,144.8699951171875,3337.0
2026-02-24 19:41:00+00:00,144.83999633789062,144.8699951171875,144.82000732421875,144.83999633789062,5402.0
2026-02-24 19:42:00+00:00,144.8699951171875,144.9199981689453,144.86000061035156,144.86000061035156,4542.0
2026-02-24 19:43:00+00:00,144.85000610351562,144.86000061035156,144.8000030517578,144.8300018310547,7574.0
2026-02-24 19:44:00+00:00,144.82000732421875,144.875,144.7949981689453,144.7949981689453,7457.0
2026-02-24 19:45:00+00:00,144.8011016845703,144.9250030517578,144.8011016845703,144.9199981689453,9792.0
2026-02-24 19:46:00+00:00,144.9199981689453,144.99000549316406,144.9199981689453,144.99000549316406,6536.0
2026-02-24 19:47:00+00:00,144.97500610351562,145.00990295410156,144.9550018310547,145.00990295410156,8874.0
2026-02-24 19:48:00+00:00,145.00999450683594,145.14990234375,145.00999450683594,145.14500427246094,17680.0
2026-02-24 19:49:00+00:00,145.1199951171875,145.22999572753906,145.1199951171875,145.1929931640625,10799.0
2026-02-24 19:50:00+00:00,145.19000244140625,145.2899932861328,145.1699981689453,145.27000427246094,14493.0
2026-02-24 19:51:00+00:00,145.26499938964844,145.26499938964844,145.07000732421875,145.13499450683594,9504.0
2026-02-24 19:52:00+00:00,145.14999389648438,145.2100067138672,145.11000061035156,145.17999267578125,13086.0
2026-02-24 19:53:00+00:00,145.16000366210938,145.17999267578125,145.11000061035156,145.1300048828125,6127.0
2026-02-24 19:54:00+00:00,145.1300048828125,145.13999938964844,145.0500030517578,145.10800170898438,12489.0
2026-02-24 19:55:00+00:00,145.10499572753906,145.13999938964844,145.08999633789062,145.08999633789062,8062.0
2026-02-24 19:56:00+00:00,145.1300048828125,145.14999389648438,145.02000427246094,145.0399932861328,13152.0
2026-02-24 19:57:00+00:00,145.07989501953125,145.0800018310547,145.01499938964844,145.02499389648438,5685.0
2026-02-24 19:58:00+00:00,145.02499389648438,145.05999755859375,145.0225067138672,145.0399932861328,5587.0
2026-02-24 19:59:00+00:00,145.03500366210938,145.03500366210938,144.94000244140625,144.97000122070312,13377.0
2026-02-24 20:00:00+00:00,144.97000122070312,145.1750030517578,144.97000122070312,145.1750030517578,9307.0
2026-02-24 20:01:00+00:00,145.16000366210938,145.16000366210938,145.1199951171875,145.16000366210938,3543.0
2026-02-24 20:02:00+00:00,145.14999389648438,145.22999572753906,144.99000549316406,145.22000122070312,1617178.0
2026-02-24 20:03:00+00:00,145.21499633789062,145.21730041503906,145.1699981689453,145.18499755859375,0.0
2026-02-24 20:04:00+00:00,145.17999267578125,145.2100067138672,145.14999389648438,145.1999969482422,11180.0
2026-02-24 20:05:00+00:00,145.1999969482422,145.22000122070312,145.19000244140625,145.22000122070312,11977.0
2026-02-24 20:06:00+00:00,145.22000122070312,145.3000030517578,145.22000122070312,145.2949981689453,9506.0
2026-02-24 20:07:00+00:00,145.2899932861328,145.3800048828125,145.27999877929688,145.3699951171875,8255.0
2026-02-24 20:08:00+00:00,145.389892578125,145.39999389648438,145.2949981689453,145.39999389648438,11144.0
2026-02-24 20:09:00+00:00,145.4250030517578,145.44000244140625,145.375,145.42999267578125,11577.0
2026-02-24 20:10:00+00:00,145.4499969482422,145.4600067138672,145.2100067138672,145.25999450683594,30259.0
2026-02-24 20:11:00+00:00,145.25999450683594,145.38999938964844,145.25999450683594,145.33999633789062,13793.0
2026-02-24 20:12:00+00:00,145.32000732421875,145.3300018310547,145.27999877929688,145.27999877929688,9666.0
2026-02-24 20:13:00+00:00,145.3000030517578,145.35000610351562,145.27000427246094,145.27000427246094,11089.0
2026-02-24 20:14:00+00:00,145.27000427246094,145.33999633789062,145.27000427246094,145.3350067138672,10787.0
2026-02-24 20:15:00+00:00,145.35000610351562,145.38499450683594,145.22000122070312,145.22000122070312,25431.0
2026-02-24 20:16:00+00:00,145.22999572753906,145.2899932861328,145.1999969482422,145.21499633789062,7616.0
2026-02-24 20:17:00+00:00,145.21499633789062,145.2899932861328,145.21499633789062,145.2899932861328,12344.0
2026-02-24 20:18:00+00:00,145.27499389648438,145.3699951171875,145.27000427246094,145.35000610351562,9968.0
2026-02-24 20:19:00+00:00,145.35000610351562,145.44000244140625,145.30999755859375,145.44000244140625,14100.0
2026-02-24 20:20:00+00:00,145.44000244140625,145.55999755859375,145.44000244140625,145.4600067138672,17761.0
2026-02-24 20:21:00+00:00,145.4600067138672,145.50999450683594,145.4499969482422,145.50999450683594,7011.0
2026-02-24 20:22:00+00:00,145.52999877929688,145.5399932861328,145.4499969482422,145.4550018310547,6944.0
2026-02-24 20:23:00+00:00,145.4550018310547,145.47999572753906,145.4250030517578,145.4499969482422,11253.0
2026-02-24 20:24:00+00:00,145.49000549316406,145.5,145.41000366210938,145.5,7879.0
2026-02-24 20:25:00+00:00,145.5,145.57000732421875,145.4600067138672,145.57000732421875,1734513.0
2026-02-24 20:26:00+00:00,145.5749969482422,145.5749969482422,145.4499969482422,145.4499969482422,0.0
2026-02-24 20:27:00+00:00,145.44000244140625,145.4600067138672,145.39999389648438,145.4149932861328,12587.0
2026-02-24 20:28:00+00:00,145.42999267578125,145.4550018310547,145.38499450683594,145.38499450683594,13916.0
2026-02-24 20:29:00+00:00,145.38499450683594,145.42999267578125,145.32000732421875,145.32000732421875,14145.0
2026-02-24 20:30:00+00:00,145.35699462890625,145.38999938964844,145.27000427246094,145.2899932861328,12012.0
2026-02-24 20:31:00+00:00,145.27000427246094,145.35000610351562,145.27000427246094,145.34500122070312,7492.0
2026-02-24 20:32:00+00:00,145.35499572753906,145.4600067138672,145.35000610351562,145.44000244140625,8952.0
2026-02-24 20:33:00+00:00,145.4499969482422,145.5299072265625,145.42999267578125,145.4949951171875,14887.0
2026-02-24 20:34:00+00:00,145.50999450683594,145.56500244140625,145.49000549316406,145.55999755859375,15615.0
2026-02-24 20:35:00+00:00,145.5449981689453,145.55999755859375,145.4949951171875,145.5,12127.0
2026-02-24 20:36:00+00:00,145.50999450683594,145.5800018310547,145.44000244140625,145.52999877929688,27578.0
2026-02-24 20:37:00+00:00,145.52000427246094,145.58999633789062,145.51499938964844,145.5800018310547,12182.0
2026-02-24 20:38:00+00:00,145.5800018310547,145.60499572753906,145.52000427246094,145.52999877929688,19016.0
2026-02-24 20:39:00+00:00,145.53500366210938,145.53500366210938,145.2899932861328,145.2899932861328,16688.0
2026-02-24 20:40:00+00:00,145.2949981689453,145.2949981689453,145.1999969482422,145.24000549316406,18550.0
2026-02-24 20:41:00+00:00,145.27000427246094,145.36000061035156,145.2449951171875,145.33999633789062,10350.0
2026-02-24 20:42:00+00:00,145.3300018310547,145.3350067138672,145.1999969482422,145.1999969482422,14387.0
2026-02-24 20:43:00+00:00,145.1999969482422,145.22500610351562,145.13999938964844,145.19000244140625,15649.0
2026-02-24 20:44:00+00:00,145.1699981689453,145.1999969482422,145.1300048828125,145.1999969482422,9882.0
2026-02-24 20:45:00+00:00,145.2100067138672,145.22999572753906,145.13999938964844,145.1569061279297,10154.0
2026-02-24 20:46:00+00:00,145.14500427246094,145.1999969482422,145.1300048828125,145.17999267578125,12558.0
2026-02-24 20:47:00+00:00,145.16000366210938,145.21499633789062,145.13999938964844,145.1999969482422,18318.0
2026-02-24 20:48:00+00:00,145.1999969482422,145.20989990234375,145.11000061035156,145.11000061035156,14166.0
2026-02-24 20:49:00+00:00,145.11000061035156,145.14999389648438,145.05999755859375,145.05999755859375,15158.0
2026-02-24 20:50:00+00:00,145.11000061035156,145.44000244140625,145.10000610351562,145.14129638671875,30330.0
2026-02-24 20:51:00+00:00,145.17999267578125,145.19000244140625,145.08999633789062,145.164794921875,23019.0
2026-02-24 20:52:00+00:00,145.16000366210938,145.17999267578125,145.0449981689453,145.0850067138672,22345.0
2026-02-24 20:53:00+00:00,145.10000610351562,145.19000244140625,145.02000427246094,145.10000610351562,33621.0
2026-02-24 20:54:00+00:00,145.08999633789062,145.17999267578125,145.00999450683594,145.1199951171875,44103.0
2026-02-24 20:55:00+00:00,145.13999938964844,145.13999938964844,144.91000366210938,144.94000244140625,49467.0
2026-02-24 20:56:00+00:00,144.94000244140625,145.02999877929688,144.9199981689453,144.97999572753906,45080.0
2026-02-24 20:57:00+00:00,144.97999572753906,144.97999572753906,144.7949981689453,144.89999389648438,55013.0
2026-02-24 20:58:00+00:00,144.89999389648438,144.89999389648438,144.83999633789062,144.8800048828125,60328.0
2026-02-24 20:59:00+00:00,144.8699951171875,144.8800048828125,144.7100067138672,144.77999877929688,189069.0
2026-02-25 14:30:00+00:00,145.60000610351562,145.69000244140625,145.10000610351562,145.14999389648438,143580.0
2026-02-25 14:31:00+00:00,145.0399932861328,145.3874969482422,144.82000732421875,145.0,7534.0
2026-02-25 14:32:00+00:00,144.91400146484375,145.60000610351562,144.82000732421875,145.39999389648438,60204.0
2026-02-25 14:33:00+00:00,145.39999389648438,145.52000427246094,144.86000061035156,145.00999450683594,0.0
2026-02-25 14:34:00+00:00,145.0500030517578,145.1199951171875,144.6699981689453,144.92999267578125,24103.0
2026-02-25 14:35:00+00:00,144.88499450683594,145.32000732421875,144.85499572753906,145.24000549316406,13476.0
2026-02-25 14:36:00+00:00,145.24000549316406,145.35000610351562,144.88999938964844,144.9949951171875,13986.0
2026-02-25 14:37:00+00:00,145.0,145.32000732421875,144.9864959716797,145.18499755859375,12488.0
2026-02-25 14:38:00+00:00,145.18499755859375,145.50999450683594,145.13999938964844,145.44500732421875,17693.0
2026-02-25 14:39:00+00:00,145.44500732421875,145.57000732421875,145.32000732421875,145.5500030517578,16550.0
2026-02-25 14:40:00+00:00,145.56919860839844,145.56919860839844,145.35000610351562,145.44500732421875,12414.0
2026-02-25 14:41:00+00:00,145.44500732421875,145.4600067138672,145.13999938964844,145.26499938964844,22026.0
2026-02-25 14:42:00+00:00,145.27999877929688,145.49000549316406,145.25430297851562,145.39500427246094,8694.0
2026-02-25 14:43:00+00:00,145.3699951171875,145.5,145.22000122070312,145.25,173018.0
2026-02-25 14:44:00+00:00,145.25999450683594,145.4499969482422,145.25999450683594,145.38499450683594,0.0
2026-02-25 14:45:00+00:00,145.35000610351562,145.42999267578125,145.26499938964844,145.38499450683594,186102.0
2026-02-25 14:46:00+00:00,145.38499450683594,145.44000244140625,144.8000030517578,145.0,0.0
2026-02-25 14:47:00+00:00,145.0500030517578,145.14999389648438,144.8699951171875,144.88499450683594,14935.0
2026-02-25 14:48:00+00:00,144.88499450683594,144.88499450683594,144.64999389648438,144.78500366210938,23345.0
2026-02-25 14:49:00+00:00,144.78500366210938,144.80999755859375,144.7050018310547,144.7899932861328,6191.0
2026-02-25 14:50:00+00:00,144.7899932861328,144.8874969482422,144.66000366210938,144.69500732421875,223578.0
2026-02-25 14:51:00+00:00,144.7050018310547,144.80999755859375,144.52999877929688,144.55499267578125,0.0
2026-02-25 14:52:00+00:00,144.5399932861328,144.67999267578125,144.5,144.55499267578125,10573.0
2026-02-25 14:53:00+00:00,144.57000732421875,144.64999389648438,144.5,144.6199951171875,7174.0
2026-02-25 14:54:00+00:00,144.6199951171875,144.6699981689453,144.5399932861328,144.60499572753906,239145.0
2026-02-25 14:55:00+00:00,144.6300048828125,144.75,144.55999755859375,144.6699981689453,0.0
2026-02-25 14:56:00+00:00,144.72500610351562,144.77999877929688,144.66000366210938,144.69000244140625,241574.0
2026-02-25 14:57:00+00:00,144.69000244140625,144.69000244140625,144.5,144.57000732421875,15797.0
2026-02-25 14:58:00+00:00,144.55499267578125,144.91000366210938,144.55499267578125,144.89999389648438,0.0
2026-02-25 14:59:00+00:00,144.89500427246094,144.89500427246094,144.80499267578125,144.80499267578125,5859.0
2026-02-25 15:00:00+00:00,144.80499267578125,144.88999938964844,144.77999877929688,144.81500244140625,11749.0
2026-02-25 15:01:00+00:00,144.85000610351562,144.99000549316406,144.8300018310547,144.92999267578125,11634.0
2026-02-25 15:02:00+00:00,144.97999572753906,145.08999633789062,144.9250030517578,145.03500366210938,12901.0
2026-02-25 15:03:00+00:00,145.0449981689453,145.19000244140625,145.02000427246094,145.1300048828125,10987.0
2026-02-25 15:04:00+00:00,145.11000061035156,145.14999389648438,144.9199981689453,144.9600067138672,290528.0
2026-02-25 15:05:00+00:00,144.9600067138672,145.10000610351562,144.8751983642578,144.8751983642578,0.0
2026-02-25 15:06:00+00:00,144.84649658203125,144.88999938964844,144.63999938964844,144.63999938964844,12326.0
2026-02-25 15:07:00+00:00,144.58999633789062,144.625,144.52999877929688,144.52999877929688,13381.0
2026-02-25 15:08:00+00:00,144.57000732421875,144.72000122070312,144.57000732421875,144.72000122070312,9598.0
2026-02-25 15:09:00+00:00,144.72000122070312,144.73500061035156,144.4600067138672,144.50750732421875,11710.0
2026-02-25 15:10:00+00:00,144.47999572753906,144.61500549316406,144.47999572753906,144.56500244140625,36032.0
2026-02-25 15:11:00+00:00,144.6300048828125,145.0500030517578,144.6300048828125,145.0500030517578,14948.0
2026-02-25 15:12:00+00:00,145.0,145.25,145.0,145.19000244140625,13180.0
2026-02-25 15:13:00+00:00,145.19000244140625,145.22889709472656,145.08999633789062,145.1199951171875,10123.0
2026-02-25 15:14:00+00:00,145.09500122070312,145.2100067138672,145.09500122070312,145.16000366210938,10401.0
2026-02-25 15:15:00+00:00,145.16000366210938,145.1750030517578,145.01499938964844,145.0399932861328,345753.0
2026-02-25 15:16:00+00:00,145.07000732421875,145.07009887695312,144.91000366210938,144.97000122070312,0.0
2026-02-25 15:17:00+00:00,144.97000122070312,145.21499633789062,144.97000122070312,145.2100067138672,9919.0
2026-02-25 15:18:00+00:00,145.19000244140625,145.36500549316406,145.16000366210938,145.32000732421875,11206.0
2026-02-25 15:19:00+00:00,145.27000427246094,145.3300018310547,145.1999969482422,145.25,10273.0
2026-02-25 15:20:00+00:00,145.22500610351562,145.22500610351562,145.05499267578125,145.17100524902344,11676.0
2026-02-25 15:21:00+00:00,145.2100067138672,145.2100067138672,145.02000427246094,145.17999267578125,15496.0
2026-02-25 15:22:00+00:00,145.1300048828125,145.22000122070312,145.1199951171875,145.22000122070312,6186.0
2026-02-25 15:23:00+00:00,145.1999969482422,145.3300018310547,145.1199951171875,145.2100067138672,10483.0
2026-02-25 15:24:00+00:00,145.22250366210938,145.27999877929688,145.2100067138672,145.2449951171875,8835.0
2026-02-25 15:25:00+00:00,145.22999572753906,145.3300018310547,145.22999572753906,145.3000030517578,10223.0
2026-02-25 15:26:00+00:00,145.28500366210938,145.3699951171875,145.25999450683594,145.3000030517578,15244.0
2026-02-25 15:27:00+00:00,145.30499267578125,145.44000244140625,145.2949981689453,145.3699951171875,14481.0
2026-02-25 15:28:00+00:00,145.3800048828125,145.52999877929688,145.3800048828125,145.4949951171875,8391.0
2026-02-25 15:29:00+00:00,145.5,145.5,145.25,145.30499267578125,409843.0
2026-02-25 15:30:00+00:00,145.27999877929688,145.35000610351562,145.1999969482422,145.25999450683594,0.0
2026-02-25 15:31:00+00:00,145.2899932861328,145.44500732421875,145.27999877929688,145.3699951171875,8480.0
2026-02-25 15:32:00+00:00,145.36000061035156,145.44000244140625,145.35000610351562,145.40499877929688,3931.0
2026-02-25 15:33:00+00:00,145.3699951171875,145.3699951171875,145.22999572753906,145.2899932861328,429780.0
2026-02-25 15:34:00+00:00,145.27000427246094,145.27499389648438,145.07000732421875,145.07000732421875,14157.0
2026-02-25 15:35:00+00:00,145.06500244140625,145.11000061035156,144.97000122070312,144.97500610351562,19309.0
2026-02-25 15:36:00+00:00,144.9499969482422,145.1199951171875,144.92999267578125,145.1199951171875,0.0
2026-02-25 15:37:00+00:00,145.11500549316406,145.17630004882812,145.0800018310547,145.1699981689453,450662.0
2026-02-25 15:38:00+00:00,145.19000244140625,145.25,145.17999267578125,145.21499633789062,6691.0
2026-02-25 15:39:00+00:00,145.21499633789062,145.25,145.19000244140625,145.2050018310547,11802.0
2026-02-25 15:40:00+00:00,145.1999969482422,145.25,145.1300048828125,145.14999389648438,15985.0
2026-02-25 15:41:00+00:00,145.14999389648438,145.30999755859375,145.14999389648438,145.27999877929688,0.0
2026-02-25 15:42:00+00:00,145.33999633789062,145.35000610351562,145.13999938964844,145.19000244140625,16284.0
2026-02-25 15:43:00+00:00,145.19500732421875,145.22999572753906,145.1300048828125,145.14999389648438,468222.0
2026-02-25 15:44:00+00:00,145.16000366210938,145.1699981689453,145.07000732421875,145.08999633789062,0.0
2026-02-25 15:45:00+00:00,145.0800018310547,145.19500732421875,145.0800018310547,145.1199951171875,16917.0
2026-02-25 15:46:00+00:00,145.125,145.2176971435547,145.11000061035156,145.1199951171875,5376.0
2026-02-25 15:47:00+00:00,145.11000061035156,145.11000061035156,145.0,145.10000610351562,483115.0
2026-02-25 15:48:00+00:00,145.09500122070312,145.09500122070312,144.89999389648438,144.89999389648438,0.0
2026-02-25 15:49:00+00:00,144.9149932861328,144.94000244140625,144.86500549316406,144.92999267578125,10123.0
2026-02-25 15:50:00+00:00,144.92999267578125,144.92999267578125,144.7899932861328,144.81500244140625,13283.0
2026-02-25 15:51:00+00:00,144.8007049560547,144.8699951171875,144.77000427246094,144.8699951171875,10179.0
2026-02-25 15:52:00+00:00,144.85000610351562,144.89999389648438,144.82000732421875,144.82000732421875,7233.0
2026-02-25 15:53:00+00:00,144.83999633789062,144.83999633789062,144.69000244140625,144.72999572753906,8130.0
2026-02-25 15:54:00+00:00,144.75999450683594,144.7899932861328,144.6999969482422,144.71499633789062,7190.0
2026-02-25 15:55:00+00:00,144.7050018310547,144.72000122070312,144.5850067138672,144.58999633789062,6559.0
2026-02-25 15:56:00+00:00,144.58999633789062,144.64999389648438,144.55999755859375,144.55999755859375,514990.0
2026-02-25 15:57:00+00:00,144.58999633789062,144.6750030517578,144.57550048828125,144.6750030517578,10664.0
2026-02-25 15:58:00+00:00,144.6649932861328,144.77000427246094,144.66000366210938,144.71499633789062,0.0
2026-02-25 15:59:00+00:00,144.69000244140625,144.69000244140625,144.61500549316406,144.63499450683594,4415.0
2026-02-25 16:00:00+00:00,144.66000366210938,144.75999450683594,144.6300048828125,144.72500610351562,520946.0
2026-02-25 16:01:00+00:00,144.72500610351562,144.72500610351562,144.63499450683594,144.7100067138672,0.0
2026-02-25 16:02:00+00:00,144.6699981689453,144.69500732421875,144.58999633789062,144.58999633789062,6361.0
2026-02-25 16:03:00+00:00,144.61000061035156,144.61000061035156,144.47999572753906,144.5500030517578,6194.0
2026-02-25 16:04:00+00:00,144.52000427246094,144.58999633789062,144.47999572753906,144.5449981689453,9338.0
2026-02-25 16:05:00+00:00,144.5399932861328,144.57000732421875,144.47000122070312,144.4949951171875,542508.0
2026-02-25 16:06:00+00:00,144.4949951171875,144.5,144.42999267578125,144.4499969482422,0.0
2026-02-25 16:07:00+00:00,144.44960021972656,144.47999572753906,144.4199981689453,144.47000122070312,7530.0
2026-02-25 16:08:00+00:00,144.4600067138672,144.47999572753906,144.4199981689453,144.4250030517578,9031.0
2026-02-25 16:09:00+00:00,144.39999389648438,144.4199981689453,144.33999633789062,144.4199981689453,7220.0
2026-02-25 16:10:00+00:00,144.4149932861328,144.45559692382812,144.3800048828125,144.45559692382812,10546.0
2026-02-25 16:11:00+00:00,144.4600067138672,144.4600067138672,144.39999389648438,144.4364013671875,5437.0
2026-02-25 16:12:00+00:00,144.39999389648438,144.52499389648438,144.39999389648438,144.52499389648438,5412.0
2026-02-25 16:13:00+00:00,144.52000427246094,144.5500030517578,144.5050048828125,144.52499389648438,571908.0
2026-02-25 16:14:00+00:00,144.5518035888672,144.5800018310547,144.52499389648438,144.52999877929688,0.0
2026-02-25 16:15:00+00:00,144.52499389648438,144.5399932861328,144.4600067138672,144.49000549316406,5476.0
2026-02-25 16:16:00+00:00,144.47500610351562,144.52999877929688,144.4550018310547,144.5,577023.0
2026-02-25 16:17:00+00:00,144.49000549316406,144.50570678710938,144.44000244140625,144.47500610351562,0.0
2026-02-25 16:18:00+00:00,144.47500610351562,144.57000732421875,144.47500610351562,144.5500030517578,5052.0
2026-02-25 16:19:00+00:00,144.5399932861328,144.5399932861328,144.45509338378906,144.4949951171875,18578.0
2026-02-25 16:20:00+00:00,144.49000549316406,144.49000549316406,144.3000030517578,144.35499572753906,15630.0
2026-02-25 16:21:00+00:00,144.35000610351562,144.35000610351562,144.27000427246094,144.3300018310547,6609.0
2026-02-25 16:22:00+00:00,144.31640625,144.5,144.30999755859375,144.5,605621.0
2026-02-25 16:23:00+00:00,144.47000122070312,144.5,144.42999267578125,144.47999572753906,0.0
2026-02-25 16:24:00+00:00,144.47999572753906,144.52000427246094,144.44000244140625,144.47999572753906,9169.0
2026-02-25 16:25:00+00:00,144.460693359375,144.5,144.41000366210938,144.42999267578125,11631.0
2026-02-25 16:26:00+00:00,144.42999267578125,144.5,144.4199981689453,144.43499755859375,9678.0
2026-02-25 16:27:00+00:00,144.43499755859375,144.47000122070312,144.38999938964844,144.39999389648438,7177.0
2026-02-25 16:28:00+00:00,144.40640258789062,144.4499969482422,144.36000061035156,144.4499969482422,8290.0
2026-02-25 16:29:00+00:00,144.4600067138672,144.47000122070312,144.3800048828125,144.4199981689453,636573.0
2026-02-25 16:30:00+00:00,144.38999938964844,144.38999938964844,144.2899932861328,144.3000030517578,0.0
2026-02-25 16:31:00+00:00,144.2949981689453,144.36000061035156,144.27000427246094,144.36000061035156,10372.0
2026-02-25 16:32:00+00:00,144.35499572753906,144.39500427246094,144.34019470214844,144.39500427246094,6320.0
2026-02-25 16:33:00+00:00,144.39999389648438,144.4199981689453,144.37669372558594,144.39059448242188,6677.0
2026-02-25 16:34:00+00:00,144.39999389648438,144.4066925048828,144.36000061035156,144.36000061035156,3420.0
2026-02-25 16:35:00+00:00,144.3800048828125,144.3800048828125,144.2100067138672,144.2100067138672,9020.0
2026-02-25 16:36:00+00:00,144.21499633789062,144.21499633789062,144.02000427246094,144.0543975830078,664186.0
2026-02-25 16:37:00+00:00,144.06500244140625,144.10000610351562,144.02000427246094,144.09500122070312,0.0
2026-02-25 16:38:00+00:00,144.11000061035156,144.16000366210938,144.0800018310547,144.13999938964844,4775.0
2026-02-25 16:39:00+00:00,144.16000366210938,144.2899932861328,144.1300048828125,144.25,7787.0
2026-02-25 16:40:00+00:00,144.25,144.27999877929688,144.1999969482422,144.2050018310547,659482.0
2026-02-25 16:41:00+00:00,144.2050018310547,144.2100067138672,144.17999267578125,144.19000244140625,0.0
2026-02-25 16:42:00+00:00,144.1999969482422,144.38999938964844,144.1999969482422,144.3699951171875,7635.0
2026-02-25 16:43:00+00:00,144.3699951171875,144.3699951171875,144.22000122070312,144.25,5617.0
2026-02-25 16:44:00+00:00,144.25999450683594,144.3000030517578,144.24000549316406,144.24000549316406,668349.0
2026-02-25 16:45:00+00:00,144.27999877929688,144.3699951171875,144.25,144.36000061035156,6312.0
2026-02-25 16:46:00+00:00,144.36500549316406,144.39999389648438,144.35000610351562,144.35000610351562,10135.0
2026-02-25 16:47:00+00:00,144.33999633789062,144.33999633789062,144.27099609375,144.2899932861328,0.0
2026-02-25 16:48:00+00:00,144.30999755859375,144.47999572753906,144.30999755859375,144.47000122070312,11684.0
2026-02-25 16:49:00+00:00,144.4499969482422,144.4499969482422,144.3800048828125,144.41000366210938,681338.0
2026-02-25 16:50:00+00:00,144.39010620117188,144.44000244140625,144.39010620117188,144.43499755859375,0.0
2026-02-25 16:51:00+00:00,144.4199981689453,144.4199981689453,144.2969970703125,144.37179565429688,11228.0
2026-02-25 16:52:00+00:00,144.39959716796875,144.42999267578125,144.3800048828125,144.39999389648438,6597.0
2026-02-25 16:53:00+00:00,144.38499450683594,144.4499969482422,144.3800048828125,144.43499755859375,4958.0
2026-02-25 16:54:00+00:00,144.39100646972656,144.4199981689453,144.3699951171875,144.38999938964844,6086.0
2026-02-25 16:55:00+00:00,144.36000061035156,144.36000061035156,144.27999877929688,144.32000732421875,10212.0
2026-02-25 16:56:00+00:00,144.3300018310547,144.3699951171875,144.3000030517578,144.3699951171875,4327.0
2026-02-25 16:57:00+00:00,144.375,144.3800048828125,144.30999755859375,144.33999633789062,17089.0
2026-02-25 16:58:00+00:00,144.36000061035156,144.38499450683594,144.34500122070312,144.35000610351562,7204.0
2026-02-25 16:59:00+00:00,144.35499572753906,144.47000122070312,144.35000610351562,144.4550018310547,10980.0
2026-02-25 17:00:00+00:00,144.42999267578125,144.4398956298828,144.38499450683594,144.4199981689453,6209.0
2026-02-25 17:01:00+00:00,144.44000244140625,144.6199951171875,144.4250030517578,144.57000732421875,8461.0
2026-02-25 17:02:00+00:00,144.6199951171875,144.6999969482422,144.60000610351562,144.69000244140625,9183.0
2026-02-25 17:03:00+00:00,144.69000244140625,144.75,144.66000366210938,144.74000549316406,7330.0
2026-02-25 17:04:00+00:00,144.75,144.80499267578125,144.75,144.77499389648438,6604.0
2026-02-25 17:05:00+00:00,144.80389404296875,144.91000366210938,144.7899932861328,144.91000366210938,8950.0
2026-02-25 17:06:00+00:00,144.9250030517578,144.9250030517578,144.8249969482422,144.8350067138672,11622.0
2026-02-25 17:07:00+00:00,144.82000732421875,144.85000610351562,144.8000030517578,144.85000610351562,5134.0
2026-02-25 17:08:00+00:00,144.86000061035156,144.88999938964844,144.74000549316406,144.77999877929688,16518.0
2026-02-25 17:09:00+00:00,144.77999877929688,144.80889892578125,144.77000427246094,144.7949981689453,7937.0
2026-02-25 17:10:00+00:00,144.7899932861328,144.93499755859375,144.7899932861328,144.92999267578125,3901.0
2026-02-25 17:11:00+00:00,144.9499969482422,144.97000122070312,144.89010620117188,144.89010620117188,5852.0
2026-02-25 17:12:00+00:00,144.91000366210938,144.9149932861328,144.8699951171875,144.88999938964844,6183.0
2026-02-25 17:13:00+00:00,144.8699951171875,144.8800048828125,144.80999755859375,144.84249877929688,6247.0
2026-02-25 17:14:00+00:00,144.85499572753906,144.85499572753906,144.74000549316406,144.75999450683594,11124.0
2026-02-25 17:15:00+00:00,144.76499938964844,144.77999877929688,144.73500061035156,144.74000549316406,5047.0
2026-02-25 17:16:00+00:00,144.72999572753906,144.77999877929688,144.72999572753906,144.76499938964844,4386.0
2026-02-25 17:17:00+00:00,144.75999450683594,144.8699951171875,144.75999450683594,144.8699951171875,5720.0
2026-02-25 17:18:00+00:00,144.91000366210938,144.92999267578125,144.86000061035156,144.86000061035156,10331.0
2026-02-25 17:19:00+00:00,144.85499572753906,144.8800048828125,144.80999755859375,144.8300018310547,6890.0
2026-02-25 17:20:00+00:00,144.83999633789062,144.91000366210938,144.8300018310547,144.8300018310547,790851.0
2026-02-25 17:21:00+00:00,144.83999633789062,144.9199981689453,144.83999633789062,144.9199981689453,0.0
2026-02-25 17:22:00+00:00,144.9149932861328,144.9149932861328,144.86000061035156,144.86000061035156,9363.0
2026-02-25 17:23:00+00:00,144.83999633789062,144.83999633789062,144.7949981689453,144.8249969482422,4294.0
2026-02-25 17:24:00+00:00,144.8300018310547,144.9149932861328,144.8000030517578,144.9149932861328,3787.0
2026-02-25 17:25:00+00:00,144.89999389648438,144.9499969482422,144.89999389648438,144.9250030517578,7584.0
2026-02-25 17:26:00+00:00,144.9250030517578,144.97000122070312,144.9250030517578,144.97000122070312,3476.0
2026-02-25 17:27:00+00:00,144.97000122070312,144.97000122070312,144.94000244140625,144.97000122070312,3906.0
2026-02-25 17:28:00+00:00,145.0,145.00999450683594,144.9600067138672,144.9600067138672,9192.0
2026-02-25 17:29:00+00:00,144.97000122070312,144.97000122070312,144.94000244140625,144.9550018310547,3098.0
2026-02-25 17:30:00+00:00,144.92999267578125,144.95989990234375,144.88999938964844,144.9499969482422,5819.0
2026-02-25 17:31:00+00:00,144.9600067138672,145.0,144.9499969482422,144.99000549316406,5604.0
2026-02-25 17:32:00+00:00,144.97000122070312,145.02999877929688,144.9600067138672,145.02999877929688,3788.0
2026-02-25 17:33:00+00:00,145.05999755859375,145.0749969482422,145.0399932861328,145.0399932861328,3280.0
2026-02-25 17:34:00+00:00,145.0399932861328,145.0500030517578,145.02999877929688,145.0449981689453,3012.0
2026-02-25 17:35:00+00:00,145.02999877929688,145.02999877929688,144.94000244140625,144.9600067138672,7101.0
2026-02-25 17:36:00+00:00,144.9550018310547,144.9600067138672,144.9403076171875,144.9403076171875,3849.0
2026-02-25 17:37:00+00:00,144.94119262695312,145.0050048828125,144.94119262695312,144.9949951171875,4407.0
2026-02-25 17:38:00+00:00,144.97999572753906,144.97999572753906,144.8699951171875,144.8800048828125,5589.0
2026-02-25 17:39:00+00:00,144.8699951171875,144.8699951171875,144.77000427246094,144.77000427246094,6764.0
2026-02-25 17:40:00+00:00,144.7550048828125,144.77999877929688,144.74000549316406,144.7550048828125,6088.0
2026-02-25 17:41:00+00:00,144.7550048828125,144.77999877929688,144.72000122070312,144.72000122070312,11355.0
2026-02-25 17:42:00+00:00,144.72500610351562,144.7303924560547,144.6300048828125,144.66000366210938,8004.0
2026-02-25 17:43:00+00:00,144.63999938964844,144.69000244140625,144.6300048828125,144.6750030517578,7889.0
2026-02-25 17:44:00+00:00,144.69000244140625,144.69000244140625,144.65499877929688,144.66000366210938,4196.0
2026-02-25 17:45:00+00:00,144.6699981689453,144.6699981689453,144.41000366210938,144.5050048828125,12062.0
2026-02-25 17:46:00+00:00,144.49000549316406,144.49000549316406,144.4600067138672,144.47000122070312,851524.0
2026-02-25 17:47:00+00:00,144.47000122070312,144.52999877929688,144.47000122070312,144.52999877929688,0.0
2026-02-25 17:48:00+00:00,144.4949951171875,144.5050048828125,144.47000122070312,144.4949951171875,5274.0
2026-02-25 17:49:00+00:00,144.4499969482422,144.52999877929688,144.44000244140625,144.52000427246094,6950.0
2026-02-25 17:50:00+00:00,144.52499389648438,144.58749389648438,144.51499938964844,144.57000732421875,7459.0
2026-02-25 17:51:00+00:00,144.57000732421875,144.65499877929688,144.56500244140625,144.65499877929688,6849.0
2026-02-25 17:52:00+00:00,144.64500427246094,144.66000366210938,144.63499450683594,144.63499450683594,2604.0
2026-02-25 17:53:00+00:00,144.6300048828125,144.67999267578125,144.6300048828125,144.6699981689453,4803.0
2026-02-25 17:54:00+00:00,144.67250061035156,144.7449951171875,144.63999938964844,144.63999938964844,6089.0
2026-02-25 17:55:00+00:00,144.67999267578125,144.74000549316406,144.67999267578125,144.71499633789062,4104.0
2026-02-25 17:56:00+00:00,144.64329528808594,144.7100067138672,144.64329528808594,144.7050018310547,14386.0
2026-02-25 17:57:00+00:00,144.6999969482422,144.82000732421875,144.6999969482422,144.80499267578125,22313.0
2026-02-25 17:58:00+00:00,144.8000030517578,144.83999633789062,144.76499938964844,144.81500244140625,10385.0
2026-02-25 17:59:00+00:00,144.81500244140625,144.86000061035156,144.7899932861328,144.8000030517578,37636.0
2026-02-25 18:00:00+00:00,144.77999877929688,144.7899932861328,144.74000549316406,144.75999450683594,4855.0
2026-02-25 18:01:00+00:00,144.75,144.75,144.72000122070312,144.74000549316406,3079.0
2026-02-25 18:02:00+00:00,144.72999572753906,144.8000030517578,144.7100067138672,144.7899932861328,10152.0
2026-02-25 18:03:00+00:00,144.77999877929688,145.0,144.77999877929688,145.0,6210.0
2026-02-25 18:04:00+00:00,145.00999450683594,145.07000732421875,145.00010681152344,145.00010681152344,8152.0
2026-02-25 18:05:00+00:00,144.99000549316406,145.0,144.97000122070312,144.97999572753906,4027.0
2026-02-25 18:06:00+00:00,144.98500061035156,145.07000732421875,144.97000122070312,144.97999572753906,7973.0
2026-02-25 18:07:00+00:00,144.97999572753906,144.99000549316406,144.9517059326172,144.9680938720703,4993.0
2026-02-25 18:08:00+00:00,145.02000427246094,145.02749633789062,144.99000549316406,145.02499389648438,2872.0
2026-02-25 18:09:00+00:00,144.97999572753906,145.0500030517578,144.97999572753906,145.01499938964844,2860.0
2026-02-25 18:10:00+00:00,145.01510620117188,145.0500030517578,145.01499938964844,145.01499938964844,5280.0
2026-02-25 18:11:00+00:00,145.02000427246094,145.0399932861328,145.02000427246094,145.0399932861328,3319.0
2026-02-25 18:12:00+00:00,145.02999877929688,145.07000732421875,145.02000427246094,145.02999877929688,4873.0
2026-02-25 18:13:00+00:00,145.02999877929688,145.05999755859375,145.02999877929688,145.02999877929688,3557.0
2026-02-25 18:14:00+00:00,145.05999755859375,145.07000732421875,145.02999877929688,145.05999755859375,2928.0
2026-02-25 18:15:00+00:00,145.07000732421875,145.07000732421875,144.9600067138672,144.97999572753906,7187.0
2026-02-25 18:16:00+00:00,144.98500061035156,144.99000549316406,144.9499969482422,144.99000549316406,3101.0
2026-02-25 18:17:00+00:00,145.0,145.00999450683594,144.97999572753906,144.99000549316406,2556.0
2026-02-25 18:18:00+00:00,145.00999450683594,145.08999633789062,145.00999450683594,145.07000732421875,7012.0
2026-02-25 18:19:00+00:00,145.06500244140625,145.11000061035156,145.0500030517578,145.09500122070312,5265.0
2026-02-25 18:20:00+00:00,145.11500549316406,145.11500549316406,145.05999755859375,145.07000732421875,3567.0
2026-02-25 18:21:00+00:00,145.08999633789062,145.11500549316406,145.08999633789062,145.11500549316406,2060.0
2026-02-25 18:22:00+00:00,145.11500549316406,145.13999938964844,145.07000732421875,145.07000732421875,4895.0
2026-02-25 18:23:00+00:00,145.10000610351562,145.10000610351562,145.05999755859375,145.07000732421875,3130.0
2026-02-25 18:24:00+00:00,145.0449981689453,145.0449981689453,144.9600067138672,144.98500061035156,8128.0
2026-02-25 18:25:00+00:00,144.97500610351562,145.0500030517578,144.97500610351562,145.02499389648438,7103.0
2026-02-25 18:26:00+00:00,145.0399932861328,145.0500946044922,145.0399932861328,145.0500030517578,2474.0
2026-02-25 18:27:00+00:00,145.0449981689453,145.08999633789062,145.0399932861328,145.07000732421875,2764.0
2026-02-25 18:28:00+00:00,145.0500030517578,145.05999755859375,145.02999877929688,145.0399932861328,3193.0
2026-02-25 18:29:00+00:00,145.0399932861328,145.05999755859375,145.03500366210938,145.0449981689453,7896.0
2026-02-25 18:30:00+00:00,145.0449981689453,145.1304931640625,145.02999877929688,145.1304931640625,6861.0
2026-02-25 18:31:00+00:00,145.11500549316406,145.17999267578125,145.10000610351562,145.16000366210938,11750.0
2026-02-25 18:32:00+00:00,145.15499877929688,145.15989685058594,145.11500549316406,145.15989685058594,981851.0
2026-02-25 18:33:00+00:00,145.13999938964844,145.2899932861328,145.1300048828125,145.2899932861328,0.0
2026-02-25 18:34:00+00:00,145.32000732421875,145.32000732421875,145.22999572753906,145.22999572753906,7541.0
2026-02-25 18:35:00+00:00,145.22999572753906,145.25,145.22000122070312,145.25,2747.0
2026-02-25 18:36:00+00:00,145.25999450683594,145.32000732421875,145.25,145.30999755859375,7819.0
2026-02-25 18:37:00+00:00,145.27000427246094,145.3000030517578,145.27000427246094,145.27000427246094,1883.0
2026-02-25 18:38:00+00:00,145.2899932861328,145.3350067138672,145.2899932861328,145.3249969482422,13740.0
2026-02-25 18:39:00+00:00,145.30999755859375,145.3300018310547,145.27000427246094,145.27000427246094,5356.0
2026-02-25 18:40:00+00:00,145.26499938964844,145.27999877929688,145.22999572753906,145.22999572753906,6442.0
2026-02-25 18:41:00+00:00,145.24000549316406,145.2790069580078,145.24000549316406,145.27000427246094,3318.0
2026-02-25 18:42:00+00:00,145.24009704589844,145.27000427246094,145.24009704589844,145.2519989013672,3701.0
2026-02-25 18:43:00+00:00,145.24000549316406,145.2899932861328,145.24000549316406,145.2899932861328,3969.0
2026-02-25 18:44:00+00:00,145.27000427246094,145.27499389648438,145.22720336914062,145.22999572753906,5909.0
2026-02-25 18:45:00+00:00,145.2100067138672,145.2100067138672,145.2100067138672,145.2100067138672,1442.0
2026-02-25 18:46:00+00:00,145.2100067138672,145.2899932861328,145.2100067138672,145.2550048828125,3142.0
2026-02-25 18:47:00+00:00,145.25999450683594,145.2899932861328,145.25999450683594,145.27499389648438,2744.0
2026-02-25 18:48:00+00:00,145.27000427246094,145.31500244140625,145.26499938964844,145.30499267578125,5020.0
2026-02-25 18:49:00+00:00,145.3000030517578,145.36000061035156,145.2899932861328,145.34500122070312,8731.0
2026-02-25 18:50:00+00:00,145.35000610351562,145.39999389648438,145.33999633789062,145.3800048828125,6043.0
2026-02-25 18:51:00+00:00,145.42030334472656,145.42030334472656,145.36000061035156,145.3800048828125,8775.0
2026-02-25 18:52:00+00:00,145.41000366210938,145.47999572753906,145.41000366210938,145.47000122070312,4064.0
2026-02-25 18:53:00+00:00,145.47999572753906,145.50999450683594,145.4739990234375,145.50999450683594,2989.0
2026-02-25 18:54:00+00:00,145.50999450683594,145.52000427246094,145.38999938964844,145.39999389648438,11128.0
2026-02-25 18:55:00+00:00,145.3800048828125,145.4600067138672,145.3800048828125,145.45509338378906,6078.0
2026-02-25 18:56:00+00:00,145.4550018310547,145.4600067138672,145.41000366210938,145.4250030517578,5988.0
2026-02-25 18:57:00+00:00,145.4250030517578,145.44000244140625,145.4250030517578,145.4250030517578,2024.0
2026-02-25 18:58:00+00:00,145.44000244140625,145.46499633789062,145.44000244140625,145.4600067138672,2828.0
2026-02-25 18:59:00+00:00,145.4499969482422,145.4499969482422,145.4199981689453,145.42999267578125,4695.0
2026-02-25 19:00:00+00:00,145.43499755859375,145.43499755859375,145.4149932861328,145.43499755859375,5983.0
2026-02-25 19:01:00+00:00,145.44000244140625,145.47999572753906,145.44000244140625,145.47999572753906,2608.0
2026-02-25 19:02:00+00:00,145.48500061035156,145.5399932861328,145.48500061035156,145.5,10221.0
2026-02-25 19:03:00+00:00,145.49000549316406,145.5,145.4600067138672,145.4600067138672,10457.0
2026-02-25 19:04:00+00:00,145.49000549316406,145.55999755859375,145.49000549316406,145.55999755859375,3205.0
2026-02-25 19:05:00+00:00,145.55099487304688,145.69000244140625,145.55099487304688,145.69000244140625,6682.0
2026-02-25 19:06:00+00:00,145.6649932861328,145.69000244140625,145.66000366210938,145.66000366210938,8431.0
2026-02-25 19:07:00+00:00,145.64999389648438,145.64999389648438,145.60000610351562,145.60000610351562,2248.0
2026-02-25 19:08:00+00:00,145.58999633789062,145.63999938964844,145.5850067138672,145.62109375,4178.0
2026-02-25 19:09:00+00:00,145.625,145.64500427246094,145.61000061035156,145.64500427246094,2633.0
2026-02-25 19:10:00+00:00,145.64500427246094,145.6750030517578,145.63059997558594,145.64999389648438,7357.0
2026-02-25 19:11:00+00:00,145.63999938964844,145.64999389648438,145.57069396972656,145.5800018310547,5567.0
2026-02-25 19:12:00+00:00,145.58999633789062,145.6699981689453,145.5850067138672,145.6699981689453,2226.0
2026-02-25 19:13:00+00:00,145.69000244140625,145.6999969482422,145.66000366210938,145.6999969482422,9406.0
2026-02-25 19:14:00+00:00,145.6999969482422,145.74000549316406,145.6999969482422,145.72999572753906,2756.0
2026-02-25 19:15:00+00:00,145.72999572753906,145.72999572753906,145.6999969482422,145.7100067138672,8493.0
2026-02-25 19:16:00+00:00,145.7100067138672,145.7449951171875,145.7100067138672,145.7449951171875,2808.0
2026-02-25 19:17:00+00:00,145.75,145.75,145.72000122070312,145.72999572753906,4620.0
2026-02-25 19:18:00+00:00,145.74000549316406,145.76499938964844,145.74000549316406,145.76499938964844,3324.0
2026-02-25 19:19:00+00:00,145.77999877929688,145.77999877929688,145.74000549316406,145.75250244140625,1102726.0
2026-02-25 19:20:00+00:00,145.75,145.7899932861328,145.7174072265625,145.7899932861328,0.0
2026-02-25 19:21:00+00:00,145.7899932861328,145.91000366210938,145.77999877929688,145.89500427246094,13582.0
2026-02-25 19:22:00+00:00,145.89019775390625,145.90499877929688,145.86000061035156,145.86000061035156,6860.0
2026-02-25 19:23:00+00:00,145.85499572753906,145.85499572753906,145.8011932373047,145.8011932373047,3992.0
2026-02-25 19:24:00+00:00,145.80999755859375,145.82000732421875,145.75010681152344,145.75010681152344,5693.0
2026-02-25 19:25:00+00:00,145.75999450683594,145.75999450683594,145.74000549316406,145.75,7733.0
2026-02-25 19:26:00+00:00,145.74000549316406,145.7449951171875,145.72000122070312,145.72999572753906,5649.0
2026-02-25 19:27:00+00:00,145.72999572753906,145.72999572753906,145.69000244140625,145.7100067138672,8529.0
2026-02-25 19:28:00+00:00,145.7100067138672,145.74000549316406,145.7100067138672,145.72999572753906,3220.0
2026-02-25 19:29:00+00:00,145.73899841308594,145.75999450683594,145.6999969482422,145.72000122070312,10088.0
2026-02-25 19:30:00+00:00,145.7220001220703,145.75999450683594,145.6999969482422,145.75,12501.0
2026-02-25 19:31:00+00:00,145.72999572753906,145.77999877929688,145.72999572753906,145.77000427246094,4372.0
2026-02-25 19:32:00+00:00,145.77000427246094,145.7899932861328,145.72000122070312,145.72999572753906,4174.0
2026-02-25 19:33:00+00:00,145.72000122070312,145.72999572753906,145.7100067138672,145.72000122070312,5121.0
2026-02-25 19:34:00+00:00,145.72500610351562,145.75,145.7100067138672,145.74000549316406,5396.0
2026-02-25 19:35:00+00:00,145.75999450683594,145.8000030517578,145.75999450683594,145.8000030517578,5988.0
2026-02-25 19:36:00+00:00,145.8000030517578,145.8000030517578,145.75999450683594,145.75999450683594,6410.0
2026-02-25 19:37:00+00:00,145.75999450683594,145.75999450683594,145.72999572753906,145.75999450683594,5132.0
2026-02-25 19:38:00+00:00,145.75999450683594,145.7899932861328,145.7550048828125,145.77999877929688,5016.0
2026-02-25 19:39:00+00:00,145.77999877929688,145.7899932861328,145.74000549316406,145.75,10543.0
2026-02-25 19:40:00+00:00,145.7550048828125,145.75999450683594,145.74000549316406,145.75,5035.0
2026-02-25 19:41:00+00:00,145.75,145.75999450683594,145.63999938964844,145.66000366210938,33145.0
2026-02-25 19:42:00+00:00,145.66510009765625,145.66510009765625,145.57000732421875,145.5749969482422,12310.0
2026-02-25 19:43:00+00:00,145.57000732421875,145.57000732421875,145.48500061035156,145.48500061035156,3944.0
2026-02-25 19:44:00+00:00,145.49000549316406,145.49000549316406,145.47999572753906,145.48500061035156,3463.0
2026-02-25 19:45:00+00:00,145.5,145.52000427246094,145.49000549316406,145.49000549316406,6306.0
2026-02-25 19:46:00+00:00,145.4949951171875,145.5,145.4499969482422,145.4600067138672,7249.0
2026-02-25 19:47:00+00:00,145.4600067138672,145.50999450683594,145.43060302734375,145.47999572753906,6554.0
2026-02-25 19:48:00+00:00,145.47000122070312,145.5800018310547,145.46290588378906,145.5800018310547,8391.0
2026-02-25 19:49:00+00:00,145.5850067138672,145.6199951171875,145.57000732421875,145.5800018310547,7943.0
2026-02-25 19:50:00+00:00,145.61000061035156,145.61000061035156,145.44000244140625,145.45010375976562,9472.0
2026-02-25 19:51:00+00:00,145.44000244140625,145.52999877929688,145.41000366210938,145.47000122070312,17502.0
2026-02-25 19:52:00+00:00,145.47500610351562,145.50999450683594,145.47500610351562,145.47999572753906,4192.0
2026-02-25 19:53:00+00:00,145.47000122070312,145.5,145.4113006591797,145.4311065673828,11335.0
2026-02-25 19:54:00+00:00,145.42999267578125,145.47999572753906,145.42999267578125,145.43099975585938,4474.0
2026-02-25 19:55:00+00:00,145.44000244140625,145.52499389648438,145.44000244140625,145.51600646972656,6914.0
2026-02-25 19:56:00+00:00,145.50999450683594,145.51499938964844,145.47000122070312,145.47000122070312,7314.0
2026-02-25 19:57:00+00:00,145.47999572753906,145.52999877929688,145.39500427246094,145.41000366210938,17375.0
2026-02-25 19:58:00+00:00,145.42999267578125,145.49000549316406,145.42820739746094,145.49000549316406,4602.0
2026-02-25 19:59:00+00:00,145.48500061035156,145.52499389648438,145.47999572753906,145.52000427246094,3901.0
2026-02-25 20:00:00+00:00,145.51870727539062,145.6024932861328,145.51870727539062,145.5800018310547,7908.0
2026-02-25 20:01:00+00:00,145.5998992919922,145.65499877929688,145.58999633789062,145.64500427246094,6572.0
2026-02-25 20:02:00+00:00,145.63499450683594,145.64999389648438,145.61000061035156,145.64999389648438,5277.0
2026-02-25 20:03:00+00:00,145.64500427246094,145.68499755859375,145.61000061035156,145.63999938964844,12328.0
2026-02-25 20:04:00+00:00,145.63999938964844,145.63999938964844,145.6199951171875,145.6300048828125,4305.0
2026-02-25 20:05:00+00:00,145.6230010986328,145.6300048828125,145.57000732421875,145.57009887695312,5861.0
2026-02-25 20:06:00+00:00,145.57000732421875,145.5800018310547,145.5500030517578,145.5800018310547,4424.0
2026-02-25 20:07:00+00:00,145.5749969482422,145.5749969482422,145.50999450683594,145.5399932861328,9328.0
2026-02-25 20:08:00+00:00,145.5449981689453,145.5500030517578,145.50999450683594,145.52999877929688,7039.0
2026-02-25 20:09:00+00:00,145.53500366210938,145.60499572753906,145.53500366210938,145.60499572753906,6508.0
2026-02-25 20:10:00+00:00,145.58999633789062,145.60000610351562,145.5500030517578,145.55999755859375,13189.0
2026-02-25 20:11:00+00:00,145.57000732421875,145.60000610351562,145.55999755859375,145.59500122070312,4750.0
2026-02-25 20:12:00+00:00,145.60499572753906,145.64999389648438,145.60499572753906,145.6300048828125,16385.0
2026-02-25 20:13:00+00:00,145.6273956298828,145.64999389648438,145.53500366210938,145.56500244140625,16966.0
2026-02-25 20:14:00+00:00,145.5800018310547,145.5800018310547,145.50999450683594,145.5399932861328,6374.0
2026-02-25 20:15:00+00:00,145.5500030517578,145.5500030517578,145.52999877929688,145.5399932861328,7936.0
2026-02-25 20:16:00+00:00,145.52999877929688,145.58999633789062,145.52000427246094,145.58999633789062,7760.0
2026-02-25 20:17:00+00:00,145.58999633789062,145.61000061035156,145.55999755859375,145.5749969482422,12487.0
2026-02-25 20:18:00+00:00,145.5749969482422,145.5749969482422,145.4499969482422,145.4499969482422,43522.0
2026-02-25 20:19:00+00:00,145.47000122070312,145.52000427246094,145.44500732421875,145.52000427246094,14763.0
2026-02-25 20:20:00+00:00,145.5301055908203,145.5500030517578,145.50999450683594,145.52999877929688,8065.0
2026-02-25 20:21:00+00:00,145.53970336914062,145.57000732421875,145.5305938720703,145.5305938720703,8803.0
2026-02-25 20:22:00+00:00,145.5399932861328,145.57000732421875,145.50999450683594,145.52499389648438,8248.0
2026-02-25 20:23:00+00:00,145.52000427246094,145.55130004882812,145.49000549316406,145.5399932861328,8167.0
2026-02-25 20:24:00+00:00,145.5399932861328,145.57000732421875,145.49000549316406,145.57000732421875,8805.0
2026-02-25 20:25:00+00:00,145.5500030517578,145.58999633789062,145.5500030517578,145.57000732421875,11201.0
2026-02-25 20:26:00+00:00,145.55999755859375,145.57899475097656,145.52000427246094,145.5399932861328,8743.0
2026-02-25 20:27:00+00:00,145.5399932861328,145.57000732421875,145.5399932861328,145.55999755859375,7979.0
2026-02-25 20:28:00+00:00,145.55999755859375,145.57000732421875,145.5399932861328,145.5500030517578,12372.0
2026-02-25 20:29:00+00:00,145.5500030517578,145.61500549316406,145.54100036621094,145.61500549316406,7088.0
2026-02-25 20:30:00+00:00,145.60000610351562,145.61000061035156,145.50999450683594,145.52999877929688,15406.0
2026-02-25 20:31:00+00:00,145.51499938964844,145.6300048828125,145.51499938964844,145.6199951171875,8514.0
2026-02-25 20:32:00+00:00,145.61000061035156,145.71499633789062,145.61000061035156,145.7100067138672,11695.0
2026-02-25 20:33:00+00:00,145.7100067138672,145.74000549316406,145.6999969482422,145.73500061035156,17355.0
2026-02-25 20:34:00+00:00,145.73500061035156,145.74000549316406,145.72000122070312,145.72000122070312,4917.0
2026-02-25 20:35:00+00:00,145.72999572753906,145.7949981689453,145.72999572753906,145.7949981689453,6924.0
2026-02-25 20:36:00+00:00,145.80999755859375,145.83999633789062,145.80999755859375,145.8249969482422,5485.0
2026-02-25 20:37:00+00:00,145.82000732421875,145.86000061035156,145.77999877929688,145.8300018310547,14423.0
2026-02-25 20:38:00+00:00,145.8300018310547,145.9199981689453,145.82009887695312,145.8800048828125,13443.0
2026-02-25 20:39:00+00:00,145.89999389648438,145.9199981689453,145.89500427246094,145.89999389648438,8596.0
2026-02-25 20:40:00+00:00,145.89999389648438,145.94000244140625,145.88999938964844,145.91000366210938,16108.0
2026-02-25 20:41:00+00:00,145.91000366210938,145.95989990234375,145.89999389648438,145.94500732421875,13446.0
2026-02-25 20:42:00+00:00,145.9300994873047,146.0,145.9300994873047,145.97999572753906,9034.0
2026-02-25 20:43:00+00:00,145.97000122070312,146.02499389648438,145.92999267578125,145.93499755859375,32211.0
2026-02-25 20:44:00+00:00,145.92999267578125,145.92999267578125,145.81500244140625,145.85000610351562,10747.0
2026-02-25 20:45:00+00:00,145.83999633789062,145.86000061035156,145.80999755859375,145.83999633789062,8998.0
2026-02-25 20:46:00+00:00,145.82000732421875,145.82009887695312,145.6699981689453,145.6699981689453,8875.0
2026-02-25 20:47:00+00:00,145.65499877929688,145.72000122070312,145.6300048828125,145.69500732421875,6211.0
2026-02-25 20:48:00+00:00,145.72000122070312,145.81500244140625,145.7100067138672,145.74000549316406,10629.0
2026-02-25 20:49:00+00:00,145.72999572753906,145.72999572753906,145.66000366210938,145.66799926757812,7372.0
2026-02-25 20:50:00+00:00,145.66000366210938,145.8699951171875,145.60000610351562,145.8350067138672,18624.0
2026-02-25 20:51:00+00:00,145.8800048828125,145.9499969482422,145.8699951171875,145.8800048828125,16044.0
2026-02-25 20:52:00+00:00,145.90499877929688,145.97999572753906,145.90499877929688,145.91000366210938,18223.0
2026-02-25 20:53:00+00:00,145.92999267578125,145.99000549316406,145.9149932861328,145.93499755859375,16451.0
2026-02-25 20:54:00+00:00,145.9499969482422,145.97000122070312,145.82009887695312,145.86000061035156,33213.0
2026-02-25 20:55:00+00:00,145.8800048828125,145.8800048828125,145.76499938964844,145.76499938964844,22613.0
2026-02-25 20:56:00+00:00,145.76499938964844,145.80999755859375,145.74000549316406,145.74000549316406,35223.0
2026-02-25 20:57:00+00:00,145.72999572753906,145.82699584960938,145.6999969482422,145.8000030517578,38894.0
2026-02-25 20:58:00+00:00,145.8000030517578,145.85000610351562,145.7899932861328,145.8300018310547,60384.0
2026-02-25 20:59:00+00:00,145.83999633789062,145.91000366210938,145.8300018310547,145.8300018310547,139628.0
2026-02-26 14:30:00+00:00,145.94000244140625,146.02000427246094,145.30999755859375,145.52999877929688,129996.0
2026-02-26 14:31:00+00:00,145.4499969482422,146.10000610351562,145.38999938964844,145.88999938964844,13964.0
2026-02-26 14:32:00+00:00,145.9600067138672,146.47999572753906,145.8800048828125,146.39500427246094,60566.0
2026-02-26 14:33:00+00:00,146.4600067138672,146.5500030517578,146.3300018310547,146.40499877929688,0.0
2026-02-26 14:34:00+00:00,146.52000427246094,146.5800018310547,146.3699951171875,146.53500366210938,10742.0
2026-02-26 14:35:00+00:00,146.64999389648438,146.75,146.63999938964844,146.6750030517578,16109.0
2026-02-26 14:36:00+00:00,146.67999267578125,146.72000122070312,146.35000610351562,146.4149932861328,14449.0
2026-02-26 14:37:00+00:00,146.35000610351562,146.66000366210938,146.35000610351562,146.39500427246094,10958.0
2026-02-26 14:38:00+00:00,146.44000244140625,146.55999755859375,146.0,146.0449981689453,20845.0
2026-02-26 14:39:00+00:00,146.07000732421875,146.3300018310547,146.07000732421875,146.1199951171875,10909.0
2026-02-26 14:40:00+00:00,146.15020751953125,146.19000244140625,145.9600067138672,146.0050048828125,8740.0
2026-02-26 14:41:00+00:00,145.99600219726562,146.12869262695312,145.97999572753906,146.0449981689453,6914.0
2026-02-26 14:42:00+00:00,146.02999877929688,146.1199951171875,145.92999267578125,146.02999877929688,10303.0
2026-02-26 14:43:00+00:00,146.0800018310547,146.44000244140625,146.0749969482422,146.44000244140625,9704.0
2026-02-26 14:44:00+00:00,146.41000366210938,146.74000549316406,146.41000366210938,146.72000122070312,23162.0
2026-02-26 14:45:00+00:00,146.75999450683594,146.75999450683594,146.360107421875,146.50999450683594,22498.0
2026-02-26 14:46:00+00:00,146.47000122070312,146.6199951171875,146.33999633789062,146.42999267578125,16776.0
2026-02-26 14:47:00+00:00,146.30999755859375,146.4600067138672,146.2100067138672,146.25999450683594,24738.0
2026-02-26 14:48:00+00:00,146.22999572753906,146.25660705566406,145.99000549316406,146.1300048828125,26051.0
2026-02-26 14:49:00+00:00,146.1999969482422,146.3000030517578,146.1300048828125,146.2104949951172,9172.0
2026-02-26 14:50:00+00:00,146.27999877929688,146.39999389648438,146.2449951171875,146.35000610351562,199518.0
2026-02-26 14:51:00+00:00,146.30499267578125,146.30499267578125,145.8800048828125,145.91000366210938,28686.0
2026-02-26 14:52:00+00:00,145.91000366210938,146.38999938964844,145.89999389648438,146.27000427246094,0.0
2026-02-26 14:53:00+00:00,146.3699951171875,146.5399932861328,146.2100067138672,146.35000610351562,12539.0
2026-02-26 14:54:00+00:00,146.3000030517578,146.3000030517578,146.0811004638672,146.1999969482422,12942.0
2026-02-26 14:55:00+00:00,146.13999938964844,146.3800048828125,146.13999938964844,146.27000427246094,229895.0
2026-02-26 14:56:00+00:00,146.30999755859375,146.3300018310547,145.99000549316406,145.99000549316406,0.0
2026-02-26 14:57:00+00:00,145.92999267578125,146.05999755859375,145.89999389648438,146.00999450683594,244531.0
2026-02-26 14:58:00+00:00,146.00999450683594,146.1699981689453,145.94500732421875,146.13499450683594,16696.0
2026-02-26 14:59:00+00:00,146.13499450683594,146.22000122070312,145.91000366210938,145.94000244140625,0.0
2026-02-26 15:00:00+00:00,145.94000244140625,146.02999877929688,145.8791046142578,145.88999938964844,11075.0
2026-02-26 15:01:00+00:00,145.88999938964844,145.9199981689453,145.67959594726562,145.7949981689453,22612.0
2026-02-26 15:02:00+00:00,145.7949981689453,145.83999633789062,145.71009826660156,145.83999633789062,8759.0
2026-02-26 15:03:00+00:00,145.8699951171875,146.14999389648438,145.8699951171875,146.1300048828125,17479.0
2026-02-26 15:04:00+00:00,146.14999389648438,146.27000427246094,146.14999389648438,146.22500610351562,7085.0
2026-02-26 15:05:00+00:00,146.22500610351562,146.35000610351562,146.10000610351562,146.10000610351562,334050.0
2026-02-26 15:06:00+00:00,146.1300048828125,146.39999389648438,146.10000610351562,146.38999938964844,0.0
2026-02-26 15:07:00+00:00,146.375,146.4600067138672,146.2899932861328,146.4199981689453,12104.0
2026-02-26 15:08:00+00:00,146.4199981689453,146.64500427246094,146.38999938964844,146.64500427246094,15645.0
2026-02-26 15:09:00+00:00,146.6300048828125,146.7899932861328,146.57000732421875,146.72000122070312,28779.0
2026-02-26 15:10:00+00:00,146.75999450683594,146.94000244140625,146.6739959716797,146.94000244140625,371234.0
2026-02-26 15:11:00+00:00,146.88999938964844,146.94000244140625,146.75999450683594,146.77499389648438,0.0
2026-02-26 15:12:00+00:00,146.77000427246094,146.77999877929688,146.47000122070312,146.47999572753906,15916.0
2026-02-26 15:13:00+00:00,146.4199981689453,146.52000427246094,146.30999755859375,146.33999633789062,31771.0
2026-02-26 15:14:00+00:00,146.33999633789062,146.39999389648438,146.25999450683594,146.36500549316406,15585.0
2026-02-26 15:15:00+00:00,146.36500549316406,146.36500549316406,146.14999389648438,146.20750427246094,15544.0
2026-02-26 15:16:00+00:00,146.1699981689453,146.1699981689453,145.75999450683594,145.8800048828125,16565.0
2026-02-26 15:17:00+00:00,145.9199981689453,146.05999755859375,145.91000366210938,145.99000549316406,11690.0
2026-02-26 15:18:00+00:00,146.02699279785156,146.08999633789062,145.96499633789062,146.02000427246094,15403.0
2026-02-26 15:19:00+00:00,146.02000427246094,146.05499267578125,145.94000244140625,146.0,12132.0
2026-02-26 15:20:00+00:00,146.05999755859375,146.27999877929688,145.9199981689453,145.9499969482422,22496.0
2026-02-26 15:21:00+00:00,145.9499969482422,146.0,145.72999572753906,145.7550048828125,17526.0
2026-02-26 15:22:00+00:00,145.7899932861328,145.97250366210938,145.6999969482422,145.9550018310547,27095.0
2026-02-26 15:23:00+00:00,145.92999267578125,146.07000732421875,145.86000061035156,146.0449981689453,35015.0
2026-02-26 15:24:00+00:00,146.0449981689453,146.0449981689453,145.76499938964844,145.77999877929688,479893.0
2026-02-26 15:25:00+00:00,145.80999755859375,145.8699951171875,145.72999572753906,145.76499938964844,0.0
2026-02-26 15:26:00+00:00,145.7949981689453,145.97000122070312,145.75999450683594,145.93499755859375,17898.0
2026-02-26 15:27:00+00:00,145.92999267578125,145.92999267578125,145.52000427246094,145.53500366210938,554547.0
2026-02-26 15:28:00+00:00,145.53500366210938,145.72500610351562,145.53500366210938,145.66000366210938,0.0
2026-02-26 15:29:00+00:00,145.6699981689453,145.85000610351562,145.6649932861328,145.7899932861328,15023.0
2026-02-26 15:30:00+00:00,145.82000732421875,145.89999389648438,145.74000549316406,145.80999755859375,17769.0
2026-02-26 15:31:00+00:00,145.80999755859375,146.24000549316406,145.7899932861328,146.1300048828125,554119.0
2026-02-26 15:32:00+00:00,146.1300048828125,146.1999969482422,146.00999450683594,146.00999450683594,0.0
2026-02-26 15:33:00+00:00,145.97000122070312,145.97999572753906,145.82130432128906,145.9250030517578,8219.0
2026-02-26 15:34:00+00:00,145.94000244140625,145.9499969482422,145.8153076171875,145.92999267578125,563913.0
2026-02-26 15:35:00+00:00,145.94000244140625,146.1199951171875,145.91000366210938,146.0800018310547,0.0
2026-02-26 15:36:00+00:00,146.0500030517578,146.10000610351562,145.85499572753906,145.94500732421875,6704.0
2026-02-26 15:37:00+00:00,145.99000549316406,146.19000244140625,145.99000549316406,146.06500244140625,10810.0
2026-02-26 15:38:00+00:00,146.08999633789062,146.27000427246094,146.0,146.27000427246094,6983.0
2026-02-26 15:39:00+00:00,146.23500061035156,146.27000427246094,146.10499572753906,146.13999938964844,10662.0
2026-02-26 15:40:00+00:00,146.22000122070312,146.42999267578125,146.19500732421875,146.32000732421875,11778.0
2026-02-26 15:41:00+00:00,146.32000732421875,146.3300018310547,146.1300048828125,146.19000244140625,9051.0
2026-02-26 15:42:00+00:00,146.11480712890625,146.1300048828125,145.97000122070312,146.02999877929688,11380.0
2026-02-26 15:43:00+00:00,146.00999450683594,146.08999633789062,145.97999572753906,145.97999572753906,14626.0
2026-02-26 15:44:00+00:00,146.0,146.1199951171875,145.9199981689453,146.05999755859375,13820.0
2026-02-26 15:45:00+00:00,146.08999633789062,146.36000061035156,146.08999633789062,146.35000610351562,12663.0
2026-02-26 15:46:00+00:00,146.35000610351562,146.3699951171875,146.13999938964844,146.14500427246094,21772.0
2026-02-26 15:47:00+00:00,146.13999938964844,146.47999572753906,146.1300048828125,146.42999267578125,656339.0
2026-02-26 15:48:00+00:00,146.4250030517578,146.55999755859375,146.3800048828125,146.3800048828125,30252.0
2026-02-26 15:49:00+00:00,146.3800048828125,146.3800048828125,146.32000732421875,146.3249969482422,0.0
2026-02-26 15:50:00+00:00,146.3249969482422,146.3249969482422,146.18499755859375,146.25999450683594,8239.0
2026-02-26 15:51:00+00:00,146.25,146.32000732421875,146.1199951171875,146.32000732421875,17028.0
2026-02-26 15:52:00+00:00,146.27999877929688,146.57000732421875,146.27999877929688,146.47999572753906,22809.0
2026-02-26 15:53:00+00:00,146.47000122070312,146.47000122070312,146.27999877929688,146.27999877929688,12320.0
2026-02-26 15:54:00+00:00,146.26499938964844,146.32000732421875,146.2100067138672,146.21499633789062,11932.0
2026-02-26 15:55:00+00:00,146.22999572753906,146.2899932861328,146.19000244140625,146.22500610351562,19113.0
2026-02-26 15:56:00+00:00,146.1999969482422,146.226806640625,146.05499267578125,146.125,711866.0
2026-02-26 15:57:00+00:00,146.08999633789062,146.14500427246094,145.97000122070312,146.0500030517578,0.0
2026-02-26 15:58:00+00:00,146.0500030517578,146.1999969482422,146.02999877929688,146.15499877929688,13553.0
2026-02-26 15:59:00+00:00,146.14500427246094,146.19000244140625,146.07000732421875,146.11500549316406,19713.0
2026-02-26 16:00:00+00:00,146.13999938964844,146.27999877929688,146.13999938964844,146.25,25821.0
2026-02-26 16:01:00+00:00,146.24000549316406,146.2899932861328,146.17999267578125,146.2100067138672,18443.0
2026-02-26 16:02:00+00:00,146.2050018310547,146.25999450683594,146.02999877929688,146.19500732421875,21412.0
2026-02-26 16:03:00+00:00,146.25,146.25149536132812,146.0,146.0,765910.0
2026-02-26 16:04:00+00:00,146.02000427246094,146.1300048828125,146.00999450683594,146.1300048828125,0.0
2026-02-26 16:05:00+00:00,146.11000061035156,146.22999572753906,146.10000610351562,146.14999389648438,772365.0
2026-02-26 16:06:00+00:00,146.1699981689453,146.1699981689453,145.97000122070312,146.0800018310547,0.0
2026-02-26 16:07:00+00:00,146.09500122070312,146.49000549316406,146.09500122070312,146.47999572753906,11901.0
2026-02-26 16:08:00+00:00,146.3800048828125,146.5500030517578,146.36000061035156,146.5399932861328,11919.0
2026-02-26 16:09:00+00:00,146.52499389648438,146.6199951171875,146.4600067138672,146.47999572753906,10282.0
2026-02-26 16:10:00+00:00,146.47999572753906,146.52090454101562,146.41000366210938,146.4250030517578,9605.0
2026-02-26 16:11:00+00:00,146.39999389648438,146.48500061035156,146.3699951171875,146.40499877929688,10614.0
2026-02-26 16:12:00+00:00,146.4149932861328,146.63999938964844,146.38999938964844,146.5800018310547,14143.0
2026-02-26 16:13:00+00:00,146.5399932861328,146.60000610351562,146.52000427246094,146.55999755859375,13430.0
2026-02-26 16:14:00+00:00,146.60000610351562,146.67999267578125,146.52000427246094,146.6699981689453,14566.0
2026-02-26 16:15:00+00:00,146.64999389648438,146.66000366210938,146.5800018310547,146.6199951171875,12027.0
2026-02-26 16:16:00+00:00,146.66000366210938,146.66000366210938,146.52139282226562,146.59500122070312,825504.0
2026-02-26 16:17:00+00:00,146.56539916992188,146.5800018310547,146.39999389648438,146.42250061035156,0.0
2026-02-26 16:18:00+00:00,146.4250030517578,146.4499969482422,146.33999633789062,146.39500427246094,6332.0
2026-02-26 16:19:00+00:00,146.39500427246094,146.44000244140625,146.27000427246094,146.27000427246094,16929.0
2026-02-26 16:20:00+00:00,146.2550048828125,146.3350067138672,146.2100067138672,146.24000549316406,867508.0
2026-02-26 16:21:00+00:00,146.22999572753906,146.25999450683594,146.07000732421875,146.10000610351562,0.0
2026-02-26 16:22:00+00:00,146.08999633789062,146.13999938964844,145.89500427246094,145.91549682617188,12594.0
2026-02-26 16:23:00+00:00,145.89500427246094,145.9499969482422,145.80999755859375,145.88499450683594,878628.0
2026-02-26 16:24:00+00:00,145.8800048828125,145.99000549316406,145.8800048828125,145.99000549316406,0.0
2026-02-26 16:25:00+00:00,145.9600067138672,146.0,145.77999877929688,145.91000366210938,11211.0
2026-02-26 16:26:00+00:00,145.92999267578125,145.9600067138672,145.82000732421875,145.86000061035156,9944.0
2026-02-26 16:27:00+00:00,145.84500122070312,146.0399932861328,145.84500122070312,146.00999450683594,8127.0
2026-02-26 16:28:00+00:00,146.00999450683594,146.08999633789062,145.9199981689453,145.97999572753906,896832.0
2026-02-26 16:29:00+00:00,146.0,146.07989501953125,145.89010620117188,146.02000427246094,0.0
2026-02-26 16:30:00+00:00,146.0399932861328,146.05499267578125,145.94000244140625,145.94000244140625,10223.0
2026-02-26 16:31:00+00:00,145.94000244140625,145.94000244140625,145.75999450683594,145.77999877929688,5915.0
2026-02-26 16:32:00+00:00,145.77000427246094,145.97000122070312,145.77000427246094,145.9199981689453,14904.0
2026-02-26 16:33:00+00:00,145.8699951171875,145.875,145.6999969482422,145.7050018310547,3715.0
2026-02-26 16:34:00+00:00,145.72000122070312,145.73500061035156,145.6199951171875,145.69000244140625,910127.0
2026-02-26 16:35:00+00:00,145.6956024169922,145.73989868164062,145.55999755859375,145.61000061035156,0.0
2026-02-26 16:36:00+00:00,145.52999877929688,145.52999877929688,145.40499877929688,145.44000244140625,10694.0
2026-02-26 16:37:00+00:00,145.35000610351562,145.3699951171875,145.3000030517578,145.3000030517578,4250.0
2026-02-26 16:38:00+00:00,145.27999877929688,145.27999877929688,145.19500732421875,145.25079345703125,7793.0
2026-02-26 16:39:00+00:00,145.23500061035156,145.23500061035156,145.14500427246094,145.14500427246094,4878.0
2026-02-26 16:40:00+00:00,145.16000366210938,145.25,145.16000366210938,145.23500061035156,10839.0
2026-02-26 16:41:00+00:00,145.27999877929688,145.32000732421875,145.16000366210938,145.32000732421875,939517.0
2026-02-26 16:42:00+00:00,145.3022003173828,145.42999267578125,145.25,145.3800048828125,0.0
2026-02-26 16:43:00+00:00,145.38499450683594,145.4600067138672,145.32000732421875,145.3300018310547,18548.0
2026-02-26 16:44:00+00:00,145.3498992919922,145.3498992919922,145.19000244140625,145.19000244140625,12098.0
2026-02-26 16:45:00+00:00,145.2100067138672,145.25,145.0500030517578,145.10000610351562,10116.0
2026-02-26 16:46:00+00:00,145.0800018310547,145.23500061035156,145.02000427246094,145.13999938964844,15272.0
2026-02-26 16:47:00+00:00,145.25999450683594,145.25999450683594,145.2100067138672,145.22500610351562,1302.0
2026-02-26 16:48:00+00:00,145.2550048828125,145.30999755859375,145.2550048828125,145.30999755859375,2642.0
2026-02-26 16:49:00+00:00,145.3300018310547,145.5,145.3300018310547,145.44000244140625,5427.0
2026-02-26 16:50:00+00:00,145.4199981689453,145.4199981689453,145.3300018310547,145.35000610351562,3604.0
2026-02-26 16:51:00+00:00,145.25999450683594,145.4250030517578,145.25,145.3699951171875,966177.0
2026-02-26 16:52:00+00:00,145.36000061035156,145.44000244140625,145.32000732421875,145.32000732421875,0.0
2026-02-26 16:53:00+00:00,145.3000030517578,145.41000366210938,145.2700958251953,145.41000366210938,9800.0
2026-02-26 16:54:00+00:00,145.44000244140625,145.44000244140625,145.32000732421875,145.39999389648438,4413.0
2026-02-26 16:55:00+00:00,145.3699951171875,145.43499755859375,145.3699951171875,145.38999938964844,7307.0
2026-02-26 16:56:00+00:00,145.35000610351562,145.43499755859375,145.30099487304688,145.30450439453125,7332.0
2026-02-26 16:57:00+00:00,145.30499267578125,145.41000366210938,145.3000030517578,145.41000366210938,9374.0
2026-02-26 16:58:00+00:00,145.41000366210938,145.6199951171875,145.41000366210938,145.5800018310547,18776.0
2026-02-26 16:59:00+00:00,145.58999633789062,145.68499755859375,145.47000122070312,145.5399932861328,17361.0
2026-02-26 17:00:00+00:00,145.52000427246094,145.6300048828125,145.47500610351562,145.6300048828125,6082.0
2026-02-26 17:01:00+00:00,145.6300048828125,145.64500427246094,145.44500732421875,145.5153045654297,16685.0
2026-02-26 17:02:00+00:00,145.44000244140625,145.49839782714844,145.38999938964844,145.39999389648438,9163.0
2026-02-26 17:03:00+00:00,145.3800048828125,145.54989624023438,145.36000061035156,145.54989624023438,7891.0
2026-02-26 17:04:00+00:00,145.49000549316406,145.59500122070312,145.49000549316406,145.59500122070312,7281.0
2026-02-26 17:05:00+00:00,145.63499450683594,145.74000549316406,145.60000610351562,145.61000061035156,4925.0
2026-02-26 17:06:00+00:00,145.60000610351562,145.6999969482422,145.5399932861328,145.55999755859375,4114.0
2026-02-26 17:07:00+00:00,145.52999877929688,145.71499633789062,145.52999877929688,145.62600708007812,12092.0
2026-02-26 17:08:00+00:00,145.6750030517578,145.71620178222656,145.63999938964844,145.69000244140625,5987.0
2026-02-26 17:09:00+00:00,145.66000366210938,145.69000244140625,145.60000610351562,145.60000610351562,8410.0
2026-02-26 17:10:00+00:00,145.6300048828125,145.63999938964844,145.61500549316406,145.61500549316406,3212.0
2026-02-26 17:11:00+00:00,145.61500549316406,145.67999267578125,145.58999633789062,145.63999938964844,6261.0
2026-02-26 17:12:00+00:00,145.61000061035156,145.66000366210938,145.5399932861328,145.63999938964844,1056777.0
2026-02-26 17:13:00+00:00,145.64999389648438,145.64999389648438,145.50999450683594,145.5500030517578,0.0
2026-02-26 17:14:00+00:00,145.52499389648438,145.5399932861328,145.46499633789062,145.49000549316406,4334.0
2026-02-26 17:15:00+00:00,145.52000427246094,145.52000427246094,145.3699951171875,145.3699951171875,3459.0
2026-02-26 17:16:00+00:00,145.38999938964844,145.44500732421875,145.32000732421875,145.3300018310547,6837.0
2026-02-26 17:17:00+00:00,145.3300018310547,145.33999633789062,145.27999877929688,145.33999633789062,4411.0
2026-02-26 17:18:00+00:00,145.3249969482422,145.35000610351562,145.25999450683594,145.3300018310547,9751.0
2026-02-26 17:19:00+00:00,145.3350067138672,145.44000244140625,145.27000427246094,145.36000061035156,6826.0
2026-02-26 17:20:00+00:00,145.35499572753906,145.36000061035156,145.3000030517578,145.3000030517578,3702.0
2026-02-26 17:21:00+00:00,145.3249969482422,145.3249969482422,145.14999389648438,145.14999389648438,12796.0
2026-02-26 17:22:00+00:00,145.1300048828125,145.1300048828125,145.09500122070312,145.10000610351562,3193.0
2026-02-26 17:23:00+00:00,145.0800018310547,145.08999633789062,144.91009521484375,144.97500610351562,35604.0
2026-02-26 17:24:00+00:00,144.99000549316406,145.0,144.9600067138672,144.97999572753906,3830.0
2026-02-26 17:25:00+00:00,144.9600067138672,144.99000549316406,144.9199981689453,144.9550018310547,7611.0
2026-02-26 17:26:00+00:00,144.92010498046875,144.9499969482422,144.89999389648438,144.91799926757812,6245.0
2026-02-26 17:27:00+00:00,144.93499755859375,144.9488067626953,144.89999389648438,144.9199981689453,7521.0
2026-02-26 17:28:00+00:00,144.8699951171875,145.07000732421875,144.85009765625,145.0500030517578,27354.0
2026-02-26 17:29:00+00:00,145.05999755859375,145.0800018310547,145.00999450683594,145.0800018310547,8857.0
2026-02-26 17:30:00+00:00,145.11000061035156,145.19000244140625,145.11000061035156,145.1699981689453,4115.0
2026-02-26 17:31:00+00:00,145.1999969482422,145.2115020751953,145.09120178222656,145.1699981689453,27892.0
2026-02-26 17:32:00+00:00,145.17999267578125,145.25,145.10000610351562,145.10000610351562,22124.0
2026-02-26 17:33:00+00:00,145.22999572753906,145.2899932861328,145.16000366210938,145.22500610351562,13852.0
2026-02-26 17:34:00+00:00,145.22000122070312,145.27000427246094,145.2196044921875,145.27000427246094,13061.0
2026-02-26 17:35:00+00:00,145.16000366210938,145.16000366210938,145.04969787597656,145.10499572753906,13626.0
2026-02-26 17:36:00+00:00,145.08999633789062,145.1699981689453,145.0850067138672,145.1300048828125,9415.0
2026-02-26 17:37:00+00:00,145.10000610351562,145.10000610351562,144.9600067138672,144.9600067138672,12459.0
2026-02-26 17:38:00+00:00,144.96499633789062,145.0399932861328,144.96499633789062,145.02999877929688,8947.0
2026-02-26 17:39:00+00:00,145.02000427246094,145.0800018310547,145.02000427246094,145.0800018310547,4299.0
2026-02-26 17:40:00+00:00,145.07000732421875,145.09500122070312,144.9250030517578,144.94000244140625,8573.0
2026-02-26 17:41:00+00:00,144.97000122070312,145.0299072265625,144.88999938964844,144.89999389648438,11543.0
2026-02-26 17:42:00+00:00,144.8773956298828,144.9499969482422,144.8773956298828,144.89999389648438,6180.0
2026-02-26 17:43:00+00:00,144.9199981689453,144.94000244140625,144.89999389648438,144.93499755859375,1180881.0
2026-02-26 17:44:00+00:00,144.9149932861328,144.94000244140625,144.89999389648438,144.94000244140625,0.0
2026-02-26 17:45:00+00:00,144.92999267578125,144.9600067138672,144.89999389648438,144.9499969482422,8738.0
2026-02-26 17:46:00+00:00,144.9595947265625,144.99000549316406,144.92010498046875,144.92010498046875,8030.0
2026-02-26 17:47:00+00:00,144.9949951171875,145.0,144.97999572753906,145.0,4732.0
2026-02-26 17:48:00+00:00,144.9949951171875,145.2100067138672,144.97000122070312,145.19500732421875,16266.0
2026-02-26 17:49:00+00:00,145.13499450683594,145.19000244140625,145.0399932861328,145.0850067138672,20780.0
2026-02-26 17:50:00+00:00,145.08340454101562,145.08340454101562,145.02999877929688,145.0500030517578,2519.0
2026-02-26 17:51:00+00:00,145.03500366210938,145.2949981689453,145.03500366210938,145.21499633789062,5829.0
2026-02-26 17:52:00+00:00,145.1999969482422,145.3000030517578,145.1999969482422,145.2899932861328,2596.0
2026-02-26 17:53:00+00:00,145.2899932861328,145.3300018310547,145.1699981689453,145.1699981689453,7916.0
2026-02-26 17:54:00+00:00,145.25,145.33999633789062,145.24000549316406,145.33990478515625,6869.0
2026-02-26 17:55:00+00:00,145.30999755859375,145.36000061035156,145.2899932861328,145.2899932861328,4958.0
2026-02-26 17:56:00+00:00,145.3000030517578,145.40499877929688,145.3000030517578,145.35000610351562,4872.0
2026-02-26 17:57:00+00:00,145.35000610351562,145.35000610351562,145.30999755859375,145.30999755859375,1466.0
2026-02-26 17:58:00+00:00,145.30999755859375,145.38999938964844,145.30999755859375,145.38999938964844,6690.0
2026-02-26 17:59:00+00:00,145.39999389648438,145.44000244140625,145.39010620117188,145.4199981689453,1230449.0
2026-02-26 18:00:00+00:00,145.44000244140625,145.4499053955078,145.35000610351562,145.35000610351562,0.0
2026-02-26 18:01:00+00:00,145.35000610351562,145.42990112304688,145.35000610351562,145.36000061035156,13574.0
2026-02-26 18:02:00+00:00,145.35000610351562,145.39999389648438,145.33599853515625,145.3800048828125,3636.0
2026-02-26 18:03:00+00:00,145.3800048828125,145.39999389648438,145.27000427246094,145.3000030517578,1239355.0
2026-02-26 18:04:00+00:00,145.25999450683594,145.32000732421875,145.25999450683594,145.27000427246094,0.0
2026-02-26 18:05:00+00:00,145.25999450683594,145.36000061035156,145.25999450683594,145.3000030517578,7977.0
2026-02-26 18:06:00+00:00,145.30499267578125,145.32000732421875,145.19419860839844,145.19419860839844,5188.0
2026-02-26 18:07:00+00:00,145.17999267578125,145.19000244140625,145.13999938964844,145.14999389648438,4049.0
2026-02-26 18:08:00+00:00,145.13999938964844,145.13999938964844,144.99000549316406,145.0399932861328,8701.0
2026-02-26 18:09:00+00:00,144.99000549316406,145.0500030517578,144.99000549316406,145.0500030517578,3506.0
2026-02-26 18:10:00+00:00,145.05999755859375,145.1300048828125,145.05999755859375,145.1300048828125,5955.0
2026-02-26 18:11:00+00:00,145.08999633789062,145.19000244140625,145.0500030517578,145.19000244140625,6716.0
2026-02-26 18:12:00+00:00,145.19000244140625,145.2183074951172,145.16000366210938,145.16000366210938,4444.0
2026-02-26 18:13:00+00:00,145.19000244140625,145.27999877929688,145.19000244140625,145.27999877929688,7416.0
2026-02-26 18:14:00+00:00,145.27000427246094,145.36000061035156,145.27000427246094,145.36000061035156,6922.0
2026-02-26 18:15:00+00:00,145.33999633789062,145.36000061035156,145.17999267578125,145.17999267578125,13018.0
2026-02-26 18:16:00+00:00,145.1790008544922,145.1790008544922,145.05499267578125,145.11000061035156,6167.0
2026-02-26 18:17:00+00:00,145.10499572753906,145.3000030517578,145.10499572753906,145.28500366210938,4293.0
2026-02-26 18:18:00+00:00,145.30999755859375,145.33999633789062,145.30499267578125,145.3300018310547,8397.0
2026-02-26 18:19:00+00:00,145.32000732421875,145.36000061035156,145.30499267578125,145.33999633789062,6035.0
2026-02-26 18:20:00+00:00,145.32000732421875,145.3350067138672,145.1999969482422,145.22000122070312,4968.0
2026-02-26 18:21:00+00:00,145.25999450683594,145.25999450683594,145.16000366210938,145.16000366210938,1631.0
2026-02-26 18:22:00+00:00,145.1699981689453,145.27000427246094,145.1699981689453,145.2550048828125,8371.0
2026-02-26 18:23:00+00:00,145.2449951171875,145.3300018310547,145.22999572753906,145.3300018310547,12500.0
2026-02-26 18:24:00+00:00,145.3000030517578,145.38999938964844,145.27000427246094,145.3699951171875,5316.0
2026-02-26 18:25:00+00:00,145.35499572753906,145.36000061035156,145.30999755859375,145.34710693359375,5374.0
2026-02-26 18:26:00+00:00,145.36000061035156,145.4199981689453,145.36000061035156,145.4199981689453,2724.0
2026-02-26 18:27:00+00:00,145.49000549316406,145.5,145.39999389648438,145.39999389648438,5089.0
2026-02-26 18:28:00+00:00,145.393798828125,145.39500427246094,145.3800048828125,145.3800048828125,1271.0
2026-02-26 18:29:00+00:00,145.39999389648438,145.39999389648438,145.32000732421875,145.35499572753906,13223.0
2026-02-26 18:30:00+00:00,145.35000610351562,145.41000366210938,145.35000610351562,145.40699768066406,5484.0
2026-02-26 18:31:00+00:00,145.39500427246094,145.40249633789062,145.25,145.35499572753906,10117.0
2026-02-26 18:32:00+00:00,145.33999633789062,145.33999633789062,145.1999969482422,145.24000549316406,7321.0
2026-02-26 18:33:00+00:00,145.23500061035156,145.33999633789062,145.1699981689453,145.3350067138672,7447.0
2026-02-26 18:34:00+00:00,145.35499572753906,145.4199981689453,145.25999450683594,145.3699951171875,7149.0
2026-02-26 18:35:00+00:00,145.3699951171875,145.3699951171875,145.25999450683594,145.25999450683594,3250.0
2026-02-26 18:36:00+00:00,145.3000030517578,145.39999389648438,145.3000030517578,145.39999389648438,3653.0
2026-02-26 18:37:00+00:00,145.4499969482422,145.52000427246094,145.39999389648438,145.43089294433594,8704.0
2026-02-26 18:38:00+00:00,145.3800048828125,145.3800048828125,145.3300018310547,145.3300018310547,2805.0
2026-02-26 18:39:00+00:00,145.3800048828125,145.42010498046875,145.36500549316406,145.4149932861328,2855.0
2026-02-26 18:40:00+00:00,145.4149932861328,145.4149932861328,145.3000030517578,145.3000030517578,6464.0
2026-02-26 18:41:00+00:00,145.3699951171875,145.38999938964844,145.34219360351562,145.3699951171875,2366.0
2026-02-26 18:42:00+00:00,145.3699951171875,145.3699951171875,145.25999450683594,145.30499267578125,4982.0
2026-02-26 18:43:00+00:00,145.33999633789062,145.42999267578125,145.33999633789062,145.42999267578125,6579.0
2026-02-26 18:44:00+00:00,145.44000244140625,145.5800018310547,145.44000244140625,145.50999450683594,7203.0
2026-02-26 18:45:00+00:00,145.63079833984375,145.69000244140625,145.60000610351562,145.69000244140625,7875.0
2026-02-26 18:46:00+00:00,145.6259002685547,145.6699981689453,145.57000732421875,145.57000732421875,3245.0
2026-02-26 18:47:00+00:00,145.53750610351562,145.53750610351562,145.4149932861328,145.4149932861328,3026.0
2026-02-26 18:48:00+00:00,145.44000244140625,145.44000244140625,145.30999755859375,145.33999633789062,6645.0
2026-02-26 18:49:00+00:00,145.3000030517578,145.30999755859375,145.27999877929688,145.28970336914062,2592.0
2026-02-26 18:50:00+00:00,145.3000030517578,145.30999755859375,145.16000366210938,145.16510009765625,4900.0
2026-02-26 18:51:00+00:00,145.14999389648438,145.16000366210938,145.1199951171875,145.14999389648438,5064.0
2026-02-26 18:52:00+00:00,145.14999389648438,145.19000244140625,145.14999389648438,145.1649932861328,2541.0
2026-02-26 18:53:00+00:00,145.1999969482422,145.27000427246094,145.1999969482422,145.2100067138672,3063.0
2026-02-26 18:54:00+00:00,145.19850158691406,145.1999969482422,145.16000366210938,145.1699981689453,2747.0
2026-02-26 18:55:00+00:00,145.13999938964844,145.18499755859375,145.13999938964844,145.18499755859375,5263.0
2026-02-26 18:56:00+00:00,145.2100067138672,145.3000030517578,145.18499755859375,145.3000030517578,8076.0
2026-02-26 18:57:00+00:00,145.3000030517578,145.3000030517578,145.2100067138672,145.25,2564.0
2026-02-26 18:58:00+00:00,145.2899932861328,145.2899932861328,145.24000549316406,145.24000549316406,3307.0
2026-02-26 18:59:00+00:00,145.2946014404297,145.3300018310547,145.27999877929688,145.27999877929688,4491.0
2026-02-26 19:00:00+00:00,145.25999450683594,145.25999450683594,144.85000610351562,145.0,40503.0
2026-02-26 19:01:00+00:00,145.0,145.08999633789062,144.8800048828125,145.02999877929688,14186.0
2026-02-26 19:02:00+00:00,144.97500610351562,144.97999572753906,144.63999938964844,144.80999755859375,29364.0
2026-02-26 19:03:00+00:00,144.83009338378906,145.10000610351562,144.83009338378906,145.0399932861328,9050.0
2026-02-26 19:04:00+00:00,145.00999450683594,145.05999755859375,144.52000427246094,144.55999755859375,24521.0
2026-02-26 19:05:00+00:00,144.5449981689453,144.8000030517578,144.52999877929688,144.8000030517578,13243.0
2026-02-26 19:06:00+00:00,144.80999755859375,144.94000244140625,144.80999755859375,144.94000244140625,7953.0
2026-02-26 19:07:00+00:00,144.95799255371094,144.9600067138672,144.89999389648438,144.9600067138672,3274.0
2026-02-26 19:08:00+00:00,144.9499969482422,144.9499969482422,144.9199981689453,144.93499755859375,3812.0
2026-02-26 19:09:00+00:00,144.92010498046875,145.19979858398438,144.89999389648438,145.16000366210938,9952.0
2026-02-26 19:10:00+00:00,145.19000244140625,145.3300018310547,145.17999267578125,145.27499389648438,1423346.0
2026-02-26 19:11:00+00:00,145.27000427246094,145.32049560546875,145.26499938964844,145.32049560546875,0.0
2026-02-26 19:12:00+00:00,145.32000732421875,145.3800048828125,145.32000732421875,145.375,3773.0
2026-02-26 19:13:00+00:00,145.32000732421875,145.37210083007812,145.27000427246094,145.37210083007812,4397.0
2026-02-26 19:14:00+00:00,145.36500549316406,145.47999572753906,145.33999633789062,145.39999389648438,9484.0
2026-02-26 19:15:00+00:00,145.38999938964844,145.44500732421875,145.3699951171875,145.44500732421875,3833.0
2026-02-26 19:16:00+00:00,145.44500732421875,145.57000732421875,145.44500732421875,145.52499389648438,9992.0
2026-02-26 19:17:00+00:00,145.5,145.5093994140625,145.4199981689453,145.4199981689453,6194.0
2026-02-26 19:18:00+00:00,145.47000122070312,145.60000610351562,145.44000244140625,145.44000244140625,3285.0
2026-02-26 19:19:00+00:00,145.47000122070312,145.5050048828125,145.46499633789062,145.5050048828125,2739.0
2026-02-26 19:20:00+00:00,145.42999267578125,145.4470977783203,145.36000061035156,145.3699951171875,6889.0
2026-02-26 19:21:00+00:00,145.32000732421875,145.3699951171875,145.1649932861328,145.16510009765625,8408.0
2026-02-26 19:22:00+00:00,145.1999053955078,145.1999969482422,145.1300048828125,145.1300048828125,7231.0
2026-02-26 19:23:00+00:00,145.13999938964844,145.2100067138672,145.13999938964844,145.14500427246094,8493.0
2026-02-26 19:24:00+00:00,145.10000610351562,145.2899932861328,145.10000610351562,145.2899932861328,3340.0
2026-02-26 19:25:00+00:00,145.2899932861328,145.2899932861328,145.17999267578125,145.17999267578125,3063.0
2026-02-26 19:26:00+00:00,145.11500549316406,145.11500549316406,145.0449981689453,145.0749969482422,12858.0
2026-02-26 19:27:00+00:00,145.00010681152344,145.0500030517578,145.00010681152344,145.0500030517578,1455.0
2026-02-26 19:28:00+00:00,145.0,145.10000610351562,144.9600067138672,145.0500946044922,11857.0
2026-02-26 19:29:00+00:00,145.02000427246094,145.0500030517578,145.0,145.0500030517578,2559.0
2026-02-26 19:30:00+00:00,145.08999633789062,145.15499877929688,145.0749969482422,145.1300048828125,9493.0
2026-02-26 19:31:00+00:00,145.1699981689453,145.1999969482422,145.13499450683594,145.16000366210938,8471.0
2026-02-26 19:32:00+00:00,145.22000122070312,145.2899932861328,145.1999969482422,145.27499389648438,7375.0
2026-02-26 19:33:00+00:00,145.25999450683594,145.36000061035156,145.25999450683594,145.34500122070312,4513.0
2026-02-26 19:34:00+00:00,145.35000610351562,145.4600067138672,145.35000610351562,145.4199981689453,5596.0
2026-02-26 19:35:00+00:00,145.4199981689453,145.4949951171875,145.39999389648438,145.4600067138672,4926.0
2026-02-26 19:36:00+00:00,145.4499969482422,145.4499969482422,145.3699951171875,145.39999389648438,5876.0
2026-02-26 19:37:00+00:00,145.39999389648438,145.44000244140625,145.3800048828125,145.44000244140625,7723.0
2026-02-26 19:38:00+00:00,145.4250030517578,145.44000244140625,145.39999389648438,145.44000244140625,4735.0
2026-02-26 19:39:00+00:00,145.44000244140625,145.45150756835938,145.41000366210938,145.42010498046875,5979.0
2026-02-26 19:40:00+00:00,145.4250030517578,145.49000549316406,145.39999389648438,145.47999572753906,5999.0
2026-02-26 19:41:00+00:00,145.4949951171875,145.4949951171875,145.36000061035156,145.36000061035156,10634.0
2026-02-26 19:42:00+00:00,145.3524932861328,145.35499572753906,145.30999755859375,145.33999633789062,10429.0
2026-02-26 19:43:00+00:00,145.32000732421875,145.33999633789062,145.21499633789062,145.33999633789062,3966.0
2026-02-26 19:44:00+00:00,145.32000732421875,145.33999633789062,145.2899932861328,145.3300018310547,4153.0
2026-02-26 19:45:00+00:00,145.35000610351562,145.35000610351562,145.3249969482422,145.33999633789062,4868.0
2026-02-26 19:46:00+00:00,145.30999755859375,145.3314971923828,145.2899932861328,145.3249969482422,4055.0
2026-02-26 19:47:00+00:00,145.35000610351562,145.44000244140625,145.35000610351562,145.4250030517578,9070.0
2026-02-26 19:48:00+00:00,145.4250030517578,145.44000244140625,145.39010620117188,145.44000244140625,1695.0
2026-02-26 19:49:00+00:00,145.43499755859375,145.47000122070312,145.40499877929688,145.42999267578125,9526.0
2026-02-26 19:50:00+00:00,145.42999267578125,145.42999267578125,145.37100219726562,145.38499450683594,7783.0
2026-02-26 19:51:00+00:00,145.41000366210938,145.4929962158203,145.41000366210938,145.49000549316406,7853.0
2026-02-26 19:52:00+00:00,145.5500030517578,145.5500030517578,145.47999572753906,145.5,5520.0
2026-02-26 19:53:00+00:00,145.4949951171875,145.5399932861328,145.49000549316406,145.5399932861328,4445.0
2026-02-26 19:54:00+00:00,145.52999877929688,145.52999877929688,145.47999572753906,145.5,5058.0
2026-02-26 19:55:00+00:00,145.4949951171875,145.50999450683594,145.46499633789062,145.46499633789062,5133.0
2026-02-26 19:56:00+00:00,145.47999572753906,145.55499267578125,145.4199981689453,145.4199981689453,8809.0
2026-02-26 19:57:00+00:00,145.41000366210938,145.4499969482422,145.27999877929688,145.36500549316406,22858.0
2026-02-26 19:58:00+00:00,145.36500549316406,145.3800048828125,145.25999450683594,145.25999450683594,9041.0
2026-02-26 19:59:00+00:00,145.25999450683594,145.34500122070312,145.25999450683594,145.34500122070312,5106.0
2026-02-26 20:00:00+00:00,145.33999633789062,145.4199981689453,145.27000427246094,145.4199981689453,9099.0
2026-02-26 20:01:00+00:00,145.41000366210938,145.42999267578125,145.3300018310547,145.42999267578125,6873.0
2026-02-26 20:02:00+00:00,145.42999267578125,145.52999877929688,145.42999267578125,145.48500061035156,11081.0
2026-02-26 20:03:00+00:00,145.47999572753906,145.61500549316406,145.47999572753906,145.60000610351562,5749.0
2026-02-26 20:04:00+00:00,145.6199951171875,145.64999389648438,145.60000610351562,145.6300048828125,6430.0
2026-02-26 20:05:00+00:00,145.6699981689453,145.67999267578125,145.6199951171875,145.64999389648438,7529.0
2026-02-26 20:06:00+00:00,145.64999389648438,145.66000366210938,145.60000610351562,145.61000061035156,6181.0
2026-02-26 20:07:00+00:00,145.61000061035156,145.61000061035156,145.36500549316406,145.36500549316406,9103.0
2026-02-26 20:08:00+00:00,145.33999633789062,145.38999938964844,145.32000732421875,145.33999633789062,3648.0
2026-02-26 20:09:00+00:00,145.33999633789062,145.49000549316406,145.33999633789062,145.3699951171875,10737.0
2026-02-26 20:10:00+00:00,145.36000061035156,145.4199981689453,145.3300018310547,145.35000610351562,8276.0
2026-02-26 20:11:00+00:00,145.36000061035156,145.3800048828125,145.30999755859375,145.375,13048.0
2026-02-26 20:12:00+00:00,145.38499450683594,145.41000366210938,145.3000030517578,145.32749938964844,9124.0
2026-02-26 20:13:00+00:00,145.33999633789062,145.33999633789062,145.24000549316406,145.26499938964844,12902.0
2026-02-26 20:14:00+00:00,145.27499389648438,145.38999938964844,145.27499389648438,145.3300018310547,6354.0
2026-02-26 20:15:00+00:00,145.3000030517578,145.31500244140625,145.28500366210938,145.3000030517578,4429.0
2026-02-26 20:16:00+00:00,145.31500244140625,145.3699951171875,145.3000030517578,145.3699951171875,4235.0
2026-02-26 20:17:00+00:00,145.3699951171875,145.40499877929688,145.33999633789062,145.3800048828125,13200.0
2026-02-26 20:18:00+00:00,145.3800048828125,145.4499969482422,145.375,145.4499969482422,5084.0
2026-02-26 20:19:00+00:00,145.47999572753906,145.55999755859375,145.47999572753906,145.5500030517578,10916.0
2026-02-26 20:20:00+00:00,145.5364990234375,145.5699005126953,145.47000122070312,145.4700927734375,8605.0
2026-02-26 20:21:00+00:00,145.47000122070312,145.47000122070312,145.39999389648438,145.40750122070312,8107.0
2026-02-26 20:22:00+00:00,145.4199981689453,145.42999267578125,145.36000061035156,145.36000061035156,6097.0
2026-02-26 20:23:00+00:00,145.3300018310547,145.34500122070312,145.32000732421875,145.33999633789062,8616.0
2026-02-26 20:24:00+00:00,145.3350067138672,145.3791046142578,145.32000732421875,145.36000061035156,5034.0
2026-02-26 20:25:00+00:00,145.35000610351562,145.35000610351562,145.19000244140625,145.1999969482422,9909.0
2026-02-26 20:26:00+00:00,145.2100067138672,145.33999633789062,145.2100067138672,145.2949981689453,12297.0
2026-02-26 20:27:00+00:00,145.3000030517578,145.3350067138672,145.27659606933594,145.3350067138672,13680.0
2026-02-26 20:28:00+00:00,145.33999633789062,145.39999389648438,145.3000030517578,145.3000030517578,10023.0
2026-02-26 20:29:00+00:00,145.27000427246094,145.27000427246094,145.14999389648438,145.14999389648438,10278.0
2026-02-26 20:30:00+00:00,145.16000366210938,145.24000549316406,145.16000366210938,145.24000549316406,7728.0
2026-02-26 20:31:00+00:00,145.22999572753906,145.3000030517578,145.22999572753906,145.25999450683594,14484.0
2026-02-26 20:32:00+00:00,145.25,145.33999633789062,145.2100067138672,145.3300018310547,10437.0
2026-02-26 20:33:00+00:00,145.32000732421875,145.36000061035156,145.3000030517578,145.3300018310547,7742.0
2026-02-26 20:34:00+00:00,145.36000061035156,145.38999938964844,145.30999755859375,145.38999938964844,8703.0
2026-02-26 20:35:00+00:00,145.3800048828125,145.41000366210938,145.36000061035156,145.38999938964844,10673.0
2026-02-26 20:36:00+00:00,145.38999938964844,145.42999267578125,145.35000610351562,145.35000610351562,14570.0
2026-02-26 20:37:00+00:00,145.33999633789062,145.3699951171875,145.3000030517578,145.3000030517578,1804965.0
2026-02-26 20:38:00+00:00,145.3000030517578,145.49000549316406,145.3000030517578,145.48500061035156,0.0
2026-02-26 20:39:00+00:00,145.5,145.58999633789062,145.49000549316406,145.58999633789062,12647.0
2026-02-26 20:40:00+00:00,145.5749969482422,145.5749969482422,145.4499969482422,145.4499969482422,10514.0
2026-02-26 20:41:00+00:00,145.43499755859375,145.47000122070312,145.38999938964844,145.39999389648438,10618.0
2026-02-26 20:42:00+00:00,145.36000061035156,145.3800048828125,145.30999755859375,145.3699951171875,7334.0
2026-02-26 20:43:00+00:00,145.3699951171875,145.3800048828125,145.27000427246094,145.27000427246094,17970.0
2026-02-26 20:44:00+00:00,145.22999572753906,145.25,145.2100067138672,145.22000122070312,8211.0
2026-02-26 20:45:00+00:00,145.22000122070312,145.3000030517578,145.1699981689453,145.2949981689453,25763.0
2026-02-26 20:46:00+00:00,145.30999755859375,145.30999755859375,145.1999969482422,145.2091064453125,21315.0
2026-02-26 20:47:00+00:00,145.22000122070312,145.24000549316406,145.19500732421875,145.22000122070312,8392.0
2026-02-26 20:48:00+00:00,145.24000549316406,145.2899932861328,145.22500610351562,145.27000427246094,9912.0
2026-02-26 20:49:00+00:00,145.27999877929688,145.3800048828125,145.27000427246094,145.27349853515625,12445.0
2026-02-26 20:50:00+00:00,145.33999633789062,145.33999633789062,145.21910095214844,145.3300018310547,16971.0
2026-02-26 20:51:00+00:00,145.3148956298828,145.44500732421875,145.3148956298828,145.44000244140625,12456.0
2026-02-26 20:52:00+00:00,145.42999267578125,145.47000122070312,145.39010620117188,145.46499633789062,13826.0
2026-02-26 20:53:00+00:00,145.47999572753906,145.6199951171875,145.42999267578125,145.6199951171875,15173.0
2026-02-26 20:54:00+00:00,145.60000610351562,145.75,145.5612030029297,145.63999938964844,20786.0
2026-02-26 20:55:00+00:00,145.60000610351562,145.60000610351562,145.30999755859375,145.4600067138672,41180.0
2026-02-26 20:56:00+00:00,145.4600067138672,145.47500610351562,145.41000366210938,145.46009826660156,44586.0
2026-02-26 20:57:00+00:00,145.47999572753906,145.55999755859375,145.4499969482422,145.50999450683594,60080.0
2026-02-26 20:58:00+00:00,145.5,145.58999633789062,145.5,145.5800018310547,63765.0
2026-02-26 20:59:00+00:00,145.5800018310547,145.63999938964844,145.50999450683594,145.60899353027344,214658.0
2026-02-27 14:30:00+00:00,142.85499572753906,143.91000366210938,142.75999450683594,143.6300048828125,178047.0
2026-02-27 14:31:00+00:00,143.65499877929688,143.65499877929688,142.88999938964844,142.91000366210938,17704.0
2026-02-27 14:32:00+00:00,143.05999755859375,143.30999755859375,142.8699951171875,143.2899932861328,22395.0
2026-02-27 14:33:00+00:00,143.35000610351562,143.5800018310547,143.0800018310547,143.3000030517578,21142.0
2026-02-27 14:34:00+00:00,143.14999389648438,143.3699951171875,143.02999877929688,143.25,9770.0
2026-02-27 14:35:00+00:00,143.3699951171875,143.4949951171875,143.0500030517578,143.0500030517578,22531.0
2026-02-27 14:36:00+00:00,143.0,143.0,142.63999938964844,142.63999938964844,14453.0
2026-02-27 14:37:00+00:00,142.60499572753906,142.72000122070312,142.5850067138672,142.58999633789062,18345.0
2026-02-27 14:38:00+00:00,142.55999755859375,142.8000030517578,142.38999938964844,142.60000610351562,127739.0
2026-02-27 14:39:00+00:00,142.5500030517578,143.01499938964844,142.5399932861328,143.01499938964844,0.0
2026-02-27 14:40:00+00:00,142.9949951171875,143.0426025390625,142.6446075439453,142.69000244140625,132741.0
2026-02-27 14:41:00+00:00,142.74000549316406,142.7899932861328,142.5,142.5800018310547,0.0
2026-02-27 14:42:00+00:00,142.56500244140625,142.5800018310547,141.9499969482422,142.0,26483.0
2026-02-27 14:43:00+00:00,142.00999450683594,142.00999450683594,141.72999572753906,141.85000610351562,161599.0
2026-02-27 14:44:00+00:00,141.81300354003906,142.11500549316406,141.80999755859375,141.9499969482422,0.0
2026-02-27 14:45:00+00:00,141.9949951171875,142.16000366210938,141.8300018310547,142.0800018310547,10837.0
2026-02-27 14:46:00+00:00,142.0800018310547,142.3885955810547,142.0800018310547,142.25,12963.0
2026-02-27 14:47:00+00:00,142.2100067138672,142.2100067138672,141.94000244140625,141.99000549316406,184611.0
2026-02-27 14:48:00+00:00,141.9499969482422,142.0800018310547,141.75,141.9600067138672,0.0
2026-02-27 14:49:00+00:00,141.99000549316406,142.0800018310547,141.8300018310547,141.86500549316406,30609.0
2026-02-27 14:50:00+00:00,141.86500549316406,141.9499969482422,141.5800018310547,141.8925018310547,70000.0
2026-02-27 14:51:00+00:00,141.94000244140625,142.3000030517578,141.94000244140625,142.22000122070312,13188.0
2026-02-27 14:52:00+00:00,142.1300048828125,142.1999969482422,142.02999877929688,142.02999877929688,9755.0
2026-02-27 14:53:00+00:00,142.02000427246094,142.06930541992188,141.9199981689453,142.06930541992188,17760.0
2026-02-27 14:54:00+00:00,142.05999755859375,142.19500732421875,141.74000549316406,141.74000549316406,18966.0
2026-02-27 14:55:00+00:00,141.75999450683594,141.9499969482422,141.6999969482422,141.88999938964844,27779.0
2026-02-27 14:56:00+00:00,141.8800048828125,141.9600067138672,141.63999938964844,141.75,20229.0
2026-02-27 14:57:00+00:00,141.72000122070312,141.99000549316406,141.60499572753906,141.61500549316406,301883.0
2026-02-27 14:58:00+00:00,141.6199951171875,141.77999877929688,141.60279846191406,141.6649932861328,0.0
2026-02-27 14:59:00+00:00,141.66000366210938,141.77999877929688,141.5500030517578,141.72999572753906,28592.0
2026-02-27 15:00:00+00:00,141.7100067138672,141.82000732421875,141.6699981689453,141.7100067138672,315058.0
2026-02-27 15:01:00+00:00,141.74000549316406,141.89999389648438,141.72999572753906,141.7949981689453,18326.0
2026-02-27 15:02:00+00:00,141.81430053710938,141.97000122070312,141.8000030517578,141.9199981689453,0.0
2026-02-27 15:03:00+00:00,141.86000061035156,141.8800048828125,141.7899932861328,141.82000732421875,330123.0
2026-02-27 15:04:00+00:00,141.85000610351562,141.88999938964844,141.72999572753906,141.875,0.0
2026-02-27 15:05:00+00:00,141.82000732421875,141.9499969482422,141.77999877929688,141.86500549316406,8892.0
2026-02-27 15:06:00+00:00,141.88999938964844,142.13999938964844,141.88999938964844,142.13499450683594,18722.0
2026-02-27 15:07:00+00:00,142.11000061035156,142.31500244140625,142.10000610351562,142.3000030517578,352435.0
2026-02-27 15:08:00+00:00,142.27999877929688,142.47999572753906,142.27999877929688,142.35000610351562,0.0
2026-02-27 15:09:00+00:00,142.25999450683594,142.38780212402344,142.14999389648438,142.14999389648438,40646.0
2026-02-27 15:10:00+00:00,142.16000366210938,142.3800048828125,142.16000366210938,142.35499572753906,12441.0
2026-02-27 15:11:00+00:00,142.38999938964844,142.50999450683594,142.3249969482422,142.35000610351562,397059.0
2026-02-27 15:12:00+00:00,142.3699951171875,142.3699951171875,141.8300018310547,141.8300018310547,0.0
2026-02-27 15:13:00+00:00,141.85499572753906,141.9799041748047,141.56219482421875,141.61500549316406,23349.0
2026-02-27 15:14:00+00:00,141.61500549316406,141.69000244140625,141.35000610351562,141.36000061035156,17988.0
2026-02-27 15:15:00+00:00,141.41000366210938,141.58999633789062,141.41000366210938,141.58999633789062,16391.0
2026-02-27 15:16:00+00:00,141.52890014648438,141.8000030517578,141.5,141.65499877929688,461056.0
2026-02-27 15:17:00+00:00,141.62559509277344,141.63999938964844,141.5,141.61000061035156,0.0
2026-02-27 15:18:00+00:00,141.64999389648438,141.72000122070312,141.47999572753906,141.47999572753906,451511.0
2026-02-27 15:19:00+00:00,141.4499969482422,141.75399780273438,141.3699951171875,141.71499633789062,16701.0
2026-02-27 15:20:00+00:00,141.66000366210938,141.89999389648438,141.5500030517578,141.8101043701172,201308.0
2026-02-27 15:21:00+00:00,141.90530395507812,142.125,141.90530395507812,142.05499267578125,0.0
2026-02-27 15:22:00+00:00,142.0749969482422,142.0749969482422,141.89010620117188,141.94500732421875,7636.0
2026-02-27 15:23:00+00:00,141.99000549316406,142.11000061035156,141.93499755859375,141.99000549316406,29494.0
2026-02-27 15:24:00+00:00,141.9600067138672,142.24000549316406,141.9600067138672,142.22999572753906,14358.0
2026-02-27 15:25:00+00:00,142.24000549316406,142.24000549316406,142.08999633789062,142.2050018310547,23280.0
2026-02-27 15:26:00+00:00,142.18710327148438,142.27999877929688,142.05999755859375,142.0800018310547,18192.0
2026-02-27 15:27:00+00:00,142.07000732421875,142.16000366210938,142.00999450683594,142.14999389648438,498079.0
2026-02-27 15:28:00+00:00,142.14999389648438,142.2899932861328,142.14999389648438,142.22999572753906,0.0
2026-02-27 15:29:00+00:00,142.2550048828125,142.27999877929688,142.05999755859375,142.13499450683594,13608.0
2026-02-27 15:30:00+00:00,142.1300048828125,142.1300048828125,142.0449981689453,142.11000061035156,21661.0
2026-02-27 15:31:00+00:00,142.0800018310547,142.1199951171875,141.9499969482422,142.0,8875.0
2026-02-27 15:32:00+00:00,141.99000549316406,142.19000244140625,141.99000549316406,142.09500122070312,5893.0
2026-02-27 15:33:00+00:00,142.0500030517578,142.28500366210938,142.0500030517578,142.27499389648438,520653.0
2026-02-27 15:34:00+00:00,142.3000030517578,142.3000030517578,142.22999572753906,142.24000549316406,0.0
2026-02-27 15:35:00+00:00,142.25,142.47999572753906,142.25,142.47999572753906,519237.0
2026-02-27 15:36:00+00:00,142.39500427246094,142.46499633789062,142.3300018310547,142.46499633789062,0.0
2026-02-27 15:37:00+00:00,142.44000244140625,142.52000427246094,142.39999389648438,142.39999389648438,3999.0
2026-02-27 15:38:00+00:00,142.3800048828125,142.47999572753906,142.3300018310547,142.41000366210938,7627.0
2026-02-27 15:39:00+00:00,142.4199981689453,142.44000244140625,142.3699951171875,142.422607421875,5209.0
2026-02-27 15:40:00+00:00,142.39999389648438,142.4199981689453,142.19000244140625,142.27999877929688,21469.0
2026-02-27 15:41:00+00:00,142.33050537109375,142.33999633789062,142.27999877929688,142.3300018310547,536790.0
2026-02-27 15:42:00+00:00,142.3000030517578,142.41000366210938,142.2050018310547,142.33999633789062,0.0
2026-02-27 15:43:00+00:00,142.35000610351562,142.3800048828125,142.33999633789062,142.35000610351562,6642.0
2026-02-27 15:44:00+00:00,142.3800048828125,142.5500030517578,142.3699951171875,142.5500030517578,555902.0
2026-02-27 15:45:00+00:00,142.49000549316406,142.50999450683594,142.42999267578125,142.48500061035156,0.0
2026-02-27 15:46:00+00:00,142.4499969482422,142.4499969482422,142.2550048828125,142.2550048828125,18358.0
2026-02-27 15:47:00+00:00,142.25999450683594,142.27000427246094,142.13999938964844,142.16749572753906,7775.0
2026-02-27 15:48:00+00:00,142.2100067138672,142.3699951171875,142.14010620117188,142.3699951171875,8670.0
2026-02-27 15:49:00+00:00,142.34500122070312,142.35000610351562,142.25999450683594,142.2899932861328,8849.0
2026-02-27 15:50:00+00:00,142.2899932861328,142.39500427246094,142.25999450683594,142.38999938964844,11182.0
2026-02-27 15:51:00+00:00,142.4199981689453,142.50999450683594,142.25999450683594,142.27000427246094,14313.0
2026-02-27 15:52:00+00:00,142.25999450683594,142.3300018310547,142.1999969482422,142.27999877929688,10520.0
2026-02-27 15:53:00+00:00,142.22000122070312,142.22000122070312,142.14999389648438,142.17999267578125,596312.0
2026-02-27 15:54:00+00:00,142.1999969482422,142.32000732421875,142.1699981689453,142.31500244140625,0.0
2026-02-27 15:55:00+00:00,142.31500244140625,142.35000610351562,142.17999267578125,142.28500366210938,8878.0
2026-02-27 15:56:00+00:00,142.2899932861328,142.4499969482422,142.27999877929688,142.40150451660156,613718.0
2026-02-27 15:57:00+00:00,142.4199981689453,142.58999633789062,142.4199981689453,142.58999633789062,0.0
2026-02-27 15:58:00+00:00,142.5500030517578,142.6300048828125,142.4770050048828,142.6199951171875,9499.0
2026-02-27 15:59:00+00:00,142.61500549316406,142.6300048828125,142.42999267578125,142.42999267578125,14507.0
2026-02-27 16:00:00+00:00,142.39999389648438,142.60899353027344,142.39999389648438,142.5,8455.0
2026-02-27 16:01:00+00:00,142.5,142.5800018310547,142.39999389648438,142.39999389648438,10979.0
2026-02-27 16:02:00+00:00,142.44000244140625,142.5,142.42999267578125,142.4600067138672,6021.0
2026-02-27 16:03:00+00:00,142.4199981689453,142.52999877929688,142.4199981689453,142.48500061035156,16301.0
2026-02-27 16:04:00+00:00,142.52000427246094,142.6300048828125,142.52000427246094,142.6300048828125,8727.0
2026-02-27 16:05:00+00:00,142.60499572753906,142.64999389648438,142.5,142.50999450683594,662361.0
2026-02-27 16:06:00+00:00,142.49000549316406,142.49000549316406,142.32000732421875,142.33999633789062,0.0
2026-02-27 16:07:00+00:00,142.32000732421875,142.35000610351562,142.25,142.27130126953125,661139.0
2026-02-27 16:08:00+00:00,142.25,142.3800048828125,142.25,142.3800048828125,0.0
2026-02-27 16:09:00+00:00,142.3000030517578,142.3000030517578,142.23500061035156,142.26499938964844,8821.0
2026-02-27 16:10:00+00:00,142.22999572753906,142.36000061035156,142.2200927734375,142.3300018310547,672303.0
2026-02-27 16:11:00+00:00,142.3300018310547,142.3699951171875,142.27999877929688,142.2899932861328,7906.0
2026-02-27 16:12:00+00:00,142.3000030517578,142.3000030517578,142.17999267578125,142.19000244140625,0.0
2026-02-27 16:13:00+00:00,142.17999267578125,142.35000610351562,142.17999267578125,142.3300018310547,8265.0
2026-02-27 16:14:00+00:00,142.2899932861328,142.3800048828125,142.2899932861328,142.36000061035156,8517.0
2026-02-27 16:15:00+00:00,142.3350067138672,142.42999267578125,142.3350067138672,142.40249633789062,8252.0
2026-02-27 16:16:00+00:00,142.39500427246094,142.39500427246094,142.30999755859375,142.35000610351562,5203.0
2026-02-27 16:17:00+00:00,142.38999938964844,142.48500061035156,142.38999938964844,142.44000244140625,6156.0
2026-02-27 16:18:00+00:00,142.4600067138672,142.47999572753906,142.4199981689453,142.42999267578125,4343.0
2026-02-27 16:19:00+00:00,142.4199981689453,142.4499969482422,142.3300018310547,142.4499969482422,10380.0
2026-02-27 16:20:00+00:00,142.4499969482422,142.4499969482422,142.41000366210938,142.41000366210938,3869.0
2026-02-27 16:21:00+00:00,142.4149932861328,142.5800018310547,142.4149932861328,142.55999755859375,11009.0
2026-02-27 16:22:00+00:00,142.5399932861328,142.61000061035156,142.5399932861328,142.61000061035156,5682.0
2026-02-27 16:23:00+00:00,142.61000061035156,142.6199951171875,142.48500061035156,142.5449981689453,8804.0
2026-02-27 16:24:00+00:00,142.50999450683594,142.58999633789062,142.47999572753906,142.58999633789062,4718.0
2026-02-27 16:25:00+00:00,142.60000610351562,142.61000061035156,142.50999450683594,142.5800018310547,14622.0
2026-02-27 16:26:00+00:00,142.55999755859375,142.5850067138672,142.47000122070312,142.47000122070312,13280.0
2026-02-27 16:27:00+00:00,142.5,142.5,142.41000366210938,142.42999267578125,5789.0
2026-02-27 16:28:00+00:00,142.41000366210938,142.44000244140625,142.32000732421875,142.39999389648438,8115.0
2026-02-27 16:29:00+00:00,142.41000366210938,142.41000366210938,142.14999389648438,142.1750030517578,18768.0
2026-02-27 16:30:00+00:00,142.22000122070312,142.3498992919922,142.16000366210938,142.2899932861328,764158.0
2026-02-27 16:31:00+00:00,142.27999877929688,142.2899932861328,142.2100067138672,142.27000427246094,0.0
2026-02-27 16:32:00+00:00,142.24000549316406,142.32000732421875,142.22500610351562,142.32000732421875,2666.0
2026-02-27 16:33:00+00:00,142.3000030517578,142.30499267578125,142.27000427246094,142.30499267578125,3523.0
2026-02-27 16:34:00+00:00,142.32659912109375,142.4600067138672,142.30499267578125,142.44000244140625,8973.0
2026-02-27 16:35:00+00:00,142.44000244140625,142.44000244140625,142.375,142.375,766940.0
2026-02-27 16:36:00+00:00,142.39999389648438,142.4499969482422,142.39999389648438,142.39999389648438,0.0
2026-02-27 16:37:00+00:00,142.39999389648438,142.45899963378906,142.2899932861328,142.2949981689453,8501.0
2026-02-27 16:38:00+00:00,142.26499938964844,142.2899932861328,142.19000244140625,142.19000244140625,3934.0
2026-02-27 16:39:00+00:00,142.13999938964844,142.19000244140625,142.11000061035156,142.1300048828125,6795.0
2026-02-27 16:40:00+00:00,142.1300048828125,142.1300048828125,141.89999389648438,142.01499938964844,33063.0
2026-02-27 16:41:00+00:00,141.97000122070312,142.02999877929688,141.8800048828125,141.92999267578125,18040.0
2026-02-27 16:42:00+00:00,141.94000244140625,142.17999267578125,141.92999267578125,142.11000061035156,14373.0
2026-02-27 16:43:00+00:00,142.1199951171875,142.1699981689453,142.04110717773438,142.16900634765625,4532.0
2026-02-27 16:44:00+00:00,142.14999389648438,142.22999572753906,142.14930725097656,142.14930725097656,5118.0
2026-02-27 16:45:00+00:00,142.14849853515625,142.22999572753906,142.14849853515625,142.19000244140625,4911.0
2026-02-27 16:46:00+00:00,142.19000244140625,142.25,142.1300048828125,142.13999938964844,13719.0
2026-02-27 16:47:00+00:00,142.17999267578125,142.2100067138672,142.08999633789062,142.10499572753906,5619.0
2026-02-27 16:48:00+00:00,142.11000061035156,142.17999267578125,142.10000610351562,142.11000061035156,9465.0
2026-02-27 16:49:00+00:00,142.10499572753906,142.1300048828125,142.02650451660156,142.0500030517578,5133.0
2026-02-27 16:50:00+00:00,142.0449981689453,142.0800018310547,141.9600067138672,141.97500610351562,8042.0
2026-02-27 16:51:00+00:00,142.0399932861328,142.1699981689453,141.99000549316406,142.1699981689453,5477.0
2026-02-27 16:52:00+00:00,142.13999938964844,142.3000030517578,142.13999938964844,142.3000030517578,6160.0
2026-02-27 16:53:00+00:00,142.27999877929688,142.27999877929688,142.13999938964844,142.16000366210938,840753.0
2026-02-27 16:54:00+00:00,142.14999389648438,142.3699951171875,142.14999389648438,142.35400390625,0.0
2026-02-27 16:55:00+00:00,142.41000366210938,142.55499267578125,142.41000366210938,142.52999877929688,847205.0
2026-02-27 16:56:00+00:00,142.5500030517578,142.56039428710938,142.5500030517578,142.5500030517578,0.0
2026-02-27 16:57:00+00:00,142.5500030517578,142.5800018310547,142.52999877929688,142.52999877929688,7528.0
2026-02-27 16:58:00+00:00,142.55499267578125,142.55499267578125,142.42999267578125,142.42999267578125,853326.0
2026-02-27 16:59:00+00:00,142.44000244140625,142.44000244140625,142.3000030517578,142.30999755859375,11681.0
2026-02-27 17:00:00+00:00,142.3699951171875,142.6300048828125,142.35000610351562,142.6300048828125,0.0
2026-02-27 17:01:00+00:00,142.6199951171875,142.6300048828125,142.57000732421875,142.6219940185547,4956.0
2026-02-27 17:02:00+00:00,142.63999938964844,142.73599243164062,142.60000610351562,142.72000122070312,4399.0
2026-02-27 17:03:00+00:00,142.68499755859375,142.83999633789062,142.68499755859375,142.83999633789062,9473.0
2026-02-27 17:04:00+00:00,142.81500244140625,142.8363037109375,142.77999877929688,142.77999877929688,5498.0
2026-02-27 17:05:00+00:00,142.77999877929688,142.9250030517578,142.77000427246094,142.9199981689453,5862.0
2026-02-27 17:06:00+00:00,142.97000122070312,142.97000122070312,142.82000732421875,142.92999267578125,7159.0
2026-02-27 17:07:00+00:00,142.88999938964844,143.0399932861328,142.85009765625,143.02999877929688,19286.0
2026-02-27 17:08:00+00:00,143.0500030517578,143.08299255371094,143.00999450683594,143.02999877929688,5447.0
2026-02-27 17:09:00+00:00,142.99000549316406,143.00900268554688,142.8800048828125,142.8800048828125,5895.0
2026-02-27 17:10:00+00:00,142.8699951171875,142.8699951171875,142.5,142.5,30047.0
2026-02-27 17:11:00+00:00,142.5,142.50999450683594,142.4250030517578,142.4250030517578,5349.0
2026-02-27 17:12:00+00:00,142.4250030517578,142.44000244140625,142.34500122070312,142.34500122070312,7464.0
2026-02-27 17:13:00+00:00,142.3300018310547,142.36000061035156,142.25,142.25,16057.0
2026-02-27 17:14:00+00:00,142.25,142.35499572753906,142.2100067138672,142.27999877929688,14783.0
2026-02-27 17:15:00+00:00,142.30999755859375,142.33999633789062,142.1501007080078,142.22999572753906,11277.0
2026-02-27 17:16:00+00:00,142.18499755859375,142.25999450683594,142.1300048828125,142.24000549316406,8007.0
2026-02-27 17:17:00+00:00,142.25999450683594,142.33999633789062,142.2449951171875,142.32000732421875,10549.0
2026-02-27 17:18:00+00:00,142.3249969482422,142.4199981689453,142.3249969482422,142.4149932861328,925898.0
2026-02-27 17:19:00+00:00,142.4149932861328,142.5,142.3699951171875,142.47000122070312,0.0
2026-02-27 17:20:00+00:00,142.50999450683594,142.52000427246094,142.3800048828125,142.47999572753906,12937.0
2026-02-27 17:21:00+00:00,142.4499969482422,142.47999572753906,142.4499969482422,142.47999572753906,5123.0
2026-02-27 17:22:00+00:00,142.44000244140625,142.44000244140625,142.36000061035156,142.36000061035156,8630.0
2026-02-27 17:23:00+00:00,142.33999633789062,142.52000427246094,142.32000732421875,142.5,8975.0
2026-02-27 17:24:00+00:00,142.5,142.59950256347656,142.4499969482422,142.50999450683594,15407.0
2026-02-27 17:25:00+00:00,142.5,142.67999267578125,142.5,142.53500366210938,8665.0
2026-02-27 17:26:00+00:00,142.49000549316406,142.63999938964844,142.49000549316406,142.58999633789062,4828.0
2026-02-27 17:27:00+00:00,142.5749969482422,142.61500549316406,142.5500030517578,142.61500549316406,5324.0
2026-02-27 17:28:00+00:00,142.64999389648438,142.72000122070312,142.6300048828125,142.6750030517578,5996.0
2026-02-27 17:29:00+00:00,142.6999969482422,142.6999969482422,142.42999267578125,142.42999267578125,12114.0
2026-02-27 17:30:00+00:00,142.4824981689453,142.74000549316406,142.41000366210938,142.60000610351562,26543.0
2026-02-27 17:31:00+00:00,142.5500030517578,142.67999267578125,142.4949951171875,142.5500030517578,8391.0
2026-02-27 17:32:00+00:00,142.60000610351562,142.72999572753906,142.60000610351562,142.63999938964844,7118.0
2026-02-27 17:33:00+00:00,142.5800018310547,142.64999389648438,142.5500030517578,142.64999389648438,5594.0
2026-02-27 17:34:00+00:00,142.6699981689453,142.80499267578125,142.66000366210938,142.75999450683594,4035.0
2026-02-27 17:35:00+00:00,142.7949981689453,142.80999755859375,142.75999450683594,142.77999877929688,4063.0
2026-02-27 17:36:00+00:00,142.8300018310547,142.88999938964844,142.77000427246094,142.78500366210938,5070.0
2026-02-27 17:37:00+00:00,142.7449951171875,142.77000427246094,142.72500610351562,142.75,2042.0
2026-02-27 17:38:00+00:00,142.75,142.75999450683594,142.6999969482422,142.6999969482422,993204.0
2026-02-27 17:39:00+00:00,142.6999969482422,142.8249969482422,142.6999969482422,142.75999450683594,0.0
2026-02-27 17:40:00+00:00,142.7949981689453,142.86000061035156,142.7949981689453,142.8249969482422,997472.0
2026-02-27 17:41:00+00:00,142.8249969482422,142.86000061035156,142.75999450683594,142.80999755859375,0.0
2026-02-27 17:42:00+00:00,142.77999877929688,142.7899932861328,142.7100067138672,142.74000549316406,16899.0
2026-02-27 17:43:00+00:00,142.75,142.91000366210938,142.75,142.85000610351562,3342.0
2026-02-27 17:44:00+00:00,142.89999389648438,142.89999389648438,142.8000030517578,142.8300018310547,4766.0
2026-02-27 17:45:00+00:00,142.77999877929688,142.81500244140625,142.6199951171875,142.66000366210938,6858.0
2026-02-27 17:46:00+00:00,142.65499877929688,142.65499877929688,142.50999450683594,142.5800018310547,9016.0
2026-02-27 17:47:00+00:00,142.55999755859375,142.63499450683594,142.5500030517578,142.61500549316406,3285.0
2026-02-27 17:48:00+00:00,142.60000610351562,142.63900756835938,142.5500030517578,142.57000732421875,5740.0
2026-02-27 17:49:00+00:00,142.5399932861328,142.58009338378906,142.5,142.55999755859375,9276.0
2026-02-27 17:50:00+00:00,142.55999755859375,142.55999755859375,142.5301055908203,142.55999755859375,2293.0
2026-02-27 17:51:00+00:00,142.5800018310547,142.61000061035156,142.52000427246094,142.58999633789062,7137.0
2026-02-27 17:52:00+00:00,142.58999633789062,142.66000366210938,142.57000732421875,142.60000610351562,3964.0
2026-02-27 17:53:00+00:00,142.64999389648438,142.6999969482422,142.63999938964844,142.6999969482422,4339.0
2026-02-27 17:54:00+00:00,142.67999267578125,142.74000549316406,142.66000366210938,142.6699981689453,10438.0
2026-02-27 17:55:00+00:00,142.69000244140625,142.72500610351562,142.66000366210938,142.71499633789062,2472.0
2026-02-27 17:56:00+00:00,142.71499633789062,142.80999755859375,142.7100067138672,142.78500366210938,15212.0
2026-02-27 17:57:00+00:00,142.8000030517578,142.8249969482422,142.7899932861328,142.7899932861328,4437.0
2026-02-27 17:58:00+00:00,142.77999877929688,142.77999877929688,142.69000244140625,142.72500610351562,37344.0
2026-02-27 17:59:00+00:00,142.72500610351562,142.83999633789062,142.72500610351562,142.8383026123047,9828.0
2026-02-27 18:00:00+00:00,142.7949981689453,142.8000030517578,142.7200927734375,142.75,6979.0
2026-02-27 18:01:00+00:00,142.77000427246094,142.77000427246094,142.6199951171875,142.6750030517578,4189.0
2026-02-27 18:02:00+00:00,142.6649932861328,142.72000122070312,142.63999938964844,142.72000122070312,4812.0
2026-02-27 18:03:00+00:00,142.74000549316406,142.74000549316406,142.69500732421875,142.69500732421875,3465.0
2026-02-27 18:04:00+00:00,142.7570037841797,142.7570037841797,142.6699981689453,142.67999267578125,1958.0
2026-02-27 18:05:00+00:00,142.6925048828125,142.69500732421875,142.6699981689453,142.68359375,1697.0
2026-02-27 18:06:00+00:00,142.6999969482422,142.8699951171875,142.6999969482422,142.8000030517578,11625.0
2026-02-27 18:07:00+00:00,142.77000427246094,142.8300018310547,142.7100067138672,142.8300018310547,4522.0
2026-02-27 18:08:00+00:00,142.83999633789062,142.83999633789062,142.8300018310547,142.83999633789062,2606.0
2026-02-27 18:09:00+00:00,142.83999633789062,142.83999633789062,142.7899932861328,142.8350067138672,3171.0
2026-02-27 18:10:00+00:00,142.8300018310547,142.8800048828125,142.77999877929688,142.8800048828125,3767.0
2026-02-27 18:11:00+00:00,142.8800048828125,142.88999938964844,142.8000030517578,142.8300018310547,3775.0
2026-02-27 18:12:00+00:00,142.8249969482422,142.8350067138672,142.8000030517578,142.8350067138672,1582.0
2026-02-27 18:13:00+00:00,142.8000030517578,142.82000732421875,142.64999389648438,142.67999267578125,8893.0
2026-02-27 18:14:00+00:00,142.69000244140625,142.69000244140625,142.65499877929688,142.67999267578125,3553.0
2026-02-27 18:15:00+00:00,142.6761932373047,142.72999572753906,142.64999389648438,142.72500610351562,6262.0
2026-02-27 18:16:00+00:00,142.72999572753906,142.7899932861328,142.72999572753906,142.7454071044922,4496.0
2026-02-27 18:17:00+00:00,142.74000549316406,142.75,142.67999267578125,142.69000244140625,6441.0
2026-02-27 18:18:00+00:00,142.69000244140625,142.75999450683594,142.69000244140625,142.75999450683594,4744.0
2026-02-27 18:19:00+00:00,142.76010131835938,142.8300018310547,142.7449951171875,142.75,5292.0
2026-02-27 18:20:00+00:00,142.75,142.82000732421875,142.74000549316406,142.82000732421875,2902.0
2026-02-27 18:21:00+00:00,142.82000732421875,142.82000732421875,142.6649932861328,142.6649932861328,7853.0
2026-02-27 18:22:00+00:00,142.6649932861328,142.7899932861328,142.6649932861328,142.7550048828125,11979.0
2026-02-27 18:23:00+00:00,142.75999450683594,142.82000732421875,142.7449951171875,142.7449951171875,6571.0
2026-02-27 18:24:00+00:00,142.7550048828125,142.83999633789062,142.74009704589844,142.78500366210938,6726.0
2026-02-27 18:25:00+00:00,142.78500366210938,142.78500366210938,142.7100067138672,142.7100067138672,3384.0
2026-02-27 18:26:00+00:00,142.6999969482422,142.75999450683594,142.69000244140625,142.72500610351562,11207.0
2026-02-27 18:27:00+00:00,142.72500610351562,142.72999572753906,142.6649932861328,142.72999572753906,7263.0
2026-02-27 18:28:00+00:00,142.77999877929688,142.8300018310547,142.77999877929688,142.8300018310547,2788.0
2026-02-27 18:29:00+00:00,142.87010192871094,142.8800048828125,142.6699981689453,142.7050018310547,18873.0
2026-02-27 18:30:00+00:00,142.6699981689453,142.72900390625,142.6300048828125,142.66000366210938,3346.0
2026-02-27 18:31:00+00:00,142.63999938964844,142.67999267578125,142.5800018310547,142.66000366210938,2736.0
2026-02-27 18:32:00+00:00,142.60000610351562,142.60000610351562,142.5399932861328,142.57000732421875,3985.0
2026-02-27 18:33:00+00:00,142.5305938720703,142.60000610351562,142.52999877929688,142.60000610351562,2989.0
2026-02-27 18:34:00+00:00,142.5399932861328,142.6199951171875,142.50999450683594,142.6199951171875,5067.0
2026-02-27 18:35:00+00:00,142.56500244140625,142.61000061035156,142.55999755859375,142.5800018310547,1371.0
2026-02-27 18:36:00+00:00,142.52999877929688,142.55999755859375,142.52999877929688,142.5500030517578,1630.0
2026-02-27 18:37:00+00:00,142.5399932861328,142.5449981689453,142.49000549316406,142.5,3923.0
2026-02-27 18:38:00+00:00,142.49000549316406,142.66000366210938,142.47000122070312,142.64999389648438,5706.0
2026-02-27 18:39:00+00:00,142.6199951171875,142.6999969482422,142.6199951171875,142.6999969482422,8200.0
2026-02-27 18:40:00+00:00,142.67999267578125,142.70899963378906,142.67999267578125,142.67999267578125,1969.0
2026-02-27 18:41:00+00:00,142.6699981689453,142.6699981689453,142.52999877929688,142.56900024414062,5550.0
2026-02-27 18:42:00+00:00,142.5399932861328,142.55999755859375,142.47000122070312,142.5,5105.0
2026-02-27 18:43:00+00:00,142.50999450683594,142.52999877929688,142.44000244140625,142.47799682617188,24895.0
2026-02-27 18:44:00+00:00,142.4550018310547,142.4622039794922,142.3800048828125,142.38999938964844,8530.0
2026-02-27 18:45:00+00:00,142.35499572753906,142.3800048828125,142.2899932861328,142.2899932861328,3286.0
2026-02-27 18:46:00+00:00,142.33999633789062,142.33999633789062,142.22999572753906,142.28990173339844,15553.0
2026-02-27 18:47:00+00:00,142.27999877929688,142.33999633789062,142.27499389648438,142.33999633789062,1839.0
2026-02-27 18:48:00+00:00,142.3350067138672,142.3699951171875,142.30999755859375,142.31500244140625,6713.0
2026-02-27 18:49:00+00:00,142.30230712890625,142.30230712890625,142.24000549316406,142.2550048828125,5299.0
2026-02-27 18:50:00+00:00,142.27000427246094,142.27999877929688,142.22000122070312,142.22999572753906,5277.0
2026-02-27 18:51:00+00:00,142.21499633789062,142.33999633789062,142.1999969482422,142.30499267578125,11355.0
2026-02-27 18:52:00+00:00,142.30499267578125,142.3800048828125,142.2899932861328,142.34500122070312,6246.0
2026-02-27 18:53:00+00:00,142.35000610351562,142.3740997314453,142.25,142.25,4022.0
2026-02-27 18:54:00+00:00,142.24000549316406,142.24000549316406,142.17999267578125,142.17999267578125,5613.0
2026-02-27 18:55:00+00:00,142.1699981689453,142.22999572753906,142.13999938964844,142.22999572753906,4661.0
2026-02-27 18:56:00+00:00,142.27499389648438,142.3000030517578,142.22999572753906,142.2449951171875,2503.0
2026-02-27 18:57:00+00:00,142.2100067138672,142.3000030517578,142.2100067138672,142.2550048828125,10422.0
2026-02-27 18:58:00+00:00,142.22999572753906,142.32000732421875,142.1699981689453,142.27999877929688,6056.0
2026-02-27 18:59:00+00:00,142.33999633789062,142.39999389648438,142.33999633789062,142.375,8116.0
2026-02-27 19:00:00+00:00,142.3800048828125,142.44500732421875,142.3350067138672,142.3350067138672,10543.0
2026-02-27 19:01:00+00:00,142.34500122070312,142.42999267578125,142.34500122070312,142.38999938964844,14349.0
2026-02-27 19:02:00+00:00,142.3800048828125,142.39999389648438,142.35499572753906,142.3699951171875,5877.0
2026-02-27 19:03:00+00:00,142.38999938964844,142.43499755859375,142.3300018310547,142.39500427246094,22410.0
2026-02-27 19:04:00+00:00,142.38999938964844,142.5,142.38009643554688,142.5,4978.0
2026-02-27 19:05:00+00:00,142.47630310058594,142.52999877929688,142.47500610351562,142.50999450683594,16557.0
2026-02-27 19:06:00+00:00,142.5,142.6300048828125,142.5,142.60499572753906,4887.0
2026-02-27 19:07:00+00:00,142.61000061035156,142.67999267578125,142.6031951904297,142.65499877929688,10510.0
2026-02-27 19:08:00+00:00,142.63999938964844,142.63999938964844,142.3699951171875,142.3699951171875,9759.0
2026-02-27 19:09:00+00:00,142.32000732421875,142.38999938964844,142.27999877929688,142.28900146484375,6738.0
2026-02-27 19:10:00+00:00,142.25999450683594,142.25999450683594,142.16000366210938,142.18499755859375,5628.0
2026-02-27 19:11:00+00:00,142.19000244140625,142.27000427246094,142.18780517578125,142.27000427246094,5503.0
2026-02-27 19:12:00+00:00,142.2301025390625,142.2899932861328,142.2301025390625,142.25999450683594,2222.0
2026-02-27 19:13:00+00:00,142.2899932861328,142.40989685058594,142.2899932861328,142.40989685058594,3326.0
2026-02-27 19:14:00+00:00,142.36000061035156,142.36000061035156,142.22999572753906,142.24000549316406,14742.0
2026-02-27 19:15:00+00:00,142.27499389648438,142.32000732421875,142.25,142.27000427246094,5093.0
2026-02-27 19:16:00+00:00,142.24000549316406,142.32000732421875,142.23500061035156,142.27879333496094,3326.0
2026-02-27 19:17:00+00:00,142.25999450683594,142.29010009765625,142.25999450683594,142.29010009765625,2956.0
2026-02-27 19:18:00+00:00,142.32000732421875,142.3699951171875,142.32000732421875,142.33009338378906,7288.0
2026-02-27 19:19:00+00:00,142.44000244140625,142.4600067138672,142.44000244140625,142.4600067138672,3056.0
2026-02-27 19:20:00+00:00,142.4600067138672,142.5,142.4600067138672,142.4949951171875,4461.0
2026-02-27 19:21:00+00:00,142.4949951171875,142.4949951171875,142.30999755859375,142.36500549316406,16585.0
2026-02-27 19:22:00+00:00,142.33999633789062,142.3699951171875,142.30499267578125,142.3699951171875,4515.0
2026-02-27 19:23:00+00:00,142.30999755859375,142.36000061035156,142.30999755859375,142.36000061035156,1136.0
2026-02-27 19:24:00+00:00,142.3699951171875,142.44000244140625,142.3699951171875,142.4149932861328,3344.0
2026-02-27 19:25:00+00:00,142.4199981689453,142.4199981689453,142.40109252929688,142.4199981689453,2430.0
2026-02-27 19:26:00+00:00,142.4199981689453,142.47000122070312,142.3699951171875,142.4600067138672,18610.0
2026-02-27 19:27:00+00:00,142.49000549316406,142.55880737304688,142.4499969482422,142.47000122070312,9474.0
2026-02-27 19:28:00+00:00,142.47999572753906,142.5,142.4199981689453,142.4499969482422,22276.0
2026-02-27 19:29:00+00:00,142.4600067138672,142.47999572753906,142.43499755859375,142.47000122070312,5722.0
2026-02-27 19:30:00+00:00,142.49000549316406,142.49000549316406,142.3800048828125,142.44000244140625,9595.0
2026-02-27 19:31:00+00:00,142.44000244140625,142.44000244140625,142.4199981689453,142.4250030517578,1271657.0
2026-02-27 19:32:00+00:00,142.39999389648438,142.5,142.39999389648438,142.47000122070312,0.0
2026-02-27 19:33:00+00:00,142.47000122070312,142.6300048828125,142.47000122070312,142.5800018310547,7880.0
2026-02-27 19:34:00+00:00,142.57000732421875,142.57000732421875,142.49000549316406,142.49000549316406,5910.0
2026-02-27 19:35:00+00:00,142.52000427246094,142.52499389648438,142.375,142.4499969482422,11214.0
2026-02-27 19:36:00+00:00,142.4600067138672,142.48959350585938,142.41000366210938,142.47999572753906,4163.0
2026-02-27 19:37:00+00:00,142.47909545898438,142.47909545898438,142.39999389648438,142.410400390625,9678.0
2026-02-27 19:38:00+00:00,142.41000366210938,142.42999267578125,142.36000061035156,142.42999267578125,6538.0
2026-02-27 19:39:00+00:00,142.42999267578125,142.52000427246094,142.42999267578125,142.47000122070312,7009.0
2026-02-27 19:40:00+00:00,142.4600067138672,142.5500030517578,142.4250030517578,142.47500610351562,7448.0
2026-02-27 19:41:00+00:00,142.47500610351562,142.5399932861328,142.44000244140625,142.46499633789062,28113.0
2026-02-27 19:42:00+00:00,142.47000122070312,142.47000122070312,142.38999938964844,142.38999938964844,4641.0
2026-02-27 19:43:00+00:00,142.375,142.375,142.2899932861328,142.2899932861328,7344.0
2026-02-27 19:44:00+00:00,142.3350067138672,142.3699951171875,142.27000427246094,142.3699951171875,6879.0
2026-02-27 19:45:00+00:00,142.34500122070312,142.43499755859375,142.34500122070312,142.38999938964844,3364.0
2026-02-27 19:46:00+00:00,142.38009643554688,142.50999450683594,142.3699951171875,142.47999572753906,7146.0
2026-02-27 19:47:00+00:00,142.4600067138672,142.47999572753906,142.44000244140625,142.47999572753906,4106.0
2026-02-27 19:48:00+00:00,142.47999572753906,142.47999572753906,142.42999267578125,142.44500732421875,6210.0
2026-02-27 19:49:00+00:00,142.44749450683594,142.45260620117188,142.3699951171875,142.38999938964844,6333.0
2026-02-27 19:50:00+00:00,142.41000366210938,142.41250610351562,142.39999389648438,142.41000366210938,2720.0
2026-02-27 19:51:00+00:00,142.41000366210938,142.44000244140625,142.38999938964844,142.39999389648438,8273.0
2026-02-27 19:52:00+00:00,142.39999389648438,142.42999267578125,142.36000061035156,142.36000061035156,4620.0
2026-02-27 19:53:00+00:00,142.36000061035156,142.3800048828125,142.27000427246094,142.27000427246094,8445.0
2026-02-27 19:54:00+00:00,142.27999877929688,142.36940002441406,142.26499938964844,142.32000732421875,7501.0
2026-02-27 19:55:00+00:00,142.30499267578125,142.30499267578125,142.25999450683594,142.2899932861328,5274.0
2026-02-27 19:56:00+00:00,142.27999877929688,142.33999633789062,142.2700958251953,142.3000030517578,5347.0
2026-02-27 19:57:00+00:00,142.3000030517578,142.3000030517578,142.2100067138672,142.25999450683594,14935.0
2026-02-27 19:58:00+00:00,142.27000427246094,142.32000732421875,142.25,142.2949981689453,8694.0
2026-02-27 19:59:00+00:00,142.30499267578125,142.30499267578125,142.22000122070312,142.26499938964844,7764.0
2026-02-27 20:00:00+00:00,142.26499938964844,142.36500549316406,142.26499938964844,142.3300018310547,8555.0
2026-02-27 20:01:00+00:00,142.34500122070312,142.3800048828125,142.34500122070312,142.3699951171875,6188.0
2026-02-27 20:02:00+00:00,142.3699951171875,142.41000366210938,142.3699951171875,142.38499450683594,8022.0
2026-02-27 20:03:00+00:00,142.38499450683594,142.38510131835938,142.1999969482422,142.1999969482422,15634.0
2026-02-27 20:04:00+00:00,142.21499633789062,142.25,142.2100067138672,142.22999572753906,8433.0
2026-02-27 20:05:00+00:00,142.22999572753906,142.27000427246094,142.19000244140625,142.27000427246094,16358.0
2026-02-27 20:06:00+00:00,142.25999450683594,142.25999450683594,141.97000122070312,142.07000732421875,56848.0
2026-02-27 20:07:00+00:00,142.10000610351562,142.10000610351562,142.0500030517578,142.07000732421875,5025.0
2026-02-27 20:08:00+00:00,142.0749969482422,142.1300048828125,142.05999755859375,142.1300048828125,9872.0
2026-02-27 20:09:00+00:00,142.14500427246094,142.19000244140625,142.1199951171875,142.125,10741.0
2026-02-27 20:10:00+00:00,142.13999938964844,142.27000427246094,142.13999938964844,142.24000549316406,15877.0
2026-02-27 20:11:00+00:00,142.24000549316406,142.3300018310547,142.24000549316406,142.3300018310547,12630.0
2026-02-27 20:12:00+00:00,142.3300018310547,142.3699951171875,142.25,142.35699462890625,22278.0
2026-02-27 20:13:00+00:00,142.3699951171875,142.4499969482422,142.33999633789062,142.4250030517578,12341.0
2026-02-27 20:14:00+00:00,142.42999267578125,142.4499969482422,142.35000610351562,142.43499755859375,13526.0
2026-02-27 20:15:00+00:00,142.43499755859375,142.50999450683594,142.43499755859375,142.47000122070312,13683.0
2026-02-27 20:16:00+00:00,142.47000122070312,142.47000122070312,142.42999267578125,142.47000122070312,9067.0
2026-02-27 20:17:00+00:00,142.44500732421875,142.58999633789062,142.44500732421875,142.58999633789062,28692.0
2026-02-27 20:18:00+00:00,142.61500549316406,142.61500549316406,142.52000427246094,142.5399932861328,11664.0
2026-02-27 20:19:00+00:00,142.5500030517578,142.6125030517578,142.53500366210938,142.61000061035156,12240.0
2026-02-27 20:20:00+00:00,142.58999633789062,142.61000061035156,142.5124969482422,142.53370666503906,7359.0
2026-02-27 20:21:00+00:00,142.52499389648438,142.5800018310547,142.49000549316406,142.5800018310547,11903.0
2026-02-27 20:22:00+00:00,142.61749267578125,142.7100067138672,142.60000610351562,142.7100067138672,13837.0
2026-02-27 20:23:00+00:00,142.71499633789062,142.82000732421875,142.71499633789062,142.8000030517578,13011.0
2026-02-27 20:24:00+00:00,142.85000610351562,142.97000122070312,142.85000610351562,142.88499450683594,12478.0
2026-02-27 20:25:00+00:00,142.9199981689453,142.94000244140625,142.90499877929688,142.90499877929688,6735.0
2026-02-27 20:26:00+00:00,142.92999267578125,142.97999572753906,142.85000610351562,142.9149932861328,9746.0
2026-02-27 20:27:00+00:00,142.88999938964844,142.9149932861328,142.85000610351562,142.86500549316406,10147.0
2026-02-27 20:28:00+00:00,142.88999938964844,143.0,142.8800048828125,142.97999572753906,1548087.0
2026-02-27 20:29:00+00:00,142.9801025390625,142.9801025390625,142.77000427246094,142.7899932861328,0.0
2026-02-27 20:30:00+00:00,142.78500366210938,142.92999267578125,142.7100067138672,142.7449951171875,18404.0
2026-02-27 20:31:00+00:00,142.72000122070312,142.74000549316406,142.3699951171875,142.38999938964844,55504.0
2026-02-27 20:32:00+00:00,142.3800048828125,142.4499969482422,142.3699951171875,142.3800048828125,28930.0
2026-02-27 20:33:00+00:00,142.42999267578125,142.42999267578125,142.32000732421875,142.32000732421875,30860.0
2026-02-27 20:34:00+00:00,142.33999633789062,142.36830139160156,142.27000427246094,142.2899932861328,12923.0
2026-02-27 20:35:00+00:00,142.28500366210938,142.3000030517578,142.25,142.26499938964844,18915.0
2026-02-27 20:36:00+00:00,142.27000427246094,142.3000030517578,142.1999969482422,142.27999877929688,16035.0
2026-02-27 20:37:00+00:00,142.27999877929688,142.33999633789062,142.24000549316406,142.3000030517578,18944.0
2026-02-27 20:38:00+00:00,142.3000030517578,142.39999389648438,142.25999450683594,142.36349487304688,20010.0
2026-02-27 20:39:00+00:00,142.375,142.4199981689453,142.36000061035156,142.39999389648438,21580.0
2026-02-27 20:40:00+00:00,142.39999389648438,142.41000366210938,142.32000732421875,142.360107421875,15032.0
2026-02-27 20:41:00+00:00,142.42999267578125,142.44000244140625,142.3000030517578,142.30499267578125,13894.0
2026-02-27 20:42:00+00:00,142.30499267578125,142.3699951171875,142.2899932861328,142.3699951171875,10845.0
2026-02-27 20:43:00+00:00,142.38999938964844,142.4250030517578,142.3300018310547,142.38999938964844,13522.0
2026-02-27 20:44:00+00:00,142.41000366210938,142.41000366210938,142.25999450683594,142.32000732421875,14002.0
2026-02-27 20:45:00+00:00,142.3300018310547,142.4199981689453,142.32000732421875,142.4199981689453,25089.0
2026-02-27 20:46:00+00:00,142.4199981689453,142.5800018310547,142.4199981689453,142.48500061035156,12013.0
2026-02-27 20:47:00+00:00,142.48500061035156,142.4949951171875,142.33999633789062,142.33999633789062,15345.0
2026-02-27 20:48:00+00:00,142.35000610351562,142.35000610351562,142.2550048828125,142.2550048828125,38335.0
2026-02-27 20:49:00+00:00,142.24000549316406,142.25999450683594,142.14999389648438,142.24000549316406,27514.0
2026-02-27 20:50:00+00:00,142.27999877929688,142.3000030517578,141.94000244140625,141.9600067138672,66891.0
2026-02-27 20:51:00+00:00,141.9600067138672,142.14500427246094,141.81500244140625,141.81500244140625,1842799.0
2026-02-27 20:52:00+00:00,141.80999755859375,142.02999877929688,141.80999755859375,141.97430419921875,0.0
2026-02-27 20:53:00+00:00,141.97000122070312,142.3000030517578,141.97000122070312,142.3000030517578,28379.0
2026-02-27 20:54:00+00:00,142.27999877929688,142.27999877929688,142.0500030517578,142.2100067138672,1898882.0
2026-02-27 20:55:00+00:00,142.22000122070312,142.24000549316406,142.0800018310547,142.17999267578125,0.0
2026-02-27 20:56:00+00:00,142.19000244140625,142.2899932861328,142.16000366210938,142.28500366210938,88289.0
2026-02-27 20:57:00+00:00,142.28500366210938,142.36500549316406,142.25999450683594,142.3000030517578,104930.0
2026-02-27 20:58:00+00:00,142.2899932861328,142.3699951171875,142.2899932861328,142.33999633789062,118376.0
2026-02-27 20:59:00+00:00,142.3350067138672,142.4250030517578,142.25999450683594,142.30999755859375,348680.0
2026-03-02 14:30:00+00:00,137.51699829101562,138.18499755859375,137.35000610351562,137.93499755859375,411641.0
2026-03-02 14:31:00+00:00,138.0050048828125,138.05999755859375,136.8939971923828,137.1300048828125,0.0
2026-03-02 14:32:00+00:00,137.14999389648438,137.52999877929688,136.97000122070312,137.48500061035156,30334.0
2026-03-02 14:33:00+00:00,137.48500061035156,137.5699005126953,137.27999877929688,137.32000732421875,23488.0
2026-03-02 14:34:00+00:00,137.27999877929688,137.57000732421875,137.0749969482422,137.5,172452.0
2026-03-02 14:35:00+00:00,137.5,137.58999633789062,137.27000427246094,137.5050048828125,34018.0
2026-03-02 14:36:00+00:00,137.58999633789062,138.27999877929688,137.5762939453125,138.22500610351562,0.0
2026-03-02 14:37:00+00:00,138.24249267578125,138.67999267578125,138.22000122070312,138.33999633789062,25775.0
2026-03-02 14:38:00+00:00,138.17999267578125,138.2100067138672,137.64999389648438,138.10499572753906,42938.0
2026-03-02 14:39:00+00:00,138.11500549316406,138.11500549316406,137.51010131835938,137.51010131835938,26693.0
2026-03-02 14:40:00+00:00,137.62710571289062,137.69000244140625,137.2100067138672,137.4564971923828,26955.0
2026-03-02 14:41:00+00:00,137.5,137.8800048828125,137.47000122070312,137.57000732421875,30090.0
2026-03-02 14:42:00+00:00,137.5500030517578,137.8699951171875,137.50999450683594,137.69000244140625,39757.0
2026-03-02 14:43:00+00:00,137.5500030517578,137.99000549316406,137.3699951171875,137.93499755859375,24068.0
2026-03-02 14:44:00+00:00,137.97500610351562,138.08349609375,137.7899932861328,138.02000427246094,293459.0
2026-03-02 14:45:00+00:00,137.9600067138672,138.43699645996094,137.9499969482422,138.38999938964844,0.0
2026-03-02 14:46:00+00:00,138.36500549316406,138.36500549316406,138.07000732421875,138.07000732421875,21786.0
2026-03-02 14:47:00+00:00,138.16000366210938,138.44000244140625,138.11000061035156,138.44000244140625,13481.0
2026-03-02 14:48:00+00:00,138.36500549316406,138.4199981689453,138.1699981689453,138.30999755859375,39693.0
2026-03-02 14:49:00+00:00,138.25999450683594,138.3699951171875,138.0399932861328,138.3699951171875,27118.0
2026-03-02 14:50:00+00:00,138.37139892578125,138.6300048828125,138.3699951171875,138.57510375976562,30874.0
2026-03-02 14:51:00+00:00,138.5749969482422,138.67999267578125,138.30499267578125,138.30499267578125,16655.0
2026-03-02 14:52:00+00:00,138.2899932861328,138.3300018310547,138.1230010986328,138.25999450683594,20796.0
2026-03-02 14:53:00+00:00,138.1999969482422,138.32000732421875,138.14999389648438,138.26499938964844,22406.0
2026-03-02 14:54:00+00:00,138.28500366210938,138.3699951171875,138.2100067138672,138.3249969482422,11816.0
2026-03-02 14:55:00+00:00,138.3800048828125,138.49000549316406,138.27000427246094,138.49000549316406,17680.0
2026-03-02 14:56:00+00:00,138.4199981689453,138.4199981689453,138.25999450683594,138.32000732421875,15481.0
2026-03-02 14:57:00+00:00,138.3800048828125,138.3800048828125,138.10000610351562,138.13999938964844,19580.0
2026-03-02 14:58:00+00:00,138.1199951171875,138.38900756835938,138.11000061035156,138.2050018310547,31498.0
2026-03-02 14:59:00+00:00,138.24000549316406,138.4199981689453,138.19500732421875,138.39500427246094,15013.0
2026-03-02 15:00:00+00:00,138.3800048828125,138.39999389648438,138.11000061035156,138.1699981689453,29711.0
2026-03-02 15:01:00+00:00,138.1699981689453,138.50999450683594,138.1699981689453,138.47999572753906,440050.0
2026-03-02 15:02:00+00:00,138.52000427246094,138.5800018310547,138.34249877929688,138.34249877929688,34476.0
2026-03-02 15:03:00+00:00,138.3800048828125,138.45140075683594,138.16000366210938,138.38999938964844,0.0
2026-03-02 15:04:00+00:00,138.42999267578125,138.44000244140625,138.27000427246094,138.3249969482422,448945.0
2026-03-02 15:05:00+00:00,138.3249969482422,138.4199981689453,138.22000122070312,138.4199981689453,29204.0
2026-03-02 15:06:00+00:00,138.42999267578125,138.85000610351562,138.3800048828125,138.77499389648438,0.0
2026-03-02 15:07:00+00:00,138.8498992919922,138.9199981689453,138.69000244140625,138.91000366210938,19773.0
2026-03-02 15:08:00+00:00,138.90499877929688,139.1999969482422,138.7899932861328,139.17999267578125,26915.0
2026-03-02 15:09:00+00:00,139.1649932861328,139.25,139.0399932861328,139.1199951171875,20802.0
2026-03-02 15:10:00+00:00,139.14999389648438,139.19000244140625,138.95010375976562,139.10000610351562,15366.0
2026-03-02 15:11:00+00:00,139.1300048828125,139.26499938964844,139.0800018310547,139.22999572753906,507823.0
2026-03-02 15:12:00+00:00,139.22999572753906,139.3300018310547,139.1300048828125,139.3300018310547,0.0
2026-03-02 15:13:00+00:00,139.32000732421875,139.4499969482422,139.30999755859375,139.3699951171875,9758.0
2026-03-02 15:14:00+00:00,139.3800048828125,139.38499450683594,139.27999877929688,139.3300018310547,9899.0
2026-03-02 15:15:00+00:00,139.39999389648438,139.42999267578125,139.27999877929688,139.39999389648438,531214.0
2026-03-02 15:16:00+00:00,139.43499755859375,139.50999450683594,139.33999633789062,139.41000366210938,0.0
2026-03-02 15:17:00+00:00,139.40499877929688,139.43499755859375,138.9199981689453,138.9600067138672,34077.0
2026-03-02 15:18:00+00:00,138.9199981689453,138.97999572753906,138.8000030517578,138.86000061035156,22463.0
2026-03-02 15:19:00+00:00,138.83999633789062,138.8800048828125,138.72999572753906,138.8249969482422,14936.0
2026-03-02 15:20:00+00:00,138.85000610351562,138.86000061035156,138.55999755859375,138.5749969482422,21881.0
2026-03-02 15:21:00+00:00,138.5749969482422,138.61000061035156,138.2100067138672,138.22999572753906,24825.0
2026-03-02 15:22:00+00:00,138.2100067138672,138.24000549316406,137.9499969482422,138.02000427246094,41204.0
2026-03-02 15:23:00+00:00,138.02000427246094,138.2899932861328,137.94000244140625,138.2899932861328,22025.0
2026-03-02 15:24:00+00:00,138.25999450683594,138.25999450683594,138.11500549316406,138.1699981689453,11480.0
2026-03-02 15:25:00+00:00,138.22000122070312,138.35479736328125,138.05999755859375,138.09500122070312,18090.0
2026-03-02 15:26:00+00:00,138.09500122070312,138.44000244140625,138.09500122070312,138.42999267578125,14309.0
2026-03-02 15:27:00+00:00,138.41000366210938,138.42999267578125,138.14999389648438,138.1649932861328,12081.0
2026-03-02 15:28:00+00:00,138.17999267578125,138.22000122070312,137.9499969482422,137.9499969482422,26992.0
2026-03-02 15:29:00+00:00,137.96499633789062,138.09249877929688,137.92999267578125,137.9550018310547,19708.0
2026-03-02 15:30:00+00:00,137.9199981689453,138.00999450683594,137.80999755859375,137.83999633789062,668135.0
2026-03-02 15:31:00+00:00,137.86500549316406,137.86500549316406,137.69000244140625,137.77000427246094,0.0
2026-03-02 15:32:00+00:00,137.81419372558594,137.87989807128906,137.60000610351562,137.60499572753906,665400.0
2026-03-02 15:33:00+00:00,137.60000610351562,137.7274932861328,137.60000610351562,137.6699981689453,19935.0
2026-03-02 15:34:00+00:00,137.69000244140625,137.8800048828125,137.69000244140625,137.75,18417.0
2026-03-02 15:35:00+00:00,137.77000427246094,137.8699951171875,137.75999450683594,137.77999877929688,0.0
2026-03-02 15:36:00+00:00,137.77999877929688,137.80909729003906,137.6699981689453,137.7899932861328,13421.0
2026-03-02 15:37:00+00:00,137.80999755859375,137.8800048828125,137.77000427246094,137.86990356445312,10249.0
2026-03-02 15:38:00+00:00,137.8699951171875,138.05999755859375,137.86000061035156,138.00999450683594,16403.0
2026-03-02 15:39:00+00:00,138.02499389648438,138.16000366210938,137.9949951171875,138.16000366210938,699083.0
2026-03-02 15:40:00+00:00,138.1199951171875,138.16000366210938,138.02000427246094,138.02999877929688,0.0
2026-03-02 15:41:00+00:00,138.0399932861328,138.1999969482422,138.0,138.1699981689453,734270.0
2026-03-02 15:42:00+00:00,138.14999389648438,138.17999267578125,138.1199951171875,138.17999267578125,0.0
2026-03-02 15:43:00+00:00,138.22000122070312,138.49000549316406,138.1699981689453,138.41000366210938,12516.0
2026-03-02 15:44:00+00:00,138.4499969482422,138.55999755859375,138.39999389648438,138.5449981689453,22131.0
2026-03-02 15:45:00+00:00,138.53500366210938,138.53500366210938,138.38499450683594,138.49000549316406,9885.0
2026-03-02 15:46:00+00:00,138.48500061035156,138.6999053955078,138.48500061035156,138.5800018310547,12681.0
2026-03-02 15:47:00+00:00,138.56629943847656,138.8300018310547,138.56629943847656,138.72999572753906,8414.0
2026-03-02 15:48:00+00:00,138.6750030517578,138.76499938964844,138.64999389648438,138.75,753086.0
2026-03-02 15:49:00+00:00,138.72999572753906,138.83999633789062,138.69000244140625,138.83999633789062,0.0
2026-03-02 15:50:00+00:00,138.8000030517578,138.83999633789062,138.7100067138672,138.7899932861328,10014.0
2026-03-02 15:51:00+00:00,138.8000030517578,138.94970703125,138.6699981689453,138.74000549316406,13277.0
2026-03-02 15:52:00+00:00,138.72000122070312,138.75999450683594,138.6699981689453,138.6988067626953,5162.0
2026-03-02 15:53:00+00:00,138.6699981689453,138.72000122070312,138.5800018310547,138.66009521484375,14452.0
2026-03-02 15:54:00+00:00,138.7100067138672,138.75999450683594,138.55999755859375,138.55999755859375,9507.0
2026-03-02 15:55:00+00:00,138.5500030517578,138.60899353027344,138.47999572753906,138.5500030517578,11657.0
2026-03-02 15:56:00+00:00,138.66000366210938,138.8350067138672,138.66000366210938,138.77999877929688,783244.0
2026-03-02 15:57:00+00:00,138.8376007080078,138.8376007080078,138.69000244140625,138.77999877929688,13178.0
2026-03-02 15:58:00+00:00,138.77999877929688,138.89999389648438,138.72000122070312,138.89999389648438,0.0
2026-03-02 15:59:00+00:00,138.9499969482422,139.0500030517578,138.9499969482422,139.02000427246094,13641.0
2026-03-02 16:00:00+00:00,139.0449981689453,139.19500732421875,139.0449981689453,139.16000366210938,10241.0
2026-03-02 16:01:00+00:00,139.16000366210938,139.19000244140625,139.10000610351562,139.1649932861328,8082.0
2026-03-02 16:02:00+00:00,139.13999938964844,139.14999389648438,138.9949951171875,138.9949951171875,7832.0
2026-03-02 16:03:00+00:00,138.97000122070312,139.2100067138672,138.92999267578125,139.13999938964844,11137.0
2026-03-02 16:04:00+00:00,139.08999633789062,139.14950561523438,138.99000549316406,139.1300048828125,31627.0
2026-03-02 16:05:00+00:00,139.0800018310547,139.19500732421875,139.07000732421875,139.1699981689453,9534.0
2026-03-02 16:06:00+00:00,139.18499755859375,139.21499633789062,139.14999389648438,139.1649932861328,8687.0
2026-03-02 16:07:00+00:00,139.1300048828125,139.2899932861328,139.1199951171875,139.22999572753906,10409.0
2026-03-02 16:08:00+00:00,139.2100067138672,139.2100067138672,139.07000732421875,139.1300048828125,10894.0
2026-03-02 16:09:00+00:00,139.27000427246094,139.38999938964844,139.25,139.3249969482422,6651.0
2026-03-02 16:10:00+00:00,139.3249969482422,139.55499267578125,139.3249969482422,139.5,842188.0
2026-03-02 16:11:00+00:00,139.52830505371094,139.60000610351562,139.41000366210938,139.57000732421875,10365.0
2026-03-02 16:12:00+00:00,139.57000732421875,139.6417999267578,139.52000427246094,139.6417999267578,0.0
2026-03-02 16:13:00+00:00,139.5800018310547,139.75,139.57000732421875,139.625,844968.0
2026-03-02 16:14:00+00:00,139.625,139.7100067138672,139.61000061035156,139.7050018310547,0.0
2026-03-02 16:15:00+00:00,139.72999572753906,139.85000610351562,139.6699981689453,139.67999267578125,14366.0
2026-03-02 16:16:00+00:00,139.67999267578125,139.67999267578125,139.4499969482422,139.47000122070312,11183.0
2026-03-02 16:17:00+00:00,139.52999877929688,139.58999633789062,139.4499969482422,139.57769775390625,859467.0
2026-03-02 16:18:00+00:00,139.6199951171875,139.63499450683594,139.5,139.52999877929688,0.0
2026-03-02 16:19:00+00:00,139.59500122070312,139.61990356445312,139.5399932861328,139.5399932861328,7536.0
2026-03-02 16:20:00+00:00,139.58999633789062,139.6199951171875,139.48500061035156,139.6199951171875,8472.0
2026-03-02 16:21:00+00:00,139.52000427246094,139.59970092773438,139.47999572753906,139.53500366210938,19388.0
2026-03-02 16:22:00+00:00,139.52999877929688,139.64999389648438,139.5124969482422,139.63999938964844,878692.0
2026-03-02 16:23:00+00:00,139.64239501953125,139.67999267578125,139.5509033203125,139.5509033203125,0.0
2026-03-02 16:24:00+00:00,139.5800018310547,139.60000610351562,139.52000427246094,139.52000427246094,4853.0
2026-03-02 16:25:00+00:00,139.52999877929688,139.6199951171875,139.52999877929688,139.59500122070312,5405.0
2026-03-02 16:26:00+00:00,139.5749969482422,139.63999938964844,139.47999572753906,139.52000427246094,8335.0
2026-03-02 16:27:00+00:00,139.5,139.53500366210938,139.3000030517578,139.3800048828125,13215.0
2026-03-02 16:28:00+00:00,139.27999877929688,139.33999633789062,139.22999572753906,139.26339721679688,908994.0
2026-03-02 16:29:00+00:00,139.30999755859375,139.44000244140625,139.25999450683594,139.2899932861328,0.0
2026-03-02 16:30:00+00:00,139.27499389648438,139.39990234375,139.25,139.38999938964844,5753.0
2026-03-02 16:31:00+00:00,139.36000061035156,139.36000061035156,139.22000122070312,139.27999877929688,906781.0
2026-03-02 16:32:00+00:00,139.25999450683594,139.2899932861328,139.22000122070312,139.2899932861328,0.0
2026-03-02 16:33:00+00:00,139.2899932861328,139.3699951171875,139.2899932861328,139.33999633789062,8916.0
2026-03-02 16:34:00+00:00,139.30999755859375,139.5,139.1750030517578,139.5,9108.0
2026-03-02 16:35:00+00:00,139.49000549316406,139.53500366210938,139.38999938964844,139.53500366210938,9167.0
2026-03-02 16:36:00+00:00,139.5399932861328,139.72500610351562,139.47999572753906,139.6999969482422,5735.0
2026-03-02 16:37:00+00:00,139.7050018310547,139.75,139.6699981689453,139.7050018310547,930234.0
2026-03-02 16:38:00+00:00,139.7100067138672,139.7899932861328,139.7100067138672,139.77999877929688,0.0
2026-03-02 16:39:00+00:00,139.8096923828125,139.80999755859375,139.61500549316406,139.7550048828125,35276.0
2026-03-02 16:40:00+00:00,139.75999450683594,139.92999267578125,139.75999450683594,139.90499877929688,944691.0
2026-03-02 16:41:00+00:00,139.88290405273438,140.02000427246094,139.86000061035156,140.0,0.0
2026-03-02 16:42:00+00:00,139.97000122070312,139.9949951171875,139.83999633789062,139.9149932861328,9853.0
2026-03-02 16:43:00+00:00,139.94000244140625,140.02000427246094,139.6199951171875,139.92999267578125,129822.0
2026-03-02 16:44:00+00:00,139.9149932861328,139.9149932861328,139.4250030517578,139.4250030517578,33151.0
2026-03-02 16:45:00+00:00,139.4250030517578,139.49000549316406,139.30999755859375,139.47999572753906,9310.0
2026-03-02 16:46:00+00:00,139.47500610351562,139.49000549316406,139.42999267578125,139.49000549316406,4673.0
2026-03-02 16:47:00+00:00,139.47000122070312,139.51829528808594,139.38999938964844,139.51829528808594,977882.0
2026-03-02 16:48:00+00:00,139.48500061035156,139.50999450683594,139.3800048828125,139.3800048828125,0.0
2026-03-02 16:49:00+00:00,139.41000366210938,139.47000122070312,139.38499450683594,139.47000122070312,7548.0
2026-03-02 16:50:00+00:00,139.47999572753906,139.47999572753906,139.33999633789062,139.40499877929688,8516.0
2026-03-02 16:51:00+00:00,139.39999389648438,139.4499969482422,139.24000549316406,139.24000549316406,120656.0
2026-03-02 16:52:00+00:00,139.27999877929688,139.42999267578125,139.24000549316406,139.35000610351562,14842.0
2026-03-02 16:53:00+00:00,139.3800048828125,139.52999877929688,139.3800048828125,139.47999572753906,26160.0
2026-03-02 16:54:00+00:00,139.47000122070312,139.47000122070312,139.36929321289062,139.4188995361328,6513.0
2026-03-02 16:55:00+00:00,139.39999389648438,139.6750030517578,139.33999633789062,139.6750030517578,6030.0
2026-03-02 16:56:00+00:00,139.6300048828125,139.75999450683594,139.58999633789062,139.6300048828125,7064.0
2026-03-02 16:57:00+00:00,139.6699981689453,139.75999450683594,139.63999938964844,139.7100067138672,1011768.0
2026-03-02 16:58:00+00:00,139.6999969482422,139.89999389648438,139.69000244140625,139.77999877929688,0.0
2026-03-02 16:59:00+00:00,139.75,139.75,139.75,139.75,10344.0
2026-03-02 17:01:00+00:00,139.86000061035156,139.9199981689453,139.72500610351562,139.72500610351562,12421.0
2026-03-02 17:02:00+00:00,139.72000122070312,139.81500244140625,139.69000244140625,139.70700073242188,19281.0
2026-03-02 17:04:00+00:00,139.7100067138672,139.8000030517578,139.6999969482422,139.7899932861328,5107.0
2026-03-02 17:05:00+00:00,139.8249969482422,139.89999389648438,139.82000732421875,139.8800048828125,18075.0
2026-03-02 17:06:00+00:00,139.88999938964844,139.95419311523438,139.83999633789062,139.8699951171875,10412.0
2026-03-02 17:07:00+00:00,139.8300018310547,139.83999633789062,139.72000122070312,139.73500061035156,7686.0
2026-03-02 17:08:00+00:00,139.7100067138672,139.7989044189453,139.7100067138672,139.75999450683594,4515.0
2026-03-02 17:09:00+00:00,139.72000122070312,140.0,139.72000122070312,139.9600067138672,23835.0
2026-03-02 17:10:00+00:00,140.0,140.02000427246094,139.9199981689453,139.9499969482422,10326.0
2026-03-02 17:11:00+00:00,139.97000122070312,139.97999572753906,139.85000610351562,139.94000244140625,8436.0
2026-03-02 17:12:00+00:00,139.92999267578125,139.99000549316406,139.91000366210938,139.97500610351562,1059337.0
2026-03-02 17:13:00+00:00,139.99130249023438,140.02999877929688,139.88999938964844,140.00169372558594,16243.0
2026-03-02 17:14:00+00:00,140.02000427246094,140.0800018310547,139.97999572753906,140.07000732421875,0.0
2026-03-02 17:15:00+00:00,140.06500244140625,140.2100067138672,140.06500244140625,140.17999267578125,12024.0
2026-03-02 17:16:00+00:00,140.17999267578125,140.19850158691406,140.13009643554688,140.13009643554688,6660.0
2026-03-02 17:17:00+00:00,140.13999938964844,140.2100067138672,140.11000061035156,140.2100067138672,9472.0
2026-03-02 17:18:00+00:00,140.22000122070312,140.24000549316406,140.1699981689453,140.1699981689453,1069376.0
2026-03-02 17:19:00+00:00,140.2050018310547,140.3000030517578,140.2050018310547,140.25,0.0
2026-03-02 17:20:00+00:00,140.2100067138672,140.2899932861328,140.2100067138672,140.24000549316406,11828.0
2026-03-02 17:21:00+00:00,140.22999572753906,140.22999572753906,140.14999389648438,140.1649932861328,7357.0
2026-03-02 17:22:00+00:00,140.1999969482422,140.33999633789062,140.1999969482422,140.33999633789062,7741.0
2026-03-02 17:23:00+00:00,140.3300018310547,140.44000244140625,140.3249969482422,140.4149932861328,7610.0
2026-03-02 17:24:00+00:00,140.4149932861328,140.5,140.4149932861328,140.42100524902344,8508.0
2026-03-02 17:25:00+00:00,140.4199981689453,140.44500732421875,140.38999938964844,140.44000244140625,4129.0
2026-03-02 17:26:00+00:00,140.42999267578125,140.4477996826172,140.35000610351562,140.3800048828125,8890.0
2026-03-02 17:27:00+00:00,140.35000610351562,140.40499877929688,140.27999877929688,140.40499877929688,6269.0
2026-03-02 17:28:00+00:00,140.42999267578125,140.46609497070312,140.36500549316406,140.46609497070312,17312.0
2026-03-02 17:29:00+00:00,140.47000122070312,140.47950744628906,140.44000244140625,140.4499969482422,4024.0
2026-03-02 17:30:00+00:00,140.4199981689453,140.47000122070312,140.38999938964844,140.4375,5886.0
2026-03-02 17:31:00+00:00,140.4600067138672,140.55999755859375,140.40499877929688,140.52000427246094,17354.0
2026-03-02 17:32:00+00:00,140.5500030517578,140.6199951171875,140.50999450683594,140.5500030517578,7468.0
2026-03-02 17:33:00+00:00,140.5749969482422,140.69500732421875,140.55999755859375,140.66000366210938,10628.0
2026-03-02 17:34:00+00:00,140.66000366210938,140.74899291992188,140.6215057373047,140.7100067138672,6705.0
2026-03-02 17:35:00+00:00,140.6999969482422,140.81500244140625,140.6999969482422,140.74000549316406,4156.0
2026-03-02 17:36:00+00:00,140.77499389648438,140.91000366210938,140.77499389648438,140.91000366210938,6753.0
2026-03-02 17:37:00+00:00,140.88999938964844,140.93499755859375,140.85000610351562,140.85580444335938,5614.0
2026-03-02 17:38:00+00:00,140.8800048828125,140.8800048828125,140.67999267578125,140.7100067138672,1130425.0
2026-03-02 17:39:00+00:00,140.72000122070312,140.7274932861328,140.66000366210938,140.66000366210938,0.0
2026-03-02 17:40:00+00:00,140.7100067138672,140.82000732421875,140.66000366210938,140.75999450683594,3786.0
2026-03-02 17:41:00+00:00,140.75,140.85499572753906,140.75,140.75,6768.0
2026-03-02 17:42:00+00:00,140.75,140.75,140.7301025390625,140.7301025390625,1902.0
2026-03-02 17:43:00+00:00,140.74000549316406,140.82000732421875,140.74000549316406,140.8000030517578,1129672.0
2026-03-02 17:44:00+00:00,140.82989501953125,140.88999938964844,140.77000427246094,140.88999938964844,0.0
2026-03-02 17:45:00+00:00,140.88999938964844,140.9499969482422,140.74000549316406,140.8300018310547,13845.0
2026-03-02 17:46:00+00:00,140.8699951171875,140.91000366210938,140.86000061035156,140.86000061035156,2342.0
2026-03-02 17:47:00+00:00,140.86000061035156,141.0399932861328,140.86000061035156,140.99000549316406,60743.0
2026-03-02 17:48:00+00:00,141.0,141.0,140.85000610351562,140.8699951171875,7934.0
2026-03-02 17:49:00+00:00,140.85000610351562,140.88999938964844,140.8000030517578,140.86000061035156,4047.0
2026-03-02 17:50:00+00:00,140.85000610351562,140.8800048828125,140.82009887695312,140.8800048828125,12086.0
2026-03-02 17:51:00+00:00,140.8800048828125,140.99000549316406,140.8800048828125,140.98500061035156,2865.0
2026-03-02 17:52:00+00:00,140.98500061035156,141.0500030517578,140.97000122070312,141.00999450683594,4518.0
2026-03-02 17:53:00+00:00,141.0,141.02499389648438,140.9499969482422,140.97999572753906,1159571.0
2026-03-02 17:54:00+00:00,140.9550018310547,140.99000549316406,140.875,140.88999938964844,4712.0
2026-03-02 17:55:00+00:00,140.90469360351562,140.90469360351562,140.75999450683594,140.7899932861328,0.0
2026-03-02 17:56:00+00:00,140.74000549316406,140.85499572753906,140.74000549316406,140.75100708007812,6380.0
2026-03-02 17:57:00+00:00,140.74000549316406,140.75999450683594,140.72000122070312,140.75999450683594,2658.0
2026-03-02 17:58:00+00:00,140.77000427246094,140.8300018310547,140.77000427246094,140.77000427246094,6479.0
2026-03-02 17:59:00+00:00,140.8000030517578,140.89259338378906,140.7606964111328,140.8800048828125,3775.0
2026-03-02 18:00:00+00:00,140.91000366210938,140.91000366210938,140.84860229492188,140.89999389648438,6961.0
2026-03-02 18:01:00+00:00,140.88999938964844,140.92999267578125,140.8800048828125,140.9199981689453,3919.0
2026-03-02 18:02:00+00:00,140.92410278320312,140.9949951171875,140.92410278320312,140.97000122070312,2225.0
2026-03-02 18:03:00+00:00,140.9199981689453,140.94000244140625,140.88270568847656,140.89999389648438,3853.0
2026-03-02 18:04:00+00:00,140.8800048828125,140.9257049560547,140.8800048828125,140.9149932861328,3254.0
2026-03-02 18:05:00+00:00,140.9600067138672,140.99000549316406,140.9355010986328,140.9355010986328,4497.0
2026-03-02 18:06:00+00:00,140.89999389648438,140.90499877929688,140.8800048828125,140.90499877929688,1657.0
2026-03-02 18:07:00+00:00,140.8800048828125,140.92990112304688,140.8800048828125,140.9149932861328,1804.0
2026-03-02 18:08:00+00:00,140.88999938964844,140.91000366210938,140.8699951171875,140.89010620117188,3480.0
2026-03-02 18:09:00+00:00,140.90969848632812,140.90969848632812,140.83999633789062,140.83999633789062,8505.0
2026-03-02 18:10:00+00:00,140.8300018310547,140.88999938964844,140.80999755859375,140.88499450683594,3262.0
2026-03-02 18:11:00+00:00,140.83999633789062,140.9199981689453,140.80999755859375,140.9149932861328,5327.0
2026-03-02 18:12:00+00:00,140.91000366210938,140.92999267578125,140.8800048828125,140.8800048828125,5664.0
2026-03-02 18:13:00+00:00,140.875,140.99989318847656,140.875,140.99989318847656,7393.0
2026-03-02 18:14:00+00:00,140.98500061035156,140.98500061035156,140.9499969482422,140.97000122070312,1201433.0
2026-03-02 18:15:00+00:00,140.9499969482422,140.96499633789062,140.9199981689453,140.9199981689453,0.0
2026-03-02 18:16:00+00:00,140.9199981689453,140.97999572753906,140.9199981689453,140.96499633789062,4628.0
2026-03-02 18:17:00+00:00,140.96499633789062,141.0,140.92999267578125,140.92999267578125,9341.0
2026-03-02 18:18:00+00:00,140.9199981689453,140.96499633789062,140.86050415039062,140.96499633789062,6126.0
2026-03-02 18:19:00+00:00,140.9199981689453,140.94500732421875,140.86000061035156,140.88499450683594,8206.0
2026-03-02 18:20:00+00:00,140.8419952392578,140.84410095214844,140.77999877929688,140.84410095214844,5814.0
2026-03-02 18:21:00+00:00,140.83999633789062,140.94000244140625,140.83999633789062,140.9250030517578,3217.0
2026-03-02 18:22:00+00:00,140.89999389648438,140.97999572753906,140.86000061035156,140.9600067138672,4067.0
2026-03-02 18:23:00+00:00,140.9199981689453,140.94000244140625,140.8802947998047,140.91000366210938,2538.0
2026-03-02 18:24:00+00:00,140.9149932861328,140.96499633789062,140.88999938964844,140.94500732421875,2901.0
2026-03-02 18:25:00+00:00,140.94500732421875,140.94500732421875,140.89999389648438,140.91000366210938,4865.0
2026-03-02 18:26:00+00:00,140.9499969482422,141.1199951171875,140.9499969482422,141.1199951171875,5440.0
2026-03-02 18:27:00+00:00,141.17999267578125,141.27999877929688,141.16009521484375,141.201904296875,1244994.0
2026-03-02 18:28:00+00:00,141.22999572753906,141.27000427246094,141.16000366210938,141.19000244140625,0.0
2026-03-02 18:29:00+00:00,141.1699981689453,141.19000244140625,141.02999877929688,141.05999755859375,4716.0
2026-03-02 18:30:00+00:00,141.0399932861328,141.0500030517578,140.79010009765625,140.82000732421875,14245.0
2026-03-02 18:31:00+00:00,140.88999938964844,140.91000366210938,140.82000732421875,140.82000732421875,3294.0
2026-03-02 18:32:00+00:00,140.77999877929688,140.8000030517578,140.6999969482422,140.74000549316406,15944.0
2026-03-02 18:33:00+00:00,140.7899932861328,140.8000030517578,140.75999450683594,140.75999450683594,2254.0
2026-03-02 18:34:00+00:00,140.7899932861328,140.80499267578125,140.74000549316406,140.74000549316406,2659.0
2026-03-02 18:35:00+00:00,140.75149536132812,140.83999633789062,140.7100067138672,140.83999633789062,4263.0
2026-03-02 18:36:00+00:00,140.8101043701172,140.8800048828125,140.7899932861328,140.8800048828125,4720.0
2026-03-02 18:37:00+00:00,140.85499572753906,140.88999938964844,140.76100158691406,140.8000030517578,8480.0
2026-03-02 18:38:00+00:00,140.77499389648438,140.8000030517578,140.76499938964844,140.8000030517578,3193.0
2026-03-02 18:39:00+00:00,140.78829956054688,140.81500244140625,140.78399658203125,140.78399658203125,2151.0
2026-03-02 18:40:00+00:00,140.83999633789062,140.83999633789062,140.7100067138672,140.77000427246094,8845.0
2026-03-02 18:41:00+00:00,140.7550048828125,140.83999633789062,140.72000122070312,140.8009033203125,12861.0
2026-03-02 18:42:00+00:00,140.7646942138672,140.86000061035156,140.75,140.8249969482422,7563.0
2026-03-02 18:43:00+00:00,140.88999938964844,140.97000122070312,140.85009765625,140.88999938964844,11436.0
2026-03-02 18:44:00+00:00,140.88999938964844,140.97999572753906,140.84500122070312,140.97000122070312,8328.0
2026-03-02 18:45:00+00:00,140.97000122070312,140.97000122070312,140.91009521484375,140.91070556640625,5953.0
2026-03-02 18:46:00+00:00,140.9499969482422,140.9499969482422,140.77999877929688,140.82000732421875,7495.0
2026-03-02 18:47:00+00:00,140.75,140.75,140.64999389648438,140.7198944091797,10557.0
2026-03-02 18:48:00+00:00,140.72999572753906,140.8699951171875,140.72999572753906,140.83999633789062,2507.0
2026-03-02 18:49:00+00:00,140.81500244140625,140.82000732421875,140.67999267578125,140.7449951171875,18121.0
2026-03-02 18:50:00+00:00,140.75999450683594,140.7899932861328,140.74000549316406,140.75,1733.0
2026-03-02 18:51:00+00:00,140.75,140.75,140.62010192871094,140.62010192871094,10092.0
2026-03-02 18:52:00+00:00,140.69039916992188,140.69039916992188,140.63999938964844,140.64280700683594,2780.0
2026-03-02 18:53:00+00:00,140.6199951171875,140.67999267578125,140.5850067138672,140.65499877929688,3813.0
2026-03-02 18:54:00+00:00,140.67970275878906,140.7449951171875,140.67970275878906,140.7100067138672,4001.0
2026-03-02 18:55:00+00:00,140.71499633789062,140.71499633789062,140.61000061035156,140.6300048828125,13549.0
2026-03-02 18:56:00+00:00,140.6300048828125,140.6300048828125,140.57000732421875,140.6199951171875,4819.0
2026-03-02 18:57:00+00:00,140.58999633789062,140.59500122070312,140.54100036621094,140.54100036621094,3275.0
2026-03-02 18:58:00+00:00,140.5800018310547,140.5800018310547,140.48199462890625,140.57000732421875,7995.0
2026-03-02 18:59:00+00:00,140.6199951171875,140.63710021972656,140.60000610351562,140.6199951171875,4085.0
2026-03-02 19:00:00+00:00,140.6199951171875,140.6999969482422,140.61000061035156,140.6649932861328,10819.0
2026-03-02 19:01:00+00:00,140.6649932861328,140.74000549316406,140.66000366210938,140.66000366210938,5393.0
2026-03-02 19:02:00+00:00,140.63999938964844,140.74000549316406,140.61000061035156,140.72000122070312,6398.0
2026-03-02 19:03:00+00:00,140.73500061035156,140.86500549316406,140.73500061035156,140.86000061035156,2922.0
2026-03-02 19:04:00+00:00,140.86000061035156,140.92999267578125,140.8300018310547,140.91000366210938,8955.0
2026-03-02 19:05:00+00:00,140.88999938964844,140.94000244140625,140.83999633789062,140.94000244140625,5123.0
2026-03-02 19:06:00+00:00,140.88009643554688,140.91000366210938,140.85000610351562,140.8699951171875,3333.0
2026-03-02 19:07:00+00:00,140.87010192871094,140.87010192871094,140.82260131835938,140.82260131835938,3588.0
2026-03-02 19:08:00+00:00,140.8350067138672,140.89500427246094,140.77999877929688,140.8350067138672,6581.0
2026-03-02 19:09:00+00:00,140.8350067138672,141.02999877929688,140.8350067138672,141.0050048828125,18990.0
2026-03-02 19:10:00+00:00,141.0050048828125,141.0800018310547,140.9600067138672,141.05499267578125,9546.0
2026-03-02 19:11:00+00:00,141.02999877929688,141.13999938964844,140.97000122070312,141.13999938964844,9044.0
2026-03-02 19:12:00+00:00,141.1475067138672,141.14999389648438,141.08999633789062,141.1300048828125,1355988.0
2026-03-02 19:13:00+00:00,141.11500549316406,141.16000366210938,141.10000610351562,141.16000366210938,0.0
2026-03-02 19:14:00+00:00,141.1300048828125,141.3249969482422,141.1300048828125,141.29969787597656,15514.0
2026-03-02 19:15:00+00:00,141.25,141.41000366210938,141.25,141.3249969482422,12506.0
2026-03-02 19:16:00+00:00,141.38499450683594,141.44500732421875,141.38499450683594,141.44500732421875,8061.0
2026-03-02 19:17:00+00:00,141.4499969482422,141.49000549316406,141.39500427246094,141.4550018310547,6168.0
2026-03-02 19:18:00+00:00,141.47999572753906,141.52000427246094,141.44000244140625,141.47500610351562,13548.0
2026-03-02 19:19:00+00:00,141.47000122070312,141.47000122070312,141.3300018310547,141.3300018310547,1374485.0
2026-03-02 19:20:00+00:00,141.33999633789062,141.3699951171875,141.22000122070312,141.3249969482422,0.0
2026-03-02 19:21:00+00:00,141.36000061035156,141.47000122070312,141.33999633789062,141.4340057373047,5180.0
2026-03-02 19:22:00+00:00,141.39999389648438,141.4698944091797,141.360107421875,141.4199981689453,3547.0
2026-03-02 19:23:00+00:00,141.4149932861328,141.4600067138672,141.3800048828125,141.42999267578125,2656.0
2026-03-02 19:24:00+00:00,141.41000366210938,141.41000366210938,141.2899932861328,141.2899932861328,3612.0
2026-03-02 19:25:00+00:00,141.3000030517578,141.33999633789062,141.27999877929688,141.33999633789062,4614.0
2026-03-02 19:26:00+00:00,141.3350067138672,141.38999938964844,141.3000946044922,141.3800048828125,3961.0
2026-03-02 19:27:00+00:00,141.3800048828125,141.4499969482422,141.32699584960938,141.34500122070312,14636.0
2026-03-02 19:28:00+00:00,141.34500122070312,141.35000610351562,141.3000030517578,141.30999755859375,2446.0
2026-03-02 19:29:00+00:00,141.31500244140625,141.39999389648438,141.30999755859375,141.39999389648438,2841.0
2026-03-02 19:30:00+00:00,141.42999267578125,141.5399932861328,141.42999267578125,141.47000122070312,13233.0
2026-03-02 19:31:00+00:00,141.4499969482422,141.4499969482422,141.37010192871094,141.3800048828125,7963.0
2026-03-02 19:32:00+00:00,141.3800048828125,141.39999389648438,141.27999877929688,141.30999755859375,9714.0
2026-03-02 19:33:00+00:00,141.2550048828125,141.3000030517578,141.14999389648438,141.16990661621094,17557.0
2026-03-02 19:34:00+00:00,141.1697998046875,141.38999938964844,141.1697998046875,141.33999633789062,23835.0
2026-03-02 19:35:00+00:00,141.27000427246094,141.2899932861328,141.21490478515625,141.27000427246094,4025.0
2026-03-02 19:36:00+00:00,141.25,141.30999755859375,141.25,141.3000030517578,1414921.0
2026-03-02 19:37:00+00:00,141.3300018310547,141.3300018310547,141.24000549316406,141.27999877929688,0.0
2026-03-02 19:38:00+00:00,141.27000427246094,141.3000030517578,141.27000427246094,141.28500366210938,2155.0
2026-03-02 19:39:00+00:00,141.26499938964844,141.27999877929688,141.19000244140625,141.2299041748047,10325.0
2026-03-02 19:40:00+00:00,141.2100067138672,141.25,141.2100067138672,141.22500610351562,6090.0
2026-03-02 19:41:00+00:00,141.21499633789062,141.3000030517578,141.21499633789062,141.27499389648438,4866.0
2026-03-02 19:42:00+00:00,141.27000427246094,141.3000030517578,141.2550048828125,141.27999877929688,6924.0
2026-03-02 19:43:00+00:00,141.27999877929688,141.3300018310547,141.27000427246094,141.3300018310547,9809.0
2026-03-02 19:44:00+00:00,141.35699462890625,141.4199981689453,141.34500122070312,141.4199981689453,7626.0
2026-03-02 19:45:00+00:00,141.4552001953125,141.52999877929688,141.4405059814453,141.52000427246094,5743.0
2026-03-02 19:46:00+00:00,141.52000427246094,141.73500061035156,141.5,141.67999267578125,22589.0
2026-03-02 19:47:00+00:00,141.67999267578125,141.79989624023438,141.67999267578125,141.76510620117188,6403.0
2026-03-02 19:48:00+00:00,141.7899932861328,141.80999755859375,141.6999969482422,141.77499389648438,5853.0
2026-03-02 19:49:00+00:00,141.77499389648438,141.83929443359375,141.75999450683594,141.8300018310547,9365.0
2026-03-02 19:50:00+00:00,141.8350067138672,141.92999267578125,141.8249969482422,141.9149932861328,4999.0
2026-03-02 19:51:00+00:00,141.92999267578125,142.0050048828125,141.89999389648438,141.93499755859375,17856.0
2026-03-02 19:52:00+00:00,141.93499755859375,141.94000244140625,141.83999633789062,141.83999633789062,5961.0
2026-03-02 19:53:00+00:00,141.85000610351562,141.8979034423828,141.82000732421875,141.8249969482422,7123.0
2026-03-02 19:54:00+00:00,141.83999633789062,141.8791046142578,141.77999877929688,141.8350067138672,8725.0
2026-03-02 19:55:00+00:00,141.85499572753906,141.8697052001953,141.82000732421875,141.84500122070312,3286.0
2026-03-02 19:56:00+00:00,141.84500122070312,141.85000610351562,141.8300018310547,141.83999633789062,3674.0
2026-03-02 19:57:00+00:00,141.85000610351562,141.85499572753906,141.77999877929688,141.81210327148438,5329.0
2026-03-02 19:58:00+00:00,141.81500244140625,141.86000061035156,141.81500244140625,141.82000732421875,2661.0
2026-03-02 19:59:00+00:00,141.86000061035156,141.86000061035156,141.7899932861328,141.80499267578125,3289.0
2026-03-02 20:00:00+00:00,141.80499267578125,141.92999267578125,141.80499267578125,141.89999389648438,7441.0
2026-03-02 20:01:00+00:00,141.90499877929688,141.91000366210938,141.86000061035156,141.86000061035156,3721.0
2026-03-02 20:02:00+00:00,141.88999938964844,141.94000244140625,141.8699951171875,141.94000244140625,1488133.0
2026-03-02 20:03:00+00:00,141.9600067138672,142.0,141.9199981689453,141.94000244140625,6996.0
2026-03-02 20:04:00+00:00,141.94000244140625,141.94000244140625,141.82249450683594,141.83999633789062,13314.0
2026-03-02 20:05:00+00:00,141.83999633789062,141.9398956298828,141.83999633789062,141.85499572753906,15167.0
2026-03-02 20:06:00+00:00,141.82000732421875,141.82000732421875,141.58999633789062,141.6300048828125,16637.0
2026-03-02 20:07:00+00:00,141.6300048828125,141.6300048828125,141.42999267578125,141.42999267578125,9878.0
2026-03-02 20:08:00+00:00,141.38999938964844,141.38999938964844,141.14999389648438,141.14999389648438,11568.0
2026-03-02 20:09:00+00:00,141.13499450683594,141.2100067138672,141.10000610351562,141.10499572753906,10234.0
2026-03-02 20:10:00+00:00,141.07000732421875,141.07000732421875,140.86000061035156,140.86549377441406,18922.0
2026-03-02 20:11:00+00:00,140.8699951171875,141.08999633789062,140.83009338378906,141.08999633789062,10200.0
2026-03-02 20:12:00+00:00,141.06500244140625,141.1300048828125,141.01499938964844,141.08999633789062,10540.0
2026-03-02 20:13:00+00:00,141.13999938964844,141.19000244140625,141.05999755859375,141.08999633789062,13037.0
2026-03-02 20:14:00+00:00,141.1199951171875,141.14999389648438,140.97000122070312,140.97000122070312,11333.0
2026-03-02 20:15:00+00:00,140.9600067138672,140.9600067138672,140.8699951171875,140.9600067138672,8507.0
2026-03-02 20:16:00+00:00,140.97999572753906,141.24169921875,140.97999572753906,141.24169921875,15475.0
2026-03-02 20:17:00+00:00,141.2050018310547,141.2100067138672,141.0399932861328,141.1199951171875,10275.0
2026-03-02 20:18:00+00:00,141.14500427246094,141.24000549316406,141.14500427246094,141.22500610351562,8784.0
2026-03-02 20:19:00+00:00,141.22500610351562,141.22500610351562,141.1300048828125,141.15390014648438,13732.0
2026-03-02 20:20:00+00:00,141.18499755859375,141.3000030517578,141.0800018310547,141.2899932861328,18079.0
2026-03-02 20:21:00+00:00,141.2541961669922,141.2541961669922,141.1199951171875,141.14100646972656,19221.0
2026-03-02 20:22:00+00:00,141.19000244140625,141.27389526367188,141.17999267578125,141.19000244140625,14961.0
2026-03-02 20:23:00+00:00,141.16000366210938,141.24000549316406,141.1300048828125,141.23060607910156,6637.0
2026-03-02 20:24:00+00:00,141.23500061035156,141.25,141.08999633789062,141.08999633789062,14306.0
2026-03-02 20:25:00+00:00,141.10000610351562,141.13999938964844,141.00999450683594,141.125,7140.0
2026-03-02 20:26:00+00:00,141.125,141.14999389648438,141.03500366210938,141.03500366210938,13811.0
2026-03-02 20:27:00+00:00,141.05999755859375,141.1199951171875,141.02999877929688,141.09500122070312,10550.0
2026-03-02 20:28:00+00:00,141.08999633789062,141.22999572753906,141.08999633789062,141.16000366210938,15384.0
2026-03-02 20:29:00+00:00,141.1199951171875,141.17970275878906,141.02999877929688,141.02999877929688,13155.0
2026-03-02 20:30:00+00:00,141.05999755859375,141.10000610351562,140.9949951171875,141.0800018310547,29520.0
2026-03-02 20:31:00+00:00,141.0500030517578,141.16000366210938,141.02999877929688,141.10000610351562,26087.0
2026-03-02 20:32:00+00:00,141.10499572753906,141.1699981689453,141.10000610351562,141.1699981689453,18251.0
2026-03-02 20:33:00+00:00,141.1300048828125,141.25,141.1199951171875,141.2100067138672,24925.0
2026-03-02 20:34:00+00:00,141.23500061035156,141.25999450683594,141.1999969482422,141.22999572753906,24527.0
2026-03-02 20:35:00+00:00,141.2100067138672,141.3000030517578,141.17999267578125,141.1999969482422,19267.0
2026-03-02 20:36:00+00:00,141.22000122070312,141.25,141.16000366210938,141.22999572753906,19481.0
2026-03-02 20:37:00+00:00,141.26499938964844,141.33999633789062,141.25010681152344,141.26499938964844,11465.0
2026-03-02 20:38:00+00:00,141.27000427246094,141.3300018310547,141.25,141.28500366210938,24215.0
2026-03-02 20:39:00+00:00,141.3300018310547,141.3300018310547,141.2100067138672,141.2449951171875,38174.0
2026-03-02 20:40:00+00:00,141.23199462890625,141.33999633789062,141.23199462890625,141.24000549316406,18386.0
2026-03-02 20:41:00+00:00,141.24000549316406,141.25,141.1300048828125,141.1300048828125,22290.0
2026-03-02 20:42:00+00:00,141.13999938964844,141.13999938964844,141.0399932861328,141.0399932861328,18572.0
2026-03-02 20:43:00+00:00,141.06500244140625,141.07000732421875,140.9600067138672,140.96499633789062,26865.0
2026-03-02 20:44:00+00:00,140.99000549316406,140.99000549316406,140.91000366210938,140.97500610351562,10780.0
2026-03-02 20:45:00+00:00,140.9600067138672,140.99000549316406,140.91000366210938,140.9550018310547,19964.0
2026-03-02 20:46:00+00:00,140.97000122070312,141.0399932861328,140.92030334472656,140.96499633789062,30227.0
2026-03-02 20:47:00+00:00,141.0,141.00990295410156,140.91000366210938,140.9199981689453,16677.0
2026-03-02 20:48:00+00:00,140.9199981689453,140.9425048828125,140.82000732421875,140.8800048828125,15565.0
2026-03-02 20:49:00+00:00,140.91000366210938,141.0399932861328,140.91000366210938,141.00999450683594,15409.0
2026-03-02 20:50:00+00:00,141.0,141.0500030517578,140.74000549316406,140.8300018310547,50378.0
2026-03-02 20:51:00+00:00,140.80999755859375,140.9499969482422,140.69000244140625,140.9250030517578,31143.0
2026-03-02 20:52:00+00:00,140.91000366210938,141.03750610351562,140.91000366210938,140.98500061035156,22147.0
2026-03-02 20:53:00+00:00,141.0,141.05999755859375,140.94000244140625,141.02499389648438,33922.0
2026-03-02 20:54:00+00:00,141.02000427246094,141.22999572753906,140.99000549316406,141.1999969482422,40992.0
2026-03-02 20:55:00+00:00,141.17999267578125,141.22999572753906,141.11000061035156,141.16000366210938,48964.0
2026-03-02 20:56:00+00:00,141.17999267578125,141.1999969482422,141.0500030517578,141.16000366210938,53916.0
2026-03-02 20:57:00+00:00,141.16000366210938,141.22999572753906,141.05999755859375,141.14999389648438,66674.0
2026-03-02 20:58:00+00:00,141.16000366210938,141.1699981689453,141.11000061035156,141.1300048828125,80001.0
2026-03-02 20:59:00+00:00,141.1300048828125,141.1300048828125,140.99000549316406,141.02699279785156,322397.0
2026-03-03 14:30:00+00:00,138.26499938964844,138.9600067138672,138.0,138.74000549316406,291728.0
2026-03-03 14:31:00+00:00,138.6374969482422,138.74000549316406,138.1699981689453,138.2899932861328,22073.0
2026-03-03 14:32:00+00:00,138.28500366210938,138.5399932861328,138.0,138.4600067138672,28665.0
2026-03-03 14:33:00+00:00,138.47999572753906,138.6999969482422,138.36000061035156,138.47999572753906,24467.0
2026-03-03 14:34:00+00:00,138.50999450683594,139.07000732421875,138.49000549316406,138.88499450683594,22429.0
2026-03-03 14:35:00+00:00,138.88499450683594,138.92999267578125,138.5,138.61500549316406,29524.0
2026-03-03 14:36:00+00:00,138.5399932861328,139.00999450683594,138.47999572753906,138.9250030517578,21616.0
2026-03-03 14:37:00+00:00,138.97999572753906,139.1999969482422,138.91000366210938,139.0500030517578,18403.0
2026-03-03 14:38:00+00:00,139.0500030517578,139.0800018310547,138.84930419921875,138.8800048828125,13925.0
2026-03-03 14:39:00+00:00,138.8800048828125,139.07000732421875,138.44500732421875,138.44500732421875,22496.0
2026-03-03 14:40:00+00:00,138.44500732421875,138.5500030517578,138.38999938964844,138.50999450683594,20060.0
2026-03-03 14:41:00+00:00,138.4600067138672,138.4600067138672,137.9499969482422,137.9949951171875,28118.0
2026-03-03 14:42:00+00:00,137.9949951171875,138.14999389648438,137.94859313964844,137.99000549316406,19770.0
2026-03-03 14:43:00+00:00,137.97999572753906,138.11000061035156,137.875,138.09500122070312,16907.0
2026-03-03 14:44:00+00:00,138.10000610351562,138.1699981689453,137.89999389648438,138.03500366210938,13088.0
2026-03-03 14:45:00+00:00,138.03500366210938,138.35499572753906,137.94000244140625,138.30999755859375,25518.0
2026-03-03 14:46:00+00:00,138.30999755859375,138.41000366210938,138.2449951171875,138.3459014892578,16106.0
2026-03-03 14:47:00+00:00,138.3249969482422,138.3249969482422,137.92999267578125,137.92999267578125,14898.0
2026-03-03 14:48:00+00:00,137.89999389648438,137.90499877929688,137.6300048828125,137.75999450683594,30913.0
2026-03-03 14:49:00+00:00,137.7899932861328,137.8249053955078,137.63999938964844,137.74989318847656,26065.0
2026-03-03 14:50:00+00:00,137.6999969482422,137.6999969482422,137.2700958251953,137.49000549316406,35377.0
2026-03-03 14:51:00+00:00,137.5,137.60000610351562,137.375,137.41000366210938,12414.0
2026-03-03 14:52:00+00:00,137.50999450683594,137.60000610351562,137.35000610351562,137.5998992919922,20013.0
2026-03-03 14:53:00+00:00,137.40499877929688,137.82090759277344,137.40499877929688,137.73500061035156,12533.0
2026-03-03 14:54:00+00:00,137.73500061035156,137.8300018310547,137.58999633789062,137.67999267578125,20138.0
2026-03-03 14:55:00+00:00,137.5500030517578,137.5500030517578,137.3699951171875,137.52999877929688,31904.0
2026-03-03 14:56:00+00:00,137.51499938964844,137.6999969482422,137.5,137.61000061035156,18269.0
2026-03-03 14:57:00+00:00,137.63999938964844,137.80999755859375,137.36000061035156,137.3699951171875,35324.0
2026-03-03 14:58:00+00:00,137.4490966796875,137.4490966796875,137.10000610351562,137.24000549316406,29219.0
2026-03-03 14:59:00+00:00,137.22999572753906,137.43499755859375,137.2100067138672,137.32000732421875,27214.0
2026-03-03 15:00:00+00:00,137.3000030517578,137.88999938964844,137.3000030517578,137.6199951171875,22176.0
2026-03-03 15:01:00+00:00,137.60000610351562,137.60000610351562,137.3300018310547,137.44000244140625,7251.0
2026-03-03 15:02:00+00:00,137.41000366210938,137.69000244140625,137.39999389648438,137.55499267578125,14162.0
2026-03-03 15:03:00+00:00,137.55499267578125,137.5706024169922,137.19000244140625,137.19000244140625,23002.0
2026-03-03 15:04:00+00:00,137.1999969482422,137.33999633789062,137.10000610351562,137.30999755859375,9615.0
2026-03-03 15:05:00+00:00,137.3300018310547,137.4822998046875,137.25230407714844,137.39999389648438,11271.0
2026-03-03 15:06:00+00:00,137.41000366210938,137.6300048828125,137.3800048828125,137.47000122070312,18165.0
2026-03-03 15:07:00+00:00,137.41000366210938,137.41000366210938,137.0399932861328,137.07000732421875,15706.0
2026-03-03 15:08:00+00:00,137.07000732421875,137.1999969482422,136.97999572753906,137.1699981689453,19959.0
2026-03-03 15:09:00+00:00,137.22999572753906,137.44000244140625,137.1999969482422,137.32000732421875,11570.0
2026-03-03 15:10:00+00:00,137.3800048828125,137.42999267578125,137.2655029296875,137.30999755859375,11590.0
2026-03-03 15:11:00+00:00,137.27000427246094,137.56590270996094,137.27000427246094,137.4698944091797,14619.0
2026-03-03 15:12:00+00:00,137.42999267578125,137.6699981689453,137.42999267578125,137.50999450683594,23279.0
2026-03-03 15:13:00+00:00,137.61700439453125,137.85000610351562,137.52000427246094,137.60000610351562,20709.0
2026-03-03 15:14:00+00:00,137.65499877929688,137.6999969482422,137.5800018310547,137.61000061035156,9758.0
2026-03-03 15:15:00+00:00,137.7100067138672,137.7100067138672,137.42999267578125,137.42999267578125,10709.0
2026-03-03 15:16:00+00:00,137.48500061035156,137.5,137.38999938964844,137.47000122070312,8322.0
2026-03-03 15:17:00+00:00,137.47999572753906,137.47999572753906,137.35009765625,137.44500732421875,2581.0
2026-03-03 15:18:00+00:00,137.44000244140625,137.44000244140625,137.24000549316406,137.25999450683594,12664.0
2026-03-03 15:19:00+00:00,137.22999572753906,137.3300018310547,137.1999969482422,137.26499938964844,18810.0
2026-03-03 15:20:00+00:00,137.30999755859375,137.30999755859375,137.0,137.0399932861328,17017.0
2026-03-03 15:21:00+00:00,137.0500030517578,137.10000610351562,136.75,136.75,31064.0
2026-03-03 15:22:00+00:00,136.74000549316406,136.75,136.47999572753906,136.47999572753906,22444.0
2026-03-03 15:23:00+00:00,136.47999572753906,136.80999755859375,136.47999572753906,136.7404022216797,22370.0
2026-03-03 15:24:00+00:00,136.72000122070312,136.73699951171875,136.64999389648438,136.6699981689453,14057.0
2026-03-03 15:25:00+00:00,136.52000427246094,136.66000366210938,136.42999267578125,136.44500732421875,15492.0
2026-03-03 15:26:00+00:00,136.4600067138672,136.49989318847656,136.3000030517578,136.375,15959.0
2026-03-03 15:27:00+00:00,136.36500549316406,136.5500030517578,136.36500549316406,136.47999572753906,8836.0
2026-03-03 15:28:00+00:00,136.49000549316406,136.52000427246094,136.38999938964844,136.4250030517578,7707.0
2026-03-03 15:29:00+00:00,136.4250030517578,136.55499267578125,136.41580200195312,136.46499633789062,10567.0
2026-03-03 15:30:00+00:00,136.5800018310547,136.7899932861328,136.4199981689453,136.5749969482422,16883.0
2026-03-03 15:31:00+00:00,136.6199951171875,137.1199951171875,136.6199951171875,137.0500030517578,21028.0
2026-03-03 15:32:00+00:00,136.91000366210938,137.00250244140625,136.63999938964844,136.6699981689453,12201.0
2026-03-03 15:33:00+00:00,136.625,136.625,136.4600067138672,136.48500061035156,22390.0
2026-03-03 15:34:00+00:00,136.47999572753906,136.5449981689453,136.35499572753906,136.53500366210938,20732.0
2026-03-03 15:35:00+00:00,136.55039978027344,136.77000427246094,136.55039978027344,136.69000244140625,25239.0
2026-03-03 15:36:00+00:00,136.6699981689453,137.02000427246094,136.57000732421875,136.8000030517578,27970.0
2026-03-03 15:37:00+00:00,136.88999938964844,137.08999633789062,136.88999938964844,137.08999633789062,7462.0
2026-03-03 15:38:00+00:00,137.0399932861328,137.35000610351562,137.03610229492188,137.2050018310547,11907.0
2026-03-03 15:39:00+00:00,137.25,137.44000244140625,137.24000549316406,137.41000366210938,10758.0
2026-03-03 15:40:00+00:00,137.36000061035156,137.49000549316406,137.14999389648438,137.49000549316406,26347.0
2026-03-03 15:41:00+00:00,137.4600067138672,137.47450256347656,137.30999755859375,137.42999267578125,22962.0
2026-03-03 15:42:00+00:00,137.3800048828125,137.4199981689453,137.27999877929688,137.30499267578125,12338.0
2026-03-03 15:43:00+00:00,137.11000061035156,137.1199951171875,136.99000549316406,137.01510620117188,13761.0
2026-03-03 15:44:00+00:00,137.05999755859375,137.1300048828125,136.91000366210938,137.0,28997.0
2026-03-03 15:45:00+00:00,137.08999633789062,137.10000610351562,137.0,137.0050048828125,7777.0
2026-03-03 15:46:00+00:00,137.07000732421875,137.1300048828125,136.8000030517578,136.8809051513672,9100.0
2026-03-03 15:47:00+00:00,136.97999572753906,137.0,136.80999755859375,136.85000610351562,10851.0
2026-03-03 15:48:00+00:00,136.86000061035156,136.8800048828125,136.69000244140625,136.8000030517578,13474.0
2026-03-03 15:49:00+00:00,136.77499389648438,136.88999938964844,136.66000366210938,136.8314971923828,15069.0
2026-03-03 15:50:00+00:00,136.86000061035156,136.86000061035156,136.6909942626953,136.6909942626953,5689.0
2026-03-03 15:51:00+00:00,136.83999633789062,136.9600067138672,136.75,136.8249969482422,8429.0
2026-03-03 15:52:00+00:00,136.8350067138672,136.94000244140625,136.6970977783203,136.7270965576172,11363.0
2026-03-03 15:53:00+00:00,136.69500732421875,136.8000030517578,136.61000061035156,136.7100067138672,9231.0
2026-03-03 15:54:00+00:00,136.64999389648438,136.67999267578125,136.60000610351562,136.61000061035156,4766.0
2026-03-03 15:55:00+00:00,136.69000244140625,136.7899932861328,136.64500427246094,136.75,13301.0
2026-03-03 15:56:00+00:00,136.75,136.80520629882812,136.5,136.55999755859375,11540.0
2026-03-03 15:57:00+00:00,136.55999755859375,136.68800354003906,136.4499969482422,136.625,16203.0
2026-03-03 15:58:00+00:00,136.71499633789062,136.77999877929688,136.67999267578125,136.72500610351562,16794.0
2026-03-03 15:59:00+00:00,136.77000427246094,136.91000366210938,136.73880004882812,136.91000366210938,11191.0
2026-03-03 16:00:00+00:00,136.875,136.97999572753906,136.86000061035156,136.8699951171875,12487.0
2026-03-03 16:01:00+00:00,136.86000061035156,137.02000427246094,136.86000061035156,136.97000122070312,7107.0
2026-03-03 16:02:00+00:00,136.9199981689453,137.00999450683594,136.86000061035156,137.00999450683594,10026.0
2026-03-03 16:03:00+00:00,137.00999450683594,137.0800018310547,136.92999267578125,137.06500244140625,11546.0
2026-03-03 16:04:00+00:00,137.05999755859375,137.3800048828125,137.048095703125,137.24000549316406,20956.0
2026-03-03 16:05:00+00:00,137.27000427246094,137.5449981689453,137.27000427246094,137.4550018310547,28076.0
2026-03-03 16:06:00+00:00,137.52000427246094,137.6699981689453,137.52000427246094,137.6649932861328,20937.0
2026-03-03 16:07:00+00:00,137.6649932861328,137.77000427246094,137.60000610351562,137.77000427246094,16172.0
2026-03-03 16:08:00+00:00,137.69000244140625,138.0500030517578,137.64999389648438,138.0500030517578,47339.0
2026-03-03 16:09:00+00:00,137.99000549316406,138.08999633789062,137.77000427246094,137.84500122070312,19710.0
2026-03-03 16:10:00+00:00,137.85000610351562,137.94500732421875,137.74000549316406,137.9001007080078,14896.0
2026-03-03 16:11:00+00:00,137.83999633789062,137.91000366210938,137.69000244140625,137.80999755859375,15734.0
2026-03-03 16:12:00+00:00,137.80999755859375,137.88999938964844,137.72500610351562,137.72500610351562,12895.0
2026-03-03 16:13:00+00:00,137.76499938964844,137.9949951171875,137.72000122070312,137.99000549316406,13503.0
2026-03-03 16:14:00+00:00,137.98500061035156,138.08999633789062,137.86000061035156,138.0,20802.0
2026-03-03 16:15:00+00:00,138.00010681152344,138.19000244140625,137.97000122070312,138.17999267578125,12134.0
2026-03-03 16:16:00+00:00,138.11000061035156,138.13999938964844,138.0,138.07000732421875,26141.0
2026-03-03 16:17:00+00:00,138.0449981689453,138.1300048828125,137.8300018310547,138.10000610351562,27553.0
2026-03-03 16:18:00+00:00,138.10000610351562,138.11000061035156,138.02999877929688,138.05999755859375,12874.0
2026-03-03 16:19:00+00:00,138.0500030517578,138.10989379882812,137.88450622558594,137.88450622558594,12084.0
2026-03-03 16:20:00+00:00,137.8000030517578,138.08999633789062,137.8000030517578,138.02000427246094,7769.0
2026-03-03 16:21:00+00:00,138.0749969482422,138.0749969482422,137.94000244140625,138.07000732421875,8643.0
2026-03-03 16:22:00+00:00,137.92999267578125,138.1999969482422,137.92999267578125,138.1199951171875,16123.0
2026-03-03 16:23:00+00:00,138.1199951171875,138.1999969482422,138.0800018310547,138.14010620117188,7985.0
2026-03-03 16:24:00+00:00,138.1300048828125,138.1300048828125,137.9550018310547,138.02000427246094,7152.0
2026-03-03 16:25:00+00:00,138.02999877929688,138.05990600585938,137.9600067138672,137.9600067138672,8665.0
2026-03-03 16:26:00+00:00,137.99000549316406,138.02999877929688,137.86000061035156,137.8699951171875,16586.0
2026-03-03 16:27:00+00:00,137.92999267578125,138.0800018310547,137.8800048828125,137.97000122070312,21072.0
2026-03-03 16:28:00+00:00,138.0,138.0,137.89779663085938,137.9600067138672,6537.0
2026-03-03 16:29:00+00:00,138.0,138.1199951171875,138.0,138.03500366210938,13297.0
2026-03-03 16:30:00+00:00,138.0399932861328,138.0500030517578,137.91000366210938,137.9199981689453,9096.0
2026-03-03 16:31:00+00:00,137.9199981689453,137.92010498046875,137.8000030517578,137.85479736328125,8712.0
2026-03-03 16:32:00+00:00,137.875,137.875,137.8000030517578,137.83999633789062,6568.0
2026-03-03 16:33:00+00:00,137.8699951171875,137.9300994873047,137.7899932861328,137.88999938964844,8923.0
2026-03-03 16:34:00+00:00,137.92999267578125,138.16000366210938,137.92999267578125,138.0800018310547,9883.0
2026-03-03 16:35:00+00:00,138.1300048828125,138.17739868164062,138.0500030517578,138.1699981689453,14643.0
2026-03-03 16:36:00+00:00,138.14999389648438,138.25999450683594,138.14999389648438,138.25,5995.0
2026-03-03 16:37:00+00:00,138.25,138.25990295410156,138.1999969482422,138.2050018310547,2794.0
2026-03-03 16:38:00+00:00,138.1699981689453,138.3300018310547,138.10000610351562,138.28500366210938,15349.0
2026-03-03 16:39:00+00:00,138.3000030517578,138.33999633789062,138.2823028564453,138.33999633789062,5139.0
2026-03-03 16:40:00+00:00,138.36500549316406,138.36500549316406,138.1605987548828,138.17999267578125,6972.0
2026-03-03 16:41:00+00:00,138.22999572753906,138.22999572753906,138.22999572753906,138.22999572753906,3446.0
2026-03-03 16:42:00+00:00,138.08999633789062,138.19000244140625,138.0,138.19000244140625,13815.0
2026-03-03 16:43:00+00:00,138.2100067138672,138.52999877929688,138.14999389648438,138.47000122070312,18426.0
2026-03-03 16:44:00+00:00,138.50999450683594,138.50999450683594,138.19500732421875,138.38499450683594,12861.0
2026-03-03 16:45:00+00:00,138.44000244140625,138.44000244140625,138.32000732421875,138.4199981689453,9042.0
2026-03-03 16:46:00+00:00,138.55999755859375,138.7899932861328,138.55999755859375,138.7899932861328,9788.0
2026-03-03 16:47:00+00:00,138.8498992919922,138.8498992919922,138.6999969482422,138.7550048828125,7905.0
2026-03-03 16:48:00+00:00,138.6999969482422,138.6999969482422,138.5500030517578,138.6300048828125,12034.0
2026-03-03 16:49:00+00:00,138.5906982421875,138.5906982421875,138.47999572753906,138.55499267578125,6446.0
2026-03-03 16:50:00+00:00,138.55499267578125,138.63999938964844,138.41000366210938,138.41000366210938,6531.0
2026-03-03 16:51:00+00:00,138.4600067138672,138.4600067138672,138.3101043701172,138.34779357910156,5387.0
2026-03-03 16:52:00+00:00,138.375,138.39999389648438,138.35000610351562,138.36000061035156,7001.0
2026-03-03 16:53:00+00:00,138.44000244140625,138.52999877929688,138.36000061035156,138.50360107421875,7293.0
2026-03-03 16:54:00+00:00,138.51499938964844,138.52999877929688,138.32000732421875,138.40499877929688,7138.0
2026-03-03 16:55:00+00:00,138.47999572753906,138.47999572753906,138.47000122070312,138.47999572753906,4354.0
2026-03-03 16:56:00+00:00,138.47999572753906,138.57000732421875,138.44000244140625,138.57000732421875,6997.0
2026-03-03 16:57:00+00:00,138.5449981689453,138.5449981689453,138.39999389648438,138.451904296875,8751.0
2026-03-03 16:58:00+00:00,138.50999450683594,138.5500030517578,138.44000244140625,138.48500061035156,11288.0
2026-03-03 16:59:00+00:00,138.5399932861328,138.55999755859375,138.4550018310547,138.5,25972.0
2026-03-03 17:00:00+00:00,138.5,138.6199951171875,138.41000366210938,138.4199981689453,22343.0
2026-03-03 17:01:00+00:00,138.4199981689453,138.43499755859375,138.1699981689453,138.25999450683594,15489.0
2026-03-03 17:02:00+00:00,138.23609924316406,138.30999755859375,138.1699981689453,138.2899932861328,29275.0
2026-03-03 17:03:00+00:00,138.23500061035156,138.27999877929688,138.08999633789062,138.11500549316406,15483.0
2026-03-03 17:04:00+00:00,138.0800018310547,138.0800018310547,137.875,138.0,21354.0
2026-03-03 17:05:00+00:00,138.02499389648438,138.0800018310547,137.92999267578125,137.99000549316406,9782.0
2026-03-03 17:06:00+00:00,137.97500610351562,138.05999755859375,137.97000122070312,138.0500030517578,8182.0
2026-03-03 17:07:00+00:00,138.0800018310547,138.19000244140625,137.97500610351562,138.02999877929688,11794.0
2026-03-03 17:08:00+00:00,137.985107421875,138.00999450683594,137.91000366210938,137.91000366210938,10131.0
2026-03-03 17:09:00+00:00,137.85000610351562,137.91000366210938,137.77999877929688,137.8000030517578,9938.0
2026-03-03 17:10:00+00:00,137.80999755859375,137.82000732421875,137.59500122070312,137.71499633789062,9974.0
2026-03-03 17:11:00+00:00,137.7100067138672,137.76499938964844,137.69500732421875,137.76499938964844,8964.0
2026-03-03 17:12:00+00:00,137.8000030517578,137.8800048828125,137.72999572753906,137.8350067138672,23660.0
2026-03-03 17:13:00+00:00,137.73500061035156,137.73500061035156,137.64999389648438,137.72999572753906,1315.0
2026-03-03 17:14:00+00:00,137.82000732421875,137.82000732421875,137.6649932861328,137.74139404296875,9743.0
2026-03-03 17:15:00+00:00,137.75169372558594,137.8300018310547,137.75169372558594,137.8249969482422,5287.0
2026-03-03 17:16:00+00:00,137.8300018310547,137.9199981689453,137.7949981689453,137.8000030517578,13789.0
2026-03-03 17:17:00+00:00,137.8699951171875,137.9600067138672,137.85000610351562,137.9600067138672,4567.0
2026-03-03 17:18:00+00:00,138.0,138.1199951171875,137.97999572753906,138.0749969482422,14785.0
2026-03-03 17:19:00+00:00,138.11000061035156,138.11000061035156,138.02999877929688,138.02999877929688,4690.0
2026-03-03 17:20:00+00:00,138.03500366210938,138.03500366210938,137.8800048828125,137.94000244140625,6576.0
2026-03-03 17:21:00+00:00,137.97999572753906,138.0500030517578,137.97000122070312,138.0500030517578,7199.0
2026-03-03 17:22:00+00:00,138.06500244140625,138.11000061035156,138.05999755859375,138.05999755859375,9441.0
2026-03-03 17:23:00+00:00,138.05999755859375,138.16000366210938,138.05999755859375,138.1199951171875,6208.0
2026-03-03 17:24:00+00:00,138.0800018310547,138.16000366210938,138.0800018310547,138.10000610351562,7434.0
2026-03-03 17:25:00+00:00,138.05999755859375,138.13999938964844,138.05999755859375,138.13999938964844,2463.0
2026-03-03 17:26:00+00:00,138.0500030517578,138.05999755859375,137.93499755859375,137.99000549316406,10283.0
2026-03-03 17:27:00+00:00,137.9499969482422,138.05999755859375,137.9499969482422,138.05999755859375,2175.0
2026-03-03 17:28:00+00:00,138.02999877929688,138.1488037109375,138.00999450683594,138.148193359375,12007.0
2026-03-03 17:29:00+00:00,138.1699981689453,138.24000549316406,138.1199951171875,138.12680053710938,11321.0
2026-03-03 17:30:00+00:00,138.1199951171875,138.14999389648438,138.0,138.0,6677.0
2026-03-03 17:31:00+00:00,137.99000549316406,137.9949951171875,137.89999389648438,137.89999389648438,9154.0
2026-03-03 17:32:00+00:00,137.89500427246094,137.89500427246094,137.8300018310547,137.83990478515625,6036.0
2026-03-03 17:33:00+00:00,137.77999877929688,137.8300018310547,137.67999267578125,137.67999267578125,6414.0
2026-03-03 17:34:00+00:00,137.6750030517578,137.6750030517578,137.57000732421875,137.63999938964844,5402.0
2026-03-03 17:35:00+00:00,137.64999389648438,137.64999389648438,137.52000427246094,137.58999633789062,7153.0
2026-03-03 17:36:00+00:00,137.5301055908203,137.75999450683594,137.5301055908203,137.7100067138672,4060.0
2026-03-03 17:37:00+00:00,137.6999969482422,137.77000427246094,137.6300048828125,137.63499450683594,9383.0
2026-03-03 17:38:00+00:00,137.6649932861328,137.6649932861328,137.57000732421875,137.6300048828125,8786.0
2026-03-03 17:39:00+00:00,137.63999938964844,137.63999938964844,137.58999633789062,137.61000061035156,3582.0
2026-03-03 17:40:00+00:00,137.6199951171875,137.7100067138672,137.6199951171875,137.66000366210938,9400.0
2026-03-03 17:41:00+00:00,137.62010192871094,137.7100067138672,137.57000732421875,137.57000732421875,3190.0
2026-03-03 17:42:00+00:00,137.5800018310547,137.64999389648438,137.57000732421875,137.57440185546875,2679.0
2026-03-03 17:43:00+00:00,137.64999389648438,137.85000610351562,137.64999389648438,137.8300018310547,10234.0
2026-03-03 17:44:00+00:00,137.81500244140625,137.89999389648438,137.80499267578125,137.88999938964844,5652.0
2026-03-03 17:45:00+00:00,137.91000366210938,137.91000366210938,137.85000610351562,137.85000610351562,1581.0
2026-03-03 17:46:00+00:00,137.88999938964844,137.88999938964844,137.72000122070312,137.75999450683594,8623.0
2026-03-03 17:47:00+00:00,137.7200927734375,137.7899932861328,137.72000122070312,137.72000122070312,3541.0
2026-03-03 17:48:00+00:00,137.7969970703125,137.88999938964844,137.7969970703125,137.84500122070312,5227.0
2026-03-03 17:49:00+00:00,137.8800048828125,138.00999450683594,137.8574981689453,137.906005859375,12795.0
2026-03-03 17:50:00+00:00,137.89999389648438,137.89999389648438,137.7899932861328,137.82000732421875,10453.0
2026-03-03 17:51:00+00:00,137.82000732421875,137.8800048828125,137.82000732421875,137.84500122070312,4224.0
2026-03-03 17:52:00+00:00,137.86000061035156,137.86000061035156,137.74000549316406,137.82000732421875,17717.0
2026-03-03 17:53:00+00:00,137.8260040283203,137.8260040283203,137.6649932861328,137.67999267578125,4398.0
2026-03-03 17:54:00+00:00,137.73500061035156,137.73500061035156,137.5449981689453,137.57000732421875,10488.0
2026-03-03 17:55:00+00:00,137.52000427246094,137.6300048828125,137.50999450683594,137.61000061035156,8548.0
2026-03-03 17:56:00+00:00,137.60499572753906,137.6199951171875,137.57000732421875,137.60000610351562,3787.0
2026-03-03 17:57:00+00:00,137.57000732421875,137.66000366210938,137.5399932861328,137.62060546875,9277.0
2026-03-03 17:58:00+00:00,137.6999969482422,137.6999969482422,137.5800018310547,137.5800018310547,3043.0
2026-03-03 17:59:00+00:00,137.63999938964844,137.63999938964844,137.4199981689453,137.42999267578125,15193.0
2026-03-03 18:00:00+00:00,137.42999267578125,137.6699981689453,137.41000366210938,137.6699981689453,51056.0
2026-03-03 18:01:00+00:00,137.60000610351562,137.8000030517578,137.60000610351562,137.75999450683594,11299.0
2026-03-03 18:02:00+00:00,137.74000549316406,137.77999877929688,137.67999267578125,137.69500732421875,5494.0
2026-03-03 18:03:00+00:00,137.63999938964844,137.64999389648438,137.5500030517578,137.57000732421875,7506.0
2026-03-03 18:04:00+00:00,137.5800018310547,137.67999267578125,137.51499938964844,137.64500427246094,72180.0
2026-03-03 18:05:00+00:00,137.6300048828125,137.66990661621094,137.57000732421875,137.57000732421875,6667.0
2026-03-03 18:06:00+00:00,137.61500549316406,137.72999572753906,137.61500549316406,137.6708984375,10216.0
2026-03-03 18:07:00+00:00,137.6999969482422,137.73500061035156,137.63999938964844,137.69000244140625,6612.0
2026-03-03 18:08:00+00:00,137.69000244140625,137.72000122070312,137.6699981689453,137.67999267578125,6990.0
2026-03-03 18:09:00+00:00,137.67999267578125,137.67999267578125,137.56500244140625,137.6699981689453,10935.0
2026-03-03 18:10:00+00:00,137.67999267578125,137.67999267578125,137.61599731445312,137.6199951171875,2388.0
2026-03-03 18:11:00+00:00,137.6699981689453,137.74000549316406,137.64500427246094,137.64500427246094,11542.0
2026-03-03 18:12:00+00:00,137.69000244140625,137.7899932861328,137.69000244140625,137.77099609375,9132.0
2026-03-03 18:13:00+00:00,137.77000427246094,137.77999877929688,137.68499755859375,137.68499755859375,8249.0
2026-03-03 18:14:00+00:00,137.6510009765625,137.6999969482422,137.58999633789062,137.69000244140625,7530.0
2026-03-03 18:15:00+00:00,137.6824951171875,137.75379943847656,137.64010620117188,137.75379943847656,5119.0
2026-03-03 18:16:00+00:00,137.77000427246094,137.8300018310547,137.76499938964844,137.77000427246094,6156.0
2026-03-03 18:17:00+00:00,137.8300018310547,137.889892578125,137.80999755859375,137.889892578125,5835.0
2026-03-03 18:18:00+00:00,137.86500549316406,137.86500549316406,137.7899932861328,137.8300018310547,4491.0
2026-03-03 18:19:00+00:00,137.8300018310547,137.86000061035156,137.8000030517578,137.86000061035156,2322.0
2026-03-03 18:20:00+00:00,137.8699951171875,138.0500030517578,137.8699951171875,138.02499389648438,20238.0
2026-03-03 18:21:00+00:00,138.0399932861328,138.0399932861328,137.94000244140625,138.00999450683594,8657.0
2026-03-03 18:22:00+00:00,137.9949951171875,138.11849975585938,137.9949951171875,138.05999755859375,7429.0
2026-03-03 18:23:00+00:00,138.05999755859375,138.1199951171875,138.02999877929688,138.11000061035156,7550.0
2026-03-03 18:24:00+00:00,138.10499572753906,138.10499572753906,137.96499633789062,137.96499633789062,8051.0
2026-03-03 18:25:00+00:00,137.97500610351562,137.97500610351562,137.8907012939453,137.8907012939453,14259.0
2026-03-03 18:26:00+00:00,137.88999938964844,138.0500030517578,137.88999938964844,138.00999450683594,9475.0
2026-03-03 18:27:00+00:00,137.99000549316406,137.99000549316406,137.9499969482422,137.9499969482422,2858.0
2026-03-03 18:28:00+00:00,137.94000244140625,138.0399932861328,137.94000244140625,137.9499969482422,6783.0
2026-03-03 18:29:00+00:00,137.89999389648438,137.94419860839844,137.88999938964844,137.9199981689453,14409.0
2026-03-03 18:30:00+00:00,137.94000244140625,137.9600067138672,137.91409301757812,137.94500732421875,4989.0
2026-03-03 18:31:00+00:00,137.99000549316406,138.02999877929688,137.96499633789062,138.02999877929688,3744.0
2026-03-03 18:32:00+00:00,138.0050048828125,138.13999938964844,137.94000244140625,138.1300048828125,26159.0
2026-03-03 18:33:00+00:00,138.14999389648438,138.2949981689453,138.14999389648438,138.28500366210938,18985.0
2026-03-03 18:34:00+00:00,138.3000030517578,138.3000030517578,138.2263946533203,138.24000549316406,22394.0
2026-03-03 18:35:00+00:00,138.2100067138672,138.2899932861328,138.1300048828125,138.16000366210938,9665.0
2026-03-03 18:36:00+00:00,138.17999267578125,138.1898956298828,138.07000732421875,138.1898956298828,6338.0
2026-03-03 18:37:00+00:00,138.13999938964844,138.1999969482422,138.08999633789062,138.11000061035156,7184.0
2026-03-03 18:38:00+00:00,138.1300048828125,138.2100067138672,138.11000061035156,138.2100067138672,8664.0
2026-03-03 18:39:00+00:00,138.1699981689453,138.17999267578125,138.0500030517578,138.11000061035156,11407.0
2026-03-03 18:40:00+00:00,138.1699981689453,138.1699981689453,138.02999877929688,138.02999877929688,21058.0
2026-03-03 18:41:00+00:00,138.10000610351562,138.18910217285156,138.0850067138672,138.11000061035156,11671.0
2026-03-03 18:42:00+00:00,138.11500549316406,138.2050018310547,138.07000732421875,138.2050018310547,6382.0
2026-03-03 18:43:00+00:00,138.22000122070312,138.25999450683594,138.1199951171875,138.13999938964844,7732.0
2026-03-03 18:44:00+00:00,138.13999938964844,138.13999938964844,137.94000244140625,138.05499267578125,25450.0
2026-03-03 18:45:00+00:00,138.07000732421875,138.07000732421875,137.91000366210938,137.9499969482422,8537.0
2026-03-03 18:46:00+00:00,137.9615936279297,137.97000122070312,137.9010009765625,137.9010009765625,7931.0
2026-03-03 18:47:00+00:00,137.89999389648438,137.9600067138672,137.85000610351562,137.93499755859375,14621.0
2026-03-03 18:48:00+00:00,137.9199981689453,138.1300048828125,137.9199981689453,138.1300048828125,7967.0
2026-03-03 18:49:00+00:00,138.1300048828125,138.24000549316406,138.1199951171875,138.1999969482422,9773.0
2026-03-03 18:50:00+00:00,138.1999969482422,138.3000030517578,138.19000244140625,138.3000030517578,9107.0
2026-03-03 18:51:00+00:00,138.29449462890625,138.33999633789062,138.22999572753906,138.22999572753906,4495.0
2026-03-03 18:52:00+00:00,138.1999969482422,138.1999969482422,138.0800018310547,138.11000061035156,9838.0
2026-03-03 18:53:00+00:00,138.08999633789062,138.09500122070312,137.9709014892578,137.9709014892578,6186.0
2026-03-03 18:54:00+00:00,137.9718017578125,138.0399932861328,137.9718017578125,138.0050048828125,7073.0
2026-03-03 18:55:00+00:00,137.97999572753906,137.99000549316406,137.91000366210938,137.91000366210938,17729.0
2026-03-03 18:56:00+00:00,137.9199981689453,138.11000061035156,137.9001007080078,138.05999755859375,12061.0
2026-03-03 18:57:00+00:00,138.0449981689453,138.10000610351562,138.0449981689453,138.05999755859375,3432.0
2026-03-03 18:58:00+00:00,138.08999633789062,138.14999389648438,138.05999755859375,138.0800018310547,5361.0
2026-03-03 18:59:00+00:00,138.125,138.17999267578125,138.10000610351562,138.11000061035156,13178.0
2026-03-03 19:00:00+00:00,138.1699981689453,138.22999572753906,138.1009979248047,138.1300048828125,15880.0
2026-03-03 19:01:00+00:00,138.15859985351562,138.2899932861328,138.15499877929688,138.2899932861328,7464.0
2026-03-03 19:02:00+00:00,138.25,138.26499938964844,138.16000366210938,138.2100067138672,8474.0
2026-03-03 19:03:00+00:00,138.22000122070312,138.35000610351562,138.22000122070312,138.25999450683594,11730.0
2026-03-03 19:04:00+00:00,138.25,138.35000610351562,138.25,138.27000427246094,4834.0
2026-03-03 19:05:00+00:00,138.30999755859375,138.3300018310547,138.27999877929688,138.32989501953125,6899.0
2026-03-03 19:06:00+00:00,138.22999572753906,138.27999877929688,138.2100067138672,138.26499938964844,11328.0
2026-03-03 19:07:00+00:00,138.2449951171875,138.2698974609375,138.08999633789062,138.16000366210938,12510.0
2026-03-03 19:08:00+00:00,138.1699981689453,138.1699981689453,138.0399932861328,138.0399932861328,7377.0
2026-03-03 19:09:00+00:00,138.0399932861328,138.0399932861328,137.86000061035156,137.92999267578125,9244.0
2026-03-03 19:10:00+00:00,137.9199981689453,137.9499969482422,137.8300018310547,137.8300018310547,4573.0
2026-03-03 19:11:00+00:00,137.85000610351562,137.89999389648438,137.8000030517578,137.89999389648438,5021.0
2026-03-03 19:12:00+00:00,137.91000366210938,137.91000366210938,137.80999755859375,137.83250427246094,4487.0
2026-03-03 19:13:00+00:00,137.8249969482422,137.94500732421875,137.82000732421875,137.92999267578125,7145.0
2026-03-03 19:14:00+00:00,137.9281005859375,138.02999877929688,137.89999389648438,138.01499938964844,4272.0
2026-03-03 19:15:00+00:00,138.0,138.10000610351562,138.0,138.10000610351562,4762.0
2026-03-03 19:16:00+00:00,138.10000610351562,138.10000610351562,138.03500366210938,138.03500366210938,2978.0
2026-03-03 19:17:00+00:00,138.05999755859375,138.1300048828125,138.05999755859375,138.07000732421875,5899.0
2026-03-03 19:18:00+00:00,138.11500549316406,138.1199951171875,138.07000732421875,138.08999633789062,3771.0
2026-03-03 19:19:00+00:00,138.08999633789062,138.17999267578125,138.08999633789062,138.17999267578125,5561.0
2026-03-03 19:20:00+00:00,138.19000244140625,138.25999450683594,138.17999267578125,138.25999450683594,5638.0
2026-03-03 19:21:00+00:00,138.22999572753906,138.25999450683594,138.1999969482422,138.22500610351562,6409.0
2026-03-03 19:22:00+00:00,138.25999450683594,138.25999450683594,138.16000366210938,138.25999450683594,13000.0
2026-03-03 19:23:00+00:00,138.27000427246094,138.27999877929688,138.2100067138672,138.22999572753906,10775.0
2026-03-03 19:24:00+00:00,138.27000427246094,138.30999755859375,138.1300048828125,138.1300048828125,11719.0
2026-03-03 19:25:00+00:00,138.11000061035156,138.14990234375,138.0500030517578,138.0919952392578,5295.0
2026-03-03 19:26:00+00:00,138.10000610351562,138.10000610351562,137.91000366210938,137.91000366210938,5115.0
2026-03-03 19:27:00+00:00,137.92999267578125,137.92999267578125,137.86000061035156,137.88999938964844,6367.0
2026-03-03 19:28:00+00:00,137.89999389648438,137.97000122070312,137.8699951171875,137.8800048828125,11786.0
2026-03-03 19:29:00+00:00,137.9199981689453,137.9499969482422,137.85000610351562,137.86000061035156,5458.0
2026-03-03 19:30:00+00:00,137.8300018310547,137.89999389648438,137.7899932861328,137.89999389648438,6789.0
2026-03-03 19:31:00+00:00,137.9550018310547,138.0399932861328,137.9550018310547,137.97999572753906,8743.0
2026-03-03 19:32:00+00:00,138.02000427246094,138.0500030517578,137.89999389648438,137.89999389648438,5808.0
2026-03-03 19:33:00+00:00,137.85499572753906,137.91000366210938,137.72500610351562,137.72500610351562,10838.0
2026-03-03 19:34:00+00:00,137.75999450683594,137.77000427246094,137.63999938964844,137.63999938964844,4846.0
2026-03-03 19:35:00+00:00,137.625,137.64999389648438,137.58999633789062,137.6300048828125,17997.0
2026-03-03 19:36:00+00:00,137.63999938964844,137.7100067138672,137.57000732421875,137.58999633789062,14412.0
2026-03-03 19:37:00+00:00,137.61000061035156,138.08999633789062,137.5800018310547,138.0800018310547,33402.0
2026-03-03 19:38:00+00:00,138.0399932861328,138.1199951171875,137.94000244140625,137.94000244140625,9261.0
2026-03-03 19:39:00+00:00,137.9499969482422,137.9600067138672,137.8699951171875,137.9199981689453,14879.0
2026-03-03 19:40:00+00:00,137.88999938964844,138.08999633789062,137.88999938964844,138.07000732421875,9166.0
2026-03-03 19:41:00+00:00,138.05999755859375,138.14999389648438,138.03500366210938,138.08999633789062,8054.0
2026-03-03 19:42:00+00:00,138.08999633789062,138.22000122070312,138.0709991455078,138.22000122070312,7239.0
2026-03-03 19:43:00+00:00,138.17999267578125,138.17999267578125,138.01010131835938,138.110107421875,13487.0
2026-03-03 19:44:00+00:00,138.07000732421875,138.14999389648438,138.07000732421875,138.1199951171875,6835.0
2026-03-03 19:45:00+00:00,138.07000732421875,138.27999877929688,138.07000732421875,138.24000549316406,14591.0
2026-03-03 19:46:00+00:00,138.25,138.33999633789062,138.2100067138672,138.25999450683594,13045.0
2026-03-03 19:47:00+00:00,138.22999572753906,138.2899932861328,138.14999389648438,138.2760009765625,11504.0
2026-03-03 19:48:00+00:00,138.25,138.26499938964844,138.2100067138672,138.22000122070312,5787.0
2026-03-03 19:49:00+00:00,138.22000122070312,138.22999572753906,138.14500427246094,138.2100067138672,7208.0
2026-03-03 19:50:00+00:00,138.2100067138672,138.268798828125,138.13999938964844,138.268798828125,9019.0
2026-03-03 19:51:00+00:00,138.2100067138672,138.27000427246094,138.19500732421875,138.27000427246094,4842.0
2026-03-03 19:52:00+00:00,138.24000549316406,138.33999633789062,138.22500610351562,138.3300018310547,20610.0
2026-03-03 19:53:00+00:00,138.31500244140625,138.47000122070312,138.27999877929688,138.44549560546875,82028.0
2026-03-03 19:54:00+00:00,138.4600067138672,138.71499633789062,138.44000244140625,138.71499633789062,62019.0
2026-03-03 19:55:00+00:00,138.67999267578125,138.72509765625,138.60499572753906,138.64999389648438,14763.0
2026-03-03 19:56:00+00:00,138.5800018310547,138.5850067138672,138.49000549316406,138.54010009765625,9560.0
2026-03-03 19:57:00+00:00,138.52200317382812,138.5850067138672,138.5,138.52000427246094,7381.0
2026-03-03 19:58:00+00:00,138.4949951171875,138.57989501953125,138.4949951171875,138.52049255371094,4887.0
2026-03-03 19:59:00+00:00,138.52999877929688,138.6699981689453,138.5,138.55999755859375,12274.0
2026-03-03 20:00:00+00:00,138.55999755859375,138.6199951171875,138.55999755859375,138.57000732421875,4818.0
2026-03-03 20:01:00+00:00,138.63999938964844,138.7899932861328,138.63999938964844,138.75,13924.0
2026-03-03 20:02:00+00:00,138.75,138.76040649414062,138.63999938964844,138.6699981689453,6992.0
2026-03-03 20:03:00+00:00,138.67999267578125,138.82000732421875,138.67999267578125,138.72999572753906,34384.0
2026-03-03 20:04:00+00:00,138.72999572753906,138.75999450683594,138.6300048828125,138.6699981689453,12724.0
2026-03-03 20:05:00+00:00,138.6649932861328,138.6649932861328,138.57000732421875,138.6199951171875,17459.0
2026-03-03 20:06:00+00:00,138.55999755859375,138.63999938964844,138.5500030517578,138.60569763183594,8027.0
2026-03-03 20:07:00+00:00,138.6300048828125,138.64529418945312,138.48500061035156,138.64529418945312,18174.0
2026-03-03 20:08:00+00:00,138.6199951171875,138.6199951171875,138.5500030517578,138.58999633789062,8065.0
2026-03-03 20:09:00+00:00,138.60000610351562,138.61000061035156,138.47000122070312,138.57009887695312,23685.0
2026-03-03 20:10:00+00:00,138.60000610351562,138.60000610351562,138.55149841308594,138.55999755859375,8139.0
2026-03-03 20:11:00+00:00,138.55999755859375,138.55999755859375,138.49000549316406,138.50999450683594,19805.0
2026-03-03 20:12:00+00:00,138.5,138.5500030517578,138.47500610351562,138.47500610351562,27026.0
2026-03-03 20:13:00+00:00,138.5,138.52000427246094,138.44500732421875,138.4499969482422,49991.0
2026-03-03 20:14:00+00:00,138.4600067138672,138.5,138.30999755859375,138.3300018310547,28805.0
2026-03-03 20:15:00+00:00,138.33999633789062,138.56910705566406,138.3350067138672,138.55999755859375,14677.0
2026-03-03 20:16:00+00:00,138.52020263671875,138.5399932861328,138.3800048828125,138.40499877929688,45552.0
2026-03-03 20:17:00+00:00,138.42999267578125,138.44000244140625,138.2899932861328,138.2899932861328,31304.0
2026-03-03 20:18:00+00:00,138.3000030517578,138.36000061035156,138.25,138.34249877929688,9175.0
2026-03-03 20:19:00+00:00,138.3300018310547,138.39999389648438,138.27999877929688,138.33999633789062,29018.0
2026-03-03 20:20:00+00:00,138.33999633789062,138.47000122070312,138.33999633789062,138.47000122070312,12007.0
2026-03-03 20:21:00+00:00,138.44000244140625,138.52999877929688,138.38999938964844,138.38999938964844,22136.0
2026-03-03 20:22:00+00:00,138.41000366210938,138.4499969482422,138.32000732421875,138.44000244140625,42686.0
2026-03-03 20:23:00+00:00,138.47000122070312,138.47999572753906,138.44000244140625,138.47999572753906,8685.0
2026-03-03 20:24:00+00:00,138.4199981689453,138.5500030517578,138.38999938964844,138.5500030517578,15681.0
2026-03-03 20:25:00+00:00,138.54849243164062,138.54849243164062,138.1999969482422,138.24000549316406,26749.0
2026-03-03 20:26:00+00:00,138.22000122070312,138.25,138.1699981689453,138.25,10755.0
2026-03-03 20:27:00+00:00,138.22999572753906,138.25,138.19500732421875,138.19500732421875,8228.0
2026-03-03 20:28:00+00:00,138.2126007080078,138.36000061035156,138.2126007080078,138.2301025390625,19678.0
2026-03-03 20:29:00+00:00,138.25,138.3300018310547,138.25,138.32000732421875,17049.0
2026-03-03 20:30:00+00:00,138.27999877929688,138.5399932861328,138.27999877929688,138.53500366210938,33778.0
2026-03-03 20:31:00+00:00,138.5399932861328,138.58999633789062,138.46499633789062,138.46499633789062,21040.0
2026-03-03 20:32:00+00:00,138.4600067138672,138.46499633789062,138.25,138.3800048828125,37178.0
2026-03-03 20:33:00+00:00,138.35499572753906,138.42999267578125,138.35499572753906,138.39999389648438,10234.0
2026-03-03 20:34:00+00:00,138.41000366210938,138.42999267578125,138.3249969482422,138.3249969482422,13771.0
2026-03-03 20:35:00+00:00,138.3249969482422,138.52999877929688,138.32000732421875,138.52999877929688,23276.0
2026-03-03 20:36:00+00:00,138.52000427246094,138.6199951171875,138.5,138.51499938964844,20439.0
2026-03-03 20:37:00+00:00,138.5050048828125,138.51499938964844,138.42999267578125,138.4600067138672,12020.0
2026-03-03 20:38:00+00:00,138.4600067138672,138.4600067138672,138.3699951171875,138.4600067138672,10504.0
2026-03-03 20:39:00+00:00,138.44000244140625,138.5,138.375,138.4199981689453,19223.0
2026-03-03 20:40:00+00:00,138.44500732421875,138.4600067138672,138.33999633789062,138.33999633789062,88411.0
2026-03-03 20:41:00+00:00,138.35000610351562,138.3800048828125,138.3000030517578,138.3699951171875,189084.0
2026-03-03 20:42:00+00:00,138.3699951171875,138.4499969482422,138.36000061035156,138.4149932861328,22454.0
2026-03-03 20:43:00+00:00,138.40499877929688,138.41000366210938,138.1999969482422,138.22999572753906,96329.0
2026-03-03 20:44:00+00:00,138.22999572753906,138.25999450683594,138.08999633789062,138.110107421875,23921.0
2026-03-03 20:45:00+00:00,138.10499572753906,138.21499633789062,138.10000610351562,138.19000244140625,18303.0
2026-03-03 20:46:00+00:00,138.1999969482422,138.25999450683594,138.1649932861328,138.22999572753906,20305.0
2026-03-03 20:47:00+00:00,138.25,138.3000030517578,138.17999267578125,138.27999877929688,34023.0
2026-03-03 20:48:00+00:00,138.27000427246094,138.30999755859375,138.22500610351562,138.26499938964844,20056.0
2026-03-03 20:49:00+00:00,138.25100708007812,138.27999877929688,138.22500610351562,138.22500610351562,25659.0
2026-03-03 20:50:00+00:00,138.25,138.27000427246094,137.8000030517578,137.88499450683594,86354.0
2026-03-03 20:51:00+00:00,137.88999938964844,137.9499969482422,137.8300018310547,137.89999389648438,60383.0
2026-03-03 20:52:00+00:00,137.89999389648438,138.02999877929688,137.89999389648438,137.96029663085938,43167.0
2026-03-03 20:53:00+00:00,137.97000122070312,138.1300048828125,137.97000122070312,138.08999633789062,33312.0
2026-03-03 20:54:00+00:00,138.1199951171875,138.32000732421875,138.08999633789062,138.27000427246094,53318.0
2026-03-03 20:55:00+00:00,138.24000549316406,138.24000549316406,137.96499633789062,138.1300048828125,89973.0
2026-03-03 20:56:00+00:00,138.125,138.13999938964844,138.0500030517578,138.0500030517578,62883.0
2026-03-03 20:57:00+00:00,138.0399932861328,138.1199951171875,137.97000122070312,138.11000061035156,97177.0
2026-03-03 20:58:00+00:00,138.1199951171875,138.22000122070312,138.11300659179688,138.17999267578125,88289.0
2026-03-03 20:59:00+00:00,138.1699981689453,138.2281951904297,138.07000732421875,138.13999938964844,201725.0
2026-03-04 14:30:00+00:00,138.22000122070312,138.30999755859375,137.4600067138672,137.47999572753906,351123.0
2026-03-04 14:31:00+00:00,137.5500030517578,138.97940063476562,137.52999877929688,138.61000061035156,66950.0
2026-03-04 14:32:00+00:00,138.5399932861328,139.0800018310547,138.49000549316406,138.7100067138672,43310.0
2026-03-04 14:33:00+00:00,138.7100067138672,139.1699981689453,138.7100067138672,138.92340087890625,14303.0
2026-03-04 14:34:00+00:00,138.86000061035156,138.9600067138672,138.38499450683594,138.4199981689453,17368.0
2026-03-04 14:35:00+00:00,138.41000366210938,138.4600067138672,137.52499389648438,137.79930114746094,29561.0
2026-03-04 14:36:00+00:00,137.875,138.00999450683594,137.6300048828125,138.00999450683594,27393.0
2026-03-04 14:37:00+00:00,137.92999267578125,138.0,137.72000122070312,137.8000030517578,15134.0
2026-03-04 14:38:00+00:00,137.86500549316406,138.1199951171875,137.75,137.8699951171875,28510.0
2026-03-04 14:39:00+00:00,137.8000030517578,138.1199951171875,137.8000030517578,138.0399932861328,19446.0
2026-03-04 14:40:00+00:00,138.05999755859375,138.06500244140625,137.85000610351562,138.02999877929688,20973.0
2026-03-04 14:41:00+00:00,138.0,138.1300048828125,137.7899932861328,137.7899932861328,19997.0
2026-03-04 14:42:00+00:00,137.72000122070312,137.95350646972656,137.7100067138672,137.93499755859375,17547.0
2026-03-04 14:43:00+00:00,137.86599731445312,138.4600067138672,137.86599731445312,138.26499938964844,39622.0
2026-03-04 14:44:00+00:00,138.26499938964844,138.35000610351562,138.1699981689453,138.25,17537.0
2026-03-04 14:45:00+00:00,138.11000061035156,138.14999389648438,137.88499450683594,138.08999633789062,23713.0
2026-03-04 14:46:00+00:00,138.05999755859375,138.20989990234375,138.05999755859375,138.17999267578125,6224.0
2026-03-04 14:47:00+00:00,138.2100067138672,138.39999389648438,138.1300048828125,138.1300048828125,29188.0
2026-03-04 14:48:00+00:00,138.1300048828125,138.47999572753906,138.1300048828125,138.3300018310547,25169.0
2026-03-04 14:49:00+00:00,138.3300018310547,138.5,138.00999450683594,138.02000427246094,29527.0
2026-03-04 14:50:00+00:00,138.0933074951172,138.18499755859375,137.97999572753906,138.07650756835938,40758.0
2026-03-04 14:51:00+00:00,138.1300048828125,138.40899658203125,138.1300048828125,138.2899932861328,17033.0
2026-03-04 14:52:00+00:00,138.2899932861328,138.63999938964844,138.24630737304688,138.58999633789062,36617.0
2026-03-04 14:53:00+00:00,138.65499877929688,138.80999755859375,138.57000732421875,138.6199951171875,17758.0
2026-03-04 14:54:00+00:00,138.625,138.6999969482422,138.5,138.5800018310547,21585.0
2026-03-04 14:55:00+00:00,138.55499267578125,138.5989990234375,138.4199981689453,138.4199981689453,4699.0
2026-03-04 14:56:00+00:00,138.49000549316406,138.5399932861328,138.30499267578125,138.30499267578125,20245.0
2026-03-04 14:57:00+00:00,138.30499267578125,138.44000244140625,138.22999572753906,138.3300018310547,79310.0
2026-03-04 14:58:00+00:00,138.39999389648438,138.41000366210938,138.28500366210938,138.2949981689453,29720.0
2026-03-04 14:59:00+00:00,138.2949981689453,138.33999633789062,138.16000366210938,138.29249572753906,91501.0
2026-03-04 15:00:00+00:00,138.44000244140625,138.6199951171875,138.2010040283203,138.375,39520.0
2026-03-04 15:01:00+00:00,138.33999633789062,138.3800048828125,138.0500030517578,138.0500030517578,38651.0
2026-03-04 15:02:00+00:00,138.0800018310547,138.0800018310547,137.83999633789062,137.86000061035156,27009.0
2026-03-04 15:03:00+00:00,137.83999633789062,137.875,137.72000122070312,137.72000122070312,19347.0
2026-03-04 15:04:00+00:00,137.74000549316406,138.0,137.63999938964844,138.0,9862.0
2026-03-04 15:05:00+00:00,138.0207977294922,138.0800018310547,137.8699951171875,137.97999572753906,15277.0
2026-03-04 15:06:00+00:00,138.02000427246094,138.05999755859375,137.92999267578125,138.00999450683594,8842.0
2026-03-04 15:07:00+00:00,138.0800018310547,138.13999938964844,137.8699951171875,137.9199981689453,30346.0
2026-03-04 15:08:00+00:00,137.90499877929688,138.13999938964844,137.875,138.10000610351562,26090.0
2026-03-04 15:09:00+00:00,138.10499572753906,138.10499572753906,137.8699951171875,137.97000122070312,9653.0
2026-03-04 15:10:00+00:00,137.92999267578125,138.10000610351562,137.88999938964844,138.0500030517578,21284.0
2026-03-04 15:11:00+00:00,138.11000061035156,138.11000061035156,137.89999389648438,137.9199981689453,16062.0
2026-03-04 15:12:00+00:00,137.9550018310547,138.11000061035156,137.94500732421875,138.00999450683594,19440.0
2026-03-04 15:13:00+00:00,138.01499938964844,138.36500549316406,138.01499938964844,138.36500549316406,24400.0
2026-03-04 15:14:00+00:00,138.41000366210938,138.49000549316406,138.3000030517578,138.49000549316406,26183.0
2026-03-04 15:15:00+00:00,138.5,138.57989501953125,138.3000030517578,138.38999938964844,11264.0
2026-03-04 15:16:00+00:00,138.4199981689453,138.4600067138672,138.30999755859375,138.38499450683594,20086.0
2026-03-04 15:17:00+00:00,138.33999633789062,138.42999267578125,138.13009643554688,138.1999969482422,22817.0
2026-03-04 15:18:00+00:00,138.1300048828125,138.25999450683594,137.80099487304688,137.8800048828125,41318.0
2026-03-04 15:19:00+00:00,137.91000366210938,137.91000366210938,137.72000122070312,137.78500366210938,11986.0
2026-03-04 15:20:00+00:00,137.72999572753906,137.75999450683594,137.6649932861328,137.74000549316406,36224.0
2026-03-04 15:21:00+00:00,137.80999755859375,137.8699951171875,137.7075958251953,137.83999633789062,26398.0
2026-03-04 15:22:00+00:00,137.80999755859375,137.9550018310547,137.80999755859375,137.9550018310547,11822.0
2026-03-04 15:23:00+00:00,137.97799682617188,137.97999572753906,137.8695068359375,137.97999572753906,24121.0
2026-03-04 15:24:00+00:00,137.92999267578125,137.92999267578125,137.72500610351562,137.8699951171875,13631.0
2026-03-04 15:25:00+00:00,137.8800048828125,137.8800048828125,137.7899932861328,137.875,21314.0
2026-03-04 15:26:00+00:00,137.85000610351562,138.17999267578125,137.8300018310547,138.13499450683594,23164.0
2026-03-04 15:27:00+00:00,138.10000610351562,138.19000244140625,138.08999633789062,138.16000366210938,14808.0
2026-03-04 15:28:00+00:00,138.24000549316406,138.24000549316406,138.12130737304688,138.16000366210938,13542.0
2026-03-04 15:29:00+00:00,138.13999938964844,138.1999969482422,138.02000427246094,138.13999938964844,22112.0
2026-03-04 15:30:00+00:00,138.17999267578125,138.22000122070312,138.1699981689453,138.19000244140625,4549.0
2026-03-04 15:31:00+00:00,138.19000244140625,138.49000549316406,138.17999267578125,138.4550018310547,26951.0
2026-03-04 15:32:00+00:00,138.42959594726562,138.59500122070312,138.42959594726562,138.53750610351562,11324.0
2026-03-04 15:33:00+00:00,138.50999450683594,138.5449981689453,138.38999938964844,138.44000244140625,18136.0
2026-03-04 15:34:00+00:00,138.4550018310547,138.4550018310547,138.1999969482422,138.1999969482422,20619.0
2026-03-04 15:35:00+00:00,138.13999938964844,138.18499755859375,137.89999389648438,137.99000549316406,13156.0
2026-03-04 15:36:00+00:00,138.0084991455078,138.00999450683594,137.94000244140625,137.94000244140625,10742.0
2026-03-04 15:37:00+00:00,137.9300994873047,138.17999267578125,137.9300994873047,138.17999267578125,8262.0
2026-03-04 15:38:00+00:00,138.125,138.125,137.86000061035156,137.94000244140625,47360.0
2026-03-04 15:39:00+00:00,137.92999267578125,137.92999267578125,137.6999969482422,137.72999572753906,16153.0
2026-03-04 15:40:00+00:00,137.6800994873047,137.82000732421875,137.6300048828125,137.6300048828125,9619.0
2026-03-04 15:41:00+00:00,137.63499450683594,137.7100067138672,137.42999267578125,137.5260009765625,42469.0
2026-03-04 15:42:00+00:00,137.48049926757812,137.50999450683594,137.4199981689453,137.47000122070312,7798.0
2026-03-04 15:43:00+00:00,137.4600067138672,137.6074981689453,137.45989990234375,137.6074981689453,13759.0
2026-03-04 15:44:00+00:00,137.6199951171875,137.75999450683594,137.52000427246094,137.75999450683594,11315.0
2026-03-04 15:45:00+00:00,137.8000030517578,138.00999450683594,137.77999877929688,138.00999450683594,13665.0
2026-03-04 15:46:00+00:00,137.94000244140625,138.0500030517578,137.94000244140625,138.02000427246094,9484.0
2026-03-04 15:47:00+00:00,138.0050048828125,138.16000366210938,137.9949951171875,138.0399932861328,7960.0
2026-03-04 15:48:00+00:00,138.0399932861328,138.11000061035156,137.9949951171875,138.09759521484375,7315.0
2026-03-04 15:49:00+00:00,138.10499572753906,138.1699981689453,138.05999755859375,138.14999389648438,9876.0
2026-03-04 15:50:00+00:00,138.13999938964844,138.13999938964844,138.0001983642578,138.11000061035156,13460.0
2026-03-04 15:51:00+00:00,138.13999938964844,138.22000122070312,138.11500549316406,138.17999267578125,8685.0
2026-03-04 15:52:00+00:00,138.16720581054688,138.16720581054688,137.97000122070312,137.97999572753906,10481.0
2026-03-04 15:53:00+00:00,138.00999450683594,138.22999572753906,138.0,138.2100067138672,8409.0
2026-03-04 15:54:00+00:00,138.2100067138672,138.5,138.2100067138672,138.4600067138672,18855.0
2026-03-04 15:55:00+00:00,138.47999572753906,138.6999969482422,138.47999572753906,138.60000610351562,15824.0
2026-03-04 15:56:00+00:00,138.6199951171875,138.64999389648438,138.4199981689453,138.52499389648438,26956.0
2026-03-04 15:57:00+00:00,138.57000732421875,138.6199951171875,138.44000244140625,138.44000244140625,11855.0
2026-03-04 15:58:00+00:00,138.4499969482422,138.63499450683594,138.41000366210938,138.5800018310547,37770.0
2026-03-04 15:59:00+00:00,138.5500030517578,138.63720703125,138.4801025390625,138.52000427246094,41830.0
2026-03-04 16:00:00+00:00,138.52000427246094,138.74000549316406,138.52000427246094,138.73500061035156,27169.0
2026-03-04 16:01:00+00:00,138.72500610351562,138.8699951171875,138.72500610351562,138.86000061035156,22309.0
2026-03-04 16:02:00+00:00,138.85499572753906,138.9199981689453,138.60000610351562,138.67990112304688,21731.0
2026-03-04 16:03:00+00:00,138.67999267578125,138.77749633789062,138.63499450683594,138.77000427246094,14815.0
2026-03-04 16:04:00+00:00,138.77999877929688,138.8529052734375,138.72999572753906,138.75999450683594,16108.0
2026-03-04 16:05:00+00:00,138.7100067138672,138.77000427246094,138.67999267578125,138.69000244140625,8080.0
2026-03-04 16:06:00+00:00,138.71499633789062,138.86000061035156,138.71499633789062,138.77999877929688,15063.0
2026-03-04 16:07:00+00:00,138.74000549316406,138.77999877929688,138.6300048828125,138.77999877929688,15651.0
2026-03-04 16:08:00+00:00,138.72000122070312,138.75999450683594,138.67999267578125,138.72500610351562,6442.0
2026-03-04 16:09:00+00:00,138.72500610351562,138.75,138.66000366210938,138.74000549316406,10481.0
2026-03-04 16:10:00+00:00,138.72000122070312,138.72000122070312,138.57000732421875,138.67999267578125,9080.0
2026-03-04 16:11:00+00:00,138.60000610351562,138.6199951171875,138.55999755859375,138.6199951171875,10098.0
2026-03-04 16:12:00+00:00,138.5500030517578,138.5500030517578,138.3800048828125,138.44000244140625,11273.0
2026-03-04 16:13:00+00:00,138.3800048828125,138.5500030517578,138.35000610351562,138.53500366210938,10308.0
2026-03-04 16:14:00+00:00,138.4290008544922,138.57000732421875,138.4290008544922,138.57000732421875,7542.0
2026-03-04 16:15:00+00:00,138.50999450683594,138.58999633789062,138.4499969482422,138.57000732421875,16377.0
2026-03-04 16:16:00+00:00,138.55499267578125,138.67990112304688,138.55499267578125,138.6699981689453,8135.0
2026-03-04 16:17:00+00:00,138.6649932861328,138.72999572753906,138.60000610351562,138.64999389648438,13569.0
2026-03-04 16:18:00+00:00,138.64500427246094,138.65499877929688,138.3574981689453,138.3574981689453,12213.0
2026-03-04 16:19:00+00:00,138.33999633789062,138.38999938964844,138.28500366210938,138.30999755859375,11975.0
2026-03-04 16:20:00+00:00,138.25999450683594,138.3000030517578,138.22000122070312,138.2899932861328,15065.0
2026-03-04 16:21:00+00:00,138.27000427246094,138.31500244140625,138.19000244140625,138.26499938964844,11837.0
2026-03-04 16:22:00+00:00,138.30499267578125,138.32000732421875,138.13999938964844,138.2050018310547,16725.0
2026-03-04 16:23:00+00:00,138.1999969482422,138.40499877929688,138.19500732421875,138.40499877929688,18343.0
2026-03-04 16:24:00+00:00,138.39999389648438,138.39999389648438,138.26499938964844,138.3300018310547,10406.0
2026-03-04 16:25:00+00:00,138.2949981689453,138.41000366210938,138.27999877929688,138.31500244140625,14481.0
2026-03-04 16:26:00+00:00,138.36000061035156,138.5,138.36000061035156,138.4116973876953,10382.0
2026-03-04 16:27:00+00:00,138.4600067138672,138.4600067138672,138.27999877929688,138.37379455566406,29718.0
2026-03-04 16:28:00+00:00,138.36000061035156,138.4600067138672,138.24009704589844,138.4600067138672,20353.0
2026-03-04 16:29:00+00:00,138.5,138.5749969482422,138.4499969482422,138.5,25484.0
2026-03-04 16:30:00+00:00,138.47000122070312,138.5399932861328,138.4600067138672,138.5,10719.0
2026-03-04 16:31:00+00:00,138.49000549316406,138.64999389648438,138.4199981689453,138.64999389648438,18169.0
2026-03-04 16:32:00+00:00,138.58999633789062,138.66000366210938,138.5449981689453,138.64999389648438,7813.0
2026-03-04 16:33:00+00:00,138.64999389648438,138.67999267578125,138.57000732421875,138.63999938964844,14696.0
2026-03-04 16:34:00+00:00,138.6649932861328,138.71749877929688,138.625,138.63999938964844,21824.0
2026-03-04 16:35:00+00:00,138.63999938964844,138.72000122070312,138.6199951171875,138.6199951171875,17258.0
2026-03-04 16:36:00+00:00,138.6199951171875,138.77000427246094,138.6199951171875,138.75,6961.0
2026-03-04 16:37:00+00:00,138.7469940185547,138.7550048828125,138.60000610351562,138.60000610351562,8534.0
2026-03-04 16:38:00+00:00,138.55999755859375,138.6999969482422,138.5,138.6999969482422,8775.0
2026-03-04 16:39:00+00:00,138.6999969482422,138.6999969482422,138.52000427246094,138.5399932861328,9963.0
2026-03-04 16:40:00+00:00,138.5102996826172,138.73500061035156,138.5102996826172,138.68359375,11504.0
2026-03-04 16:41:00+00:00,138.74000549316406,138.74000549316406,138.6199951171875,138.6300048828125,5156.0
2026-03-04 16:42:00+00:00,138.6300048828125,138.64999389648438,138.55999755859375,138.64999389648438,16023.0
2026-03-04 16:43:00+00:00,138.64999389648438,138.6699981689453,138.60000610351562,138.63499450683594,10977.0
2026-03-04 16:44:00+00:00,138.63499450683594,138.69000244140625,138.60000610351562,138.6300048828125,6252.0
2026-03-04 16:45:00+00:00,138.64999389648438,138.67999267578125,138.61000061035156,138.6300048828125,10299.0
2026-03-04 16:46:00+00:00,138.63999938964844,138.66000366210938,138.5800018310547,138.60499572753906,18042.0
2026-03-04 16:47:00+00:00,138.6300048828125,138.63999938964844,138.47999572753906,138.47999572753906,6883.0
2026-03-04 16:48:00+00:00,138.47500610351562,138.5500030517578,138.38999938964844,138.5500030517578,11335.0
2026-03-04 16:49:00+00:00,138.52000427246094,138.6300048828125,138.52000427246094,138.6300048828125,7462.0
2026-03-04 16:50:00+00:00,138.6300048828125,138.63499450683594,138.41009521484375,138.41009521484375,10319.0
2026-03-04 16:51:00+00:00,138.4600067138672,138.54989624023438,138.4600067138672,138.49000549316406,3481.0
2026-03-04 16:52:00+00:00,138.52999877929688,138.60789489746094,138.4801025390625,138.5800018310547,11287.0
2026-03-04 16:53:00+00:00,138.61000061035156,138.6699981689453,138.5800018310547,138.618896484375,11098.0
2026-03-04 16:54:00+00:00,138.63499450683594,138.63499450683594,138.5800018310547,138.5800018310547,3240.0
2026-03-04 16:55:00+00:00,138.61000061035156,138.65199279785156,138.5800018310547,138.61500549316406,4756.0
2026-03-04 16:56:00+00:00,138.60000610351562,138.60000610351562,138.5,138.54750061035156,7190.0
2026-03-04 16:57:00+00:00,138.57000732421875,138.6649932861328,138.50999450683594,138.6649932861328,8612.0
2026-03-04 16:58:00+00:00,138.69000244140625,138.83999633789062,138.69000244140625,138.8000030517578,11172.0
2026-03-04 16:59:00+00:00,138.80999755859375,139.01499938964844,138.80999755859375,138.97000122070312,13464.0
2026-03-04 17:00:00+00:00,139.0800018310547,139.0800018310547,138.9600067138672,139.02499389648438,7781.0
2026-03-04 17:01:00+00:00,139.0500030517578,139.1199951171875,139.0500030517578,139.10000610351562,15333.0
2026-03-04 17:02:00+00:00,139.10499572753906,139.16000366210938,139.0800018310547,139.1199951171875,7980.0
2026-03-04 17:03:00+00:00,139.1300048828125,139.14999389648438,139.0500030517578,139.0749969482422,6612.0
2026-03-04 17:04:00+00:00,139.05999755859375,139.1199951171875,139.00999450683594,139.11000061035156,34100.0
2026-03-04 17:05:00+00:00,139.1300048828125,139.25,139.11000061035156,139.25,16372.0
2026-03-04 17:06:00+00:00,139.27000427246094,139.33999633789062,139.24000549316406,139.25999450683594,33815.0
2026-03-04 17:07:00+00:00,139.22000122070312,139.25999450683594,139.08999633789062,139.10000610351562,7208.0
2026-03-04 17:08:00+00:00,139.0800018310547,139.14999389648438,139.0800018310547,139.14239501953125,10658.0
2026-03-04 17:09:00+00:00,139.10499572753906,139.2490997314453,139.10000610351562,139.17999267578125,6421.0
2026-03-04 17:10:00+00:00,139.18380737304688,139.22999572753906,139.00999450683594,139.10000610351562,10208.0
2026-03-04 17:11:00+00:00,139.0749969482422,139.09779357910156,139.02499389648438,139.09779357910156,4171.0
2026-03-04 17:12:00+00:00,139.08999633789062,139.11000061035156,139.02999877929688,139.07000732421875,6287.0
2026-03-04 17:13:00+00:00,139.0399932861328,139.10000610351562,139.00999450683594,139.06500244140625,6475.0
2026-03-04 17:14:00+00:00,139.08999633789062,139.11000061035156,139.0399932861328,139.04150390625,2925.0
2026-03-04 17:15:00+00:00,139.02999877929688,139.1199951171875,139.02999877929688,139.0399932861328,8824.0
2026-03-04 17:16:00+00:00,139.05999755859375,139.10000610351562,139.0301055908203,139.0399932861328,6008.0
2026-03-04 17:17:00+00:00,139.06500244140625,139.08999633789062,138.99000549316406,138.99000549316406,5527.0
2026-03-04 17:18:00+00:00,138.97999572753906,138.99000549316406,138.9250030517578,138.99000549316406,7795.0
2026-03-04 17:19:00+00:00,138.9499969482422,138.9949951171875,138.9499969482422,138.9949951171875,3023.0
2026-03-04 17:20:00+00:00,139.00999450683594,139.08999633789062,139.0050048828125,139.02000427246094,7753.0
2026-03-04 17:21:00+00:00,139.03500366210938,139.05999755859375,138.97999572753906,138.99000549316406,3694.0
2026-03-04 17:22:00+00:00,138.97999572753906,138.97999572753906,138.89999389648438,138.92999267578125,9196.0
2026-03-04 17:23:00+00:00,138.9600067138672,139.0749969482422,138.9600067138672,139.0399932861328,7100.0
2026-03-04 17:24:00+00:00,139.05499267578125,139.11000061035156,139.02000427246094,139.08999633789062,5974.0
2026-03-04 17:25:00+00:00,139.0749969482422,139.13999938964844,139.0749969482422,139.0800018310547,5212.0
2026-03-04 17:26:00+00:00,139.12179565429688,139.12179565429688,139.07000732421875,139.0850067138672,2120.0
2026-03-04 17:27:00+00:00,139.0500030517578,139.0500030517578,139.0,139.0,3225.0
2026-03-04 17:28:00+00:00,138.9499969482422,139.0,138.9499969482422,138.99000549316406,3738.0
2026-03-04 17:29:00+00:00,138.98500061035156,139.02000427246094,138.9199981689453,138.9199981689453,10642.0
2026-03-04 17:30:00+00:00,138.9499969482422,138.97000122070312,138.8699951171875,138.89500427246094,6387.0
2026-03-04 17:31:00+00:00,138.89999389648438,139.0500030517578,138.8699951171875,138.9600067138672,35539.0
2026-03-04 17:32:00+00:00,138.98500061035156,138.98500061035156,138.89999389648438,138.89999389648438,3231.0
2026-03-04 17:33:00+00:00,138.8699951171875,138.9199981689453,138.8699951171875,138.9199981689453,3800.0
2026-03-04 17:34:00+00:00,138.97999572753906,138.99209594726562,138.92010498046875,138.99209594726562,5473.0
2026-03-04 17:35:00+00:00,139.0399932861328,139.05999755859375,138.9600067138672,139.0050048828125,6819.0
2026-03-04 17:36:00+00:00,139.0050048828125,139.0399932861328,139.0,139.03500366210938,4595.0
2026-03-04 17:37:00+00:00,139.02000427246094,139.0500030517578,138.99000549316406,139.00999450683594,5176.0
2026-03-04 17:38:00+00:00,138.9600067138672,139.08999633789062,138.9199981689453,139.08999633789062,6826.0
2026-03-04 17:39:00+00:00,139.08999633789062,139.1699981689453,139.08999633789062,139.1699981689453,7922.0
2026-03-04 17:40:00+00:00,139.14999389648438,139.19000244140625,139.14999389648438,139.16000366210938,2995.0
2026-03-04 17:41:00+00:00,139.1300048828125,139.2100067138672,139.10009765625,139.2100067138672,4221.0
2026-03-04 17:42:00+00:00,139.21249389648438,139.21249389648438,139.10000610351562,139.10499572753906,3856.0
2026-03-04 17:43:00+00:00,139.05999755859375,139.05999755859375,138.97999572753906,138.97999572753906,4691.0
2026-03-04 17:44:00+00:00,139.02000427246094,139.0500030517578,139.00999450683594,139.0399932861328,6082.0
2026-03-04 17:45:00+00:00,139.0399932861328,139.10000610351562,138.99180603027344,139.0,12121.0
2026-03-04 17:46:00+00:00,138.99000549316406,139.0343017578125,138.97500610351562,139.0343017578125,6833.0
2026-03-04 17:47:00+00:00,139.01499938964844,139.0800018310547,138.99000549316406,139.0800018310547,5506.0
2026-03-04 17:48:00+00:00,139.02000427246094,139.02000427246094,139.00999450683594,139.00999450683594,702.0
2026-03-04 17:49:00+00:00,139.02999877929688,139.0800018310547,139.01499938964844,139.0500946044922,4592.0
2026-03-04 17:50:00+00:00,139.0500030517578,139.0800018310547,139.0500030517578,139.05999755859375,5747.0
2026-03-04 17:51:00+00:00,139.03500366210938,139.08999633789062,139.00999450683594,139.00999450683594,5412.0
2026-03-04 17:52:00+00:00,138.97999572753906,139.00999450683594,138.93499755859375,138.93499755859375,4699.0
2026-03-04 17:53:00+00:00,138.94500732421875,139.07000732421875,138.94500732421875,139.07000732421875,3847.0
2026-03-04 17:54:00+00:00,139.0850067138672,139.1300048828125,139.05999755859375,139.05999755859375,4628.0
2026-03-04 17:55:00+00:00,139.09500122070312,139.09500122070312,139.02999877929688,139.02999877929688,4362.0
2026-03-04 17:56:00+00:00,139.0,139.0,138.91000366210938,138.94000244140625,7315.0
2026-03-04 17:57:00+00:00,138.97999572753906,138.9949951171875,138.96859741210938,138.9949951171875,4691.0
2026-03-04 17:58:00+00:00,138.9949951171875,139.05999755859375,138.97999572753906,139.00010681152344,6231.0
2026-03-04 17:59:00+00:00,139.02000427246094,139.0399932861328,138.99000549316406,139.00999450683594,11544.0
2026-03-04 18:00:00+00:00,139.0198974609375,139.13999938964844,139.0198974609375,139.1051025390625,4282.0
2026-03-04 18:01:00+00:00,139.0800018310547,139.0800018310547,139.02000427246094,139.0500030517578,5141.0
2026-03-04 18:02:00+00:00,139.02999877929688,139.02999877929688,139.0,139.01499938964844,3147.0
2026-03-04 18:03:00+00:00,139.02000427246094,139.02000427246094,138.9600067138672,138.99000549316406,11394.0
2026-03-04 18:04:00+00:00,138.9600067138672,138.9600067138672,138.8800048828125,138.8800048828125,6673.0
2026-03-04 18:05:00+00:00,138.92539978027344,138.9600067138672,138.86000061035156,138.94369506835938,5765.0
2026-03-04 18:06:00+00:00,138.91000366210938,138.94000244140625,138.8000030517578,138.82000732421875,20229.0
2026-03-04 18:07:00+00:00,138.85000610351562,139.0050048828125,138.80999755859375,139.0050048828125,15273.0
2026-03-04 18:08:00+00:00,139.0050048828125,139.00999450683594,138.9906005859375,138.9906005859375,4972.0
2026-03-04 18:09:00+00:00,138.99000549316406,138.99000549316406,138.9149932861328,138.92999267578125,4206.0
2026-03-04 18:10:00+00:00,138.9499969482422,138.97500610351562,138.92689514160156,138.97500610351562,2717.0
2026-03-04 18:11:00+00:00,138.93389892578125,138.94500732421875,138.83999633789062,138.89999389648438,5523.0
2026-03-04 18:12:00+00:00,138.9199981689453,138.9449005126953,138.89999389648438,138.89999389648438,6069.0
2026-03-04 18:13:00+00:00,138.8699951171875,138.88499450683594,138.85000610351562,138.85000610351562,3921.0
2026-03-04 18:14:00+00:00,138.8300018310547,138.8300018310547,138.8000030517578,138.8155975341797,2889.0
2026-03-04 18:15:00+00:00,138.75,138.77999877929688,138.67999267578125,138.67999267578125,4625.0
2026-03-04 18:16:00+00:00,138.67999267578125,138.72000122070312,138.64500427246094,138.7100067138672,6918.0
2026-03-04 18:17:00+00:00,138.7100067138672,138.7449951171875,138.67999267578125,138.7100067138672,4420.0
2026-03-04 18:18:00+00:00,138.72999572753906,138.74000549316406,138.67999267578125,138.7100067138672,6952.0
2026-03-04 18:19:00+00:00,138.69000244140625,138.75,138.66000366210938,138.66000366210938,7312.0
2026-03-04 18:20:00+00:00,138.64999389648438,138.64999389648438,138.56500244140625,138.58999633789062,6351.0
2026-03-04 18:21:00+00:00,138.61000061035156,138.63999938964844,138.58999633789062,138.58999633789062,4450.0
2026-03-04 18:22:00+00:00,138.61500549316406,138.75,138.61500549316406,138.72999572753906,6349.0
2026-03-04 18:23:00+00:00,138.72500610351562,138.80499267578125,138.6999969482422,138.74000549316406,7366.0
2026-03-04 18:24:00+00:00,138.7899932861328,138.8300018310547,138.77000427246094,138.82000732421875,33548.0
2026-03-04 18:25:00+00:00,138.8000030517578,138.8300018310547,138.8000030517578,138.80999755859375,3421.0
2026-03-04 18:26:00+00:00,138.81500244140625,138.94000244140625,138.7899932861328,138.9073028564453,6430.0
2026-03-04 18:27:00+00:00,138.89999389648438,138.92999267578125,138.88499450683594,138.88999938964844,5596.0
2026-03-04 18:28:00+00:00,138.9199981689453,138.9199981689453,138.86000061035156,138.86000061035156,5663.0
2026-03-04 18:29:00+00:00,138.86000061035156,138.9425048828125,138.85000610351562,138.9199981689453,5583.0
2026-03-04 18:30:00+00:00,138.91000366210938,138.97999572753906,138.8300018310547,138.8300018310547,10009.0
2026-03-04 18:31:00+00:00,138.85000610351562,138.89999389648438,138.83999633789062,138.89999389648438,2639.0
2026-03-04 18:32:00+00:00,138.86000061035156,139.0,138.86000061035156,138.9199981689453,6498.0
2026-03-04 18:33:00+00:00,138.92579650878906,138.92579650878906,138.8699951171875,138.8699951171875,4481.0
2026-03-04 18:34:00+00:00,138.83009338378906,138.85499572753906,138.77000427246094,138.8105926513672,6795.0
2026-03-04 18:35:00+00:00,138.80999755859375,138.86000061035156,138.80999755859375,138.85000610351562,4220.0
2026-03-04 18:36:00+00:00,138.86000061035156,138.89999389648438,138.8350067138672,138.84750366210938,8996.0
2026-03-04 18:37:00+00:00,138.8300018310547,138.8699951171875,138.8300018310547,138.85000610351562,8151.0
2026-03-04 18:38:00+00:00,138.85000610351562,138.86500549316406,138.80999755859375,138.86500549316406,6041.0
2026-03-04 18:39:00+00:00,138.8800048828125,138.92999267578125,138.86500549316406,138.9199981689453,15419.0
2026-03-04 18:40:00+00:00,138.9001007080078,138.94500732421875,138.89999389648438,138.92010498046875,4429.0
2026-03-04 18:41:00+00:00,138.93499755859375,138.94500732421875,138.8699951171875,138.88999938964844,8877.0
2026-03-04 18:42:00+00:00,138.9199981689453,138.97000122070312,138.9199981689453,138.97000122070312,9969.0
2026-03-04 18:43:00+00:00,138.99000549316406,139.02499389648438,138.94500732421875,138.99000549316406,3995.0
2026-03-04 18:44:00+00:00,138.93699645996094,138.97999572753906,138.9250030517578,138.94529724121094,4789.0
2026-03-04 18:45:00+00:00,138.9199981689453,139.0,138.9199981689453,138.97000122070312,4599.0
2026-03-04 18:46:00+00:00,138.9550018310547,138.97999572753906,138.9199981689453,138.93499755859375,7922.0
2026-03-04 18:47:00+00:00,138.92999267578125,138.9499969482422,138.8350067138672,138.8350067138672,7686.0
2026-03-04 18:48:00+00:00,138.8350067138672,138.85499572753906,138.7899932861328,138.84500122070312,6265.0
2026-03-04 18:49:00+00:00,138.83999633789062,138.89999389648438,138.82919311523438,138.8800048828125,6505.0
2026-03-04 18:50:00+00:00,138.89999389648438,138.89999389648438,138.8800048828125,138.8800048828125,4576.0
2026-03-04 18:51:00+00:00,138.8800048828125,138.92999267578125,138.85499572753906,138.9239044189453,5192.0
2026-03-04 18:52:00+00:00,138.88999938964844,138.88999938964844,138.83009338378906,138.8800048828125,7478.0
2026-03-04 18:53:00+00:00,138.85000610351562,138.93499755859375,138.85000610351562,138.92999267578125,5582.0
2026-03-04 18:54:00+00:00,138.92999267578125,138.9600067138672,138.88999938964844,138.9199981689453,6344.0
2026-03-04 18:55:00+00:00,138.9199981689453,138.9199981689453,138.88499450683594,138.89999389648438,8579.0
2026-03-04 18:56:00+00:00,138.90499877929688,138.90499877929688,138.83999633789062,138.83999633789062,8194.0
2026-03-04 18:57:00+00:00,138.84500122070312,138.84500122070312,138.80999755859375,138.8350067138672,5510.0
2026-03-04 18:58:00+00:00,138.8271942138672,138.8800048828125,138.8000030517578,138.8300018310547,10998.0
2026-03-04 18:59:00+00:00,138.86000061035156,138.88999938964844,138.8350067138672,138.88499450683594,5156.0
2026-03-04 19:00:00+00:00,138.86000061035156,138.8603973388672,138.74000549316406,138.75999450683594,19525.0
2026-03-04 19:01:00+00:00,138.75999450683594,138.82000732421875,138.75999450683594,138.82000732421875,6505.0
2026-03-04 19:02:00+00:00,138.80999755859375,138.8300018310547,138.7899932861328,138.80499267578125,4858.0
2026-03-04 19:03:00+00:00,138.8000030517578,138.82000732421875,138.75999450683594,138.78500366210938,4887.0
2026-03-04 19:04:00+00:00,138.77999877929688,138.8699951171875,138.77999877929688,138.80499267578125,5248.0
2026-03-04 19:05:00+00:00,138.80499267578125,138.80499267578125,138.74000549316406,138.75,8064.0
2026-03-04 19:06:00+00:00,138.7550048828125,138.83999633789062,138.75,138.83999633789062,6189.0
2026-03-04 19:07:00+00:00,138.86000061035156,138.88499450683594,138.82000732421875,138.82000732421875,9143.0
2026-03-04 19:08:00+00:00,138.85000610351562,138.88999938964844,138.8000030517578,138.8000030517578,7843.0
2026-03-04 19:09:00+00:00,138.77999877929688,138.80799865722656,138.74000549316406,138.77999877929688,13028.0
2026-03-04 19:10:00+00:00,138.8000030517578,138.85000610351562,138.77999877929688,138.77999877929688,6909.0
2026-03-04 19:11:00+00:00,138.77999877929688,138.77999877929688,138.75,138.77999877929688,3749.0
2026-03-04 19:12:00+00:00,138.8000030517578,138.80499267578125,138.6999969482422,138.72000122070312,17811.0
2026-03-04 19:13:00+00:00,138.7050018310547,138.77000427246094,138.64999389648438,138.6649932861328,18786.0
2026-03-04 19:14:00+00:00,138.6649932861328,138.77000427246094,138.6199951171875,138.71499633789062,21506.0
2026-03-04 19:15:00+00:00,138.7100067138672,138.7100067138672,138.69000244140625,138.7100067138672,4789.0
2026-03-04 19:16:00+00:00,138.7050018310547,138.72000122070312,138.52999877929688,138.6114959716797,21230.0
2026-03-04 19:17:00+00:00,138.61500549316406,138.64999389648438,138.5500030517578,138.5850067138672,14736.0
2026-03-04 19:18:00+00:00,138.5709991455078,138.625,138.52000427246094,138.53500366210938,27781.0
2026-03-04 19:19:00+00:00,138.52999877929688,138.5500030517578,138.5,138.5,22771.0
2026-03-04 19:20:00+00:00,138.47999572753906,138.52999877929688,138.47999572753906,138.5,17779.0
2026-03-04 19:21:00+00:00,138.5,138.5,138.36000061035156,138.39019775390625,41228.0
2026-03-04 19:22:00+00:00,138.38999938964844,138.38999938964844,138.34500122070312,138.3699951171875,12511.0
2026-03-04 19:23:00+00:00,138.35000610351562,138.36000061035156,138.30999755859375,138.3350067138672,14510.0
2026-03-04 19:24:00+00:00,138.3350067138672,138.4199981689453,138.3350067138672,138.38999938964844,13594.0
2026-03-04 19:25:00+00:00,138.3800048828125,138.4774932861328,138.3800048828125,138.44500732421875,10597.0
2026-03-04 19:26:00+00:00,138.47000122070312,138.47000122070312,138.39999389648438,138.4199981689453,10222.0
2026-03-04 19:27:00+00:00,138.44000244140625,138.52999877929688,138.44000244140625,138.52999877929688,11938.0
2026-03-04 19:28:00+00:00,138.55999755859375,138.63999938964844,138.55999755859375,138.6199951171875,11126.0
2026-03-04 19:29:00+00:00,138.63499450683594,138.64999389648438,138.55999755859375,138.5749969482422,10617.0
2026-03-04 19:30:00+00:00,138.61000061035156,138.64999389648438,138.61000061035156,138.625,8070.0
2026-03-04 19:31:00+00:00,138.625,138.7100067138672,138.61000061035156,138.64999389648438,20698.0
2026-03-04 19:32:00+00:00,138.64500427246094,138.64500427246094,138.52999877929688,138.55999755859375,9833.0
2026-03-04 19:33:00+00:00,138.55499267578125,138.5800018310547,138.52000427246094,138.52999877929688,7538.0
2026-03-04 19:34:00+00:00,138.52999877929688,138.52999877929688,138.43499755859375,138.52499389648438,13853.0
2026-03-04 19:35:00+00:00,138.52499389648438,138.6699981689453,138.52499389648438,138.6699981689453,13608.0
2026-03-04 19:36:00+00:00,138.6649932861328,138.72000122070312,138.64500427246094,138.72000122070312,10411.0
2026-03-04 19:37:00+00:00,138.72999572753906,138.83999633789062,138.72999572753906,138.82000732421875,12392.0
2026-03-04 19:38:00+00:00,138.8249969482422,138.83999633789062,138.8000030517578,138.8000030517578,8736.0
2026-03-04 19:39:00+00:00,138.80499267578125,138.94000244140625,138.80499267578125,138.85000610351562,27557.0
2026-03-04 19:40:00+00:00,138.86500549316406,138.8800048828125,138.77000427246094,138.86500549316406,20776.0
2026-03-04 19:41:00+00:00,138.860107421875,138.89999389648438,138.84500122070312,138.8800048828125,15512.0
2026-03-04 19:42:00+00:00,138.89999389648438,138.97000122070312,138.86500549316406,138.86500549316406,36759.0
2026-03-04 19:43:00+00:00,138.86000061035156,138.86500549316406,138.69000244140625,138.86500549316406,39061.0
2026-03-04 19:44:00+00:00,138.8800048828125,139.00999450683594,138.8249969482422,139.0,37941.0
2026-03-04 19:45:00+00:00,139.00999450683594,139.02000427246094,138.9250030517578,139.00390625,44237.0
2026-03-04 19:46:00+00:00,139.0399932861328,139.06500244140625,138.99000549316406,139.02999877929688,8407.0
2026-03-04 19:47:00+00:00,139.00999450683594,139.02000427246094,138.9550018310547,139.00999450683594,12254.0
2026-03-04 19:48:00+00:00,139.00999450683594,139.13999938964844,139.00999450683594,139.13999938964844,16478.0
2026-03-04 19:49:00+00:00,139.14999389648438,139.21499633789062,139.14999389648438,139.21499633789062,5846.0
2026-03-04 19:50:00+00:00,139.2050018310547,139.25,139.1699981689453,139.17999267578125,12844.0
2026-03-04 19:51:00+00:00,139.1699981689453,139.17999267578125,139.14999389648438,139.17999267578125,8557.0
2026-03-04 19:52:00+00:00,139.1649932861328,139.19000244140625,139.14010620117188,139.1699981689453,9913.0
2026-03-04 19:53:00+00:00,139.14999389648438,139.1649932861328,139.0800018310547,139.08999633789062,9816.0
2026-03-04 19:54:00+00:00,139.08999633789062,139.13499450683594,139.0655975341797,139.07090759277344,12071.0
2026-03-04 19:55:00+00:00,139.07000732421875,139.07000732421875,138.98179626464844,138.9949951171875,12177.0
2026-03-04 19:56:00+00:00,138.9949951171875,139.0850067138672,138.97999572753906,139.05999755859375,23487.0
2026-03-04 19:57:00+00:00,139.03500366210938,139.0500030517578,139.00999450683594,139.0500030517578,6009.0
2026-03-04 19:58:00+00:00,139.07000732421875,139.10000610351562,139.05999755859375,139.05999755859375,8617.0
2026-03-04 19:59:00+00:00,139.05999755859375,139.08999633789062,139.0500030517578,139.05999755859375,7014.0
2026-03-04 20:00:00+00:00,139.0500030517578,139.08990478515625,139.0,139.02000427246094,14645.0
2026-03-04 20:01:00+00:00,139.02499389648438,139.10000610351562,139.02499389648438,139.0749969482422,19474.0
2026-03-04 20:02:00+00:00,139.07000732421875,139.14999389648438,138.99000549316406,139.1300048828125,63716.0
2026-03-04 20:03:00+00:00,139.16000366210938,139.2100067138672,139.1511993408203,139.2100067138672,10651.0
2026-03-04 20:04:00+00:00,139.22999572753906,139.27000427246094,139.0800018310547,139.10000610351562,19248.0
2026-03-04 20:05:00+00:00,139.11000061035156,139.13499450683594,138.97000122070312,139.02999877929688,24981.0
2026-03-04 20:06:00+00:00,139.00999450683594,139.00999450683594,138.86500549316406,138.93499755859375,16984.0
2026-03-04 20:07:00+00:00,138.93499755859375,138.97000122070312,138.8699951171875,138.90699768066406,35060.0
2026-03-04 20:08:00+00:00,138.9199981689453,139.02000427246094,138.89999389648438,139.02000427246094,14252.0
2026-03-04 20:09:00+00:00,139.02999877929688,139.05999755859375,139.0050048828125,139.00999450683594,7291.0
2026-03-04 20:10:00+00:00,139.0050048828125,139.0050048828125,138.92999267578125,138.97999572753906,13299.0
2026-03-04 20:11:00+00:00,138.97999572753906,139.02999877929688,138.88999938964844,138.88999938964844,18038.0
2026-03-04 20:12:00+00:00,138.83999633789062,138.9600067138672,138.82080078125,138.94000244140625,13888.0
2026-03-04 20:13:00+00:00,138.9600067138672,139.0800018310547,138.9499969482422,139.04010009765625,20547.0
2026-03-04 20:14:00+00:00,139.0399932861328,139.2100067138672,139.0399932861328,139.2100067138672,53930.0
2026-03-04 20:15:00+00:00,139.1999969482422,139.25999450683594,139.19000244140625,139.25,17848.0
2026-03-04 20:16:00+00:00,139.25999450683594,139.27999877929688,139.1999969482422,139.2050018310547,13679.0
2026-03-04 20:17:00+00:00,139.19000244140625,139.3800048828125,139.1699981689453,139.3699951171875,31952.0
2026-03-04 20:18:00+00:00,139.35000610351562,139.39500427246094,139.3300018310547,139.36000061035156,11296.0
2026-03-04 20:19:00+00:00,139.38999938964844,139.39999389648438,139.3350067138672,139.37750244140625,29693.0
2026-03-04 20:20:00+00:00,139.38180541992188,139.38499450683594,139.31500244140625,139.35000610351562,14893.0
2026-03-04 20:21:00+00:00,139.36000061035156,139.3699951171875,139.27000427246094,139.28500366210938,12050.0
2026-03-04 20:22:00+00:00,139.30999755859375,139.35000610351562,139.27999877929688,139.35000610351562,10711.0
2026-03-04 20:23:00+00:00,139.3699951171875,139.4199981689453,139.34500122070312,139.41000366210938,23099.0
2026-03-04 20:24:00+00:00,139.4199981689453,139.47000122070312,139.39999389648438,139.47000122070312,14906.0
2026-03-04 20:25:00+00:00,139.4499969482422,139.5,139.43499755859375,139.43499755859375,26628.0
2026-03-04 20:26:00+00:00,139.4199981689453,139.4499969482422,139.39500427246094,139.42999267578125,27326.0
2026-03-04 20:27:00+00:00,139.4250030517578,139.50999450683594,139.27000427246094,139.4700927734375,106613.0
2026-03-04 20:28:00+00:00,139.49000549316406,139.49000549316406,139.4550018310547,139.47000122070312,10132.0
2026-03-04 20:29:00+00:00,139.47000122070312,139.5399932861328,139.4506072998047,139.47999572753906,12716.0
2026-03-04 20:30:00+00:00,139.4499969482422,139.4600067138672,139.39999389648438,139.44000244140625,13363.0
2026-03-04 20:31:00+00:00,139.39999389648438,139.51119995117188,139.3800048828125,139.47999572753906,24513.0
2026-03-04 20:32:00+00:00,139.52499389648438,139.5500030517578,139.468505859375,139.52000427246094,36347.0
2026-03-04 20:33:00+00:00,139.51499938964844,139.52999877929688,139.5,139.51499938964844,19782.0
2026-03-04 20:34:00+00:00,139.51499938964844,139.5500030517578,139.51499938964844,139.52000427246094,16036.0
2026-03-04 20:35:00+00:00,139.52999877929688,139.58999633789062,139.5,139.5749969482422,20507.0
2026-03-04 20:36:00+00:00,139.55499267578125,139.55999755859375,139.5,139.5449981689453,15909.0
2026-03-04 20:37:00+00:00,139.5399932861328,139.5749969482422,139.5,139.5749969482422,14843.0
2026-03-04 20:38:00+00:00,139.5749969482422,139.58999633789062,139.50999450683594,139.50999450683594,21091.0
2026-03-04 20:39:00+00:00,139.5,139.53500366210938,139.4600067138672,139.47500610351562,39418.0
2026-03-04 20:40:00+00:00,139.47500610351562,139.47500610351562,139.41000366210938,139.44500732421875,24783.0
2026-03-04 20:41:00+00:00,139.44500732421875,139.4600067138672,139.3300018310547,139.3300018310547,31339.0
2026-03-04 20:42:00+00:00,139.3300018310547,139.5,139.27000427246094,139.35000610351562,72888.0
2026-03-04 20:43:00+00:00,139.32000732421875,139.3800048828125,139.2949981689453,139.36000061035156,21610.0
2026-03-04 20:44:00+00:00,139.3699951171875,139.3800048828125,139.27999877929688,139.2899932861328,36269.0
2026-03-04 20:45:00+00:00,139.27000427246094,139.39999389648438,139.27000427246094,139.39999389648438,50109.0
2026-03-04 20:46:00+00:00,139.4149932861328,139.4149932861328,139.1999969482422,139.26499938964844,43781.0
2026-03-04 20:47:00+00:00,139.2509002685547,139.3000030517578,139.1999969482422,139.22500610351562,54122.0
2026-03-04 20:48:00+00:00,139.22500610351562,139.27000427246094,139.18499755859375,139.22999572753906,50733.0
2026-03-04 20:49:00+00:00,139.2100067138672,139.5399932861328,139.19000244140625,139.5399932861328,66807.0
2026-03-04 20:50:00+00:00,139.50999450683594,139.52000427246094,139.360595703125,139.3699951171875,130030.0
2026-03-04 20:51:00+00:00,139.33999633789062,139.39999389648438,139.2100067138672,139.3800048828125,65211.0
2026-03-04 20:52:00+00:00,139.36000061035156,139.5,139.36000061035156,139.49000549316406,83088.0
2026-03-04 20:53:00+00:00,139.47000122070312,139.52499389648438,139.40499877929688,139.41000366210938,45992.0
2026-03-04 20:54:00+00:00,139.4199981689453,139.6750030517578,139.3874969482422,139.66000366210938,90636.0
2026-03-04 20:55:00+00:00,139.6699981689453,139.77000427246094,139.57000732421875,139.7550048828125,131595.0
2026-03-04 20:56:00+00:00,139.75999450683594,139.88999938964844,139.75,139.77000427246094,229507.0
2026-03-04 20:57:00+00:00,139.77000427246094,139.80999755859375,139.50999450683594,139.60000610351562,139389.0
2026-03-04 20:58:00+00:00,139.63999938964844,139.63999938964844,139.52000427246094,139.53500366210938,98683.0
2026-03-04 20:59:00+00:00,139.52999877929688,139.58999633789062,139.4199981689453,139.44000244140625,258042.0
2026-03-05 14:30:00+00:00,137.58999633789062,138.16000366210938,137.58999633789062,137.78579711914062,187770.0
2026-03-05 14:31:00+00:00,138.0449981689453,138.27999877929688,138.0449981689453,138.1300048828125,28036.0
2026-03-05 14:32:00+00:00,138.1300048828125,138.25,137.8000030517578,138.0749969482422,18528.0
2026-03-05 14:33:00+00:00,138.02000427246094,138.19000244140625,137.66000366210938,138.19000244140625,23386.0
2026-03-05 14:34:00+00:00,138.02499389648438,138.4362030029297,138.00650024414062,138.3300018310547,16759.0
2026-03-05 14:35:00+00:00,138.33999633789062,138.3800048828125,137.96499633789062,137.96499633789062,32331.0
2026-03-05 14:36:00+00:00,137.9987030029297,138.1300048828125,137.91000366210938,138.08999633789062,15167.0
2026-03-05 14:37:00+00:00,138.08999633789062,138.27999877929688,137.99000549316406,138.25999450683594,24097.0
2026-03-05 14:38:00+00:00,138.30999755859375,138.72999572753906,138.25,138.44000244140625,22106.0
2026-03-05 14:39:00+00:00,138.41000366210938,138.46499633789062,138.16000366210938,138.2100067138672,14327.0
2026-03-05 14:40:00+00:00,138.27749633789062,138.36990356445312,138.0500030517578,138.13999938964844,19967.0
2026-03-05 14:41:00+00:00,138.24989318847656,138.59890747070312,138.125,138.5399932861328,6433.0
2026-03-05 14:42:00+00:00,138.50999450683594,138.50999450683594,138.28500366210938,138.375,9556.0
2026-03-05 14:43:00+00:00,138.32000732421875,138.3249969482422,138.05999755859375,138.1750030517578,13884.0
2026-03-05 14:44:00+00:00,138.1649932861328,138.23500061035156,138.10000610351562,138.10000610351562,6959.0
2026-03-05 14:45:00+00:00,138.08999633789062,138.08999633789062,137.69000244140625,137.69000244140625,16565.0
2026-03-05 14:46:00+00:00,137.69000244140625,137.89999389648438,137.69000244140625,137.72000122070312,21285.0
2026-03-05 14:47:00+00:00,137.72000122070312,137.9499969482422,137.69000244140625,137.78500366210938,19927.0
2026-03-05 14:48:00+00:00,137.86000061035156,137.88499450683594,137.7895050048828,137.81500244140625,10814.0
2026-03-05 14:49:00+00:00,137.75999450683594,137.77000427246094,137.5500030517578,137.66000366210938,25974.0
2026-03-05 14:50:00+00:00,137.66000366210938,137.9149932861328,137.66000366210938,137.91000366210938,10733.0
2026-03-05 14:51:00+00:00,138.02999877929688,138.08999633789062,137.9600067138672,138.0800018310547,13364.0
2026-03-05 14:52:00+00:00,138.10000610351562,138.25,138.02999877929688,138.25,14175.0
2026-03-05 14:53:00+00:00,138.20509338378906,138.38999938964844,138.12240600585938,138.3249969482422,24004.0
2026-03-05 14:54:00+00:00,138.3000030517578,138.47999572753906,138.27999877929688,138.47999572753906,29474.0
2026-03-05 14:55:00+00:00,138.52000427246094,138.5500030517578,138.44000244140625,138.5500030517578,25379.0
2026-03-05 14:56:00+00:00,138.57000732421875,138.7899932861328,138.57000732421875,138.7375946044922,10164.0
2026-03-05 14:57:00+00:00,138.8000030517578,139.19500732421875,138.8000030517578,139.19500732421875,11945.0
2026-03-05 14:58:00+00:00,139.19500732421875,139.3300018310547,139.1300048828125,139.23500061035156,25666.0
2026-03-05 14:59:00+00:00,139.22000122070312,139.38499450683594,139.2050018310547,139.3300018310547,15621.0
2026-03-05 15:00:00+00:00,139.3300018310547,139.38999938964844,139.2899932861328,139.30999755859375,20100.0
2026-03-05 15:01:00+00:00,139.27000427246094,139.27000427246094,138.94500732421875,138.97999572753906,22703.0
2026-03-05 15:02:00+00:00,139.0050048828125,139.11000061035156,138.99009704589844,139.05999755859375,8620.0
2026-03-05 15:03:00+00:00,139.0500030517578,139.0500030517578,138.91000366210938,138.92999267578125,11158.0
2026-03-05 15:04:00+00:00,138.97999572753906,139.3300018310547,138.97999572753906,139.30999755859375,17380.0
2026-03-05 15:05:00+00:00,139.35000610351562,139.38999938964844,139.22000122070312,139.38499450683594,30869.0
2026-03-05 15:06:00+00:00,139.3800048828125,139.50999450683594,139.3699951171875,139.4550018310547,20559.0
2026-03-05 15:07:00+00:00,139.55999755859375,139.66000366210938,139.22999572753906,139.25999450683594,63948.0
2026-03-05 15:08:00+00:00,139.27000427246094,139.3000030517578,138.86000061035156,138.875,35743.0
2026-03-05 15:09:00+00:00,138.9250030517578,138.97000122070312,138.8000030517578,138.9031982421875,13498.0
2026-03-05 15:10:00+00:00,139.00999450683594,139.07000732421875,138.9199981689453,138.94000244140625,14308.0
2026-03-05 15:11:00+00:00,139.00999450683594,139.00999450683594,138.86000061035156,138.875,15671.0
2026-03-05 15:12:00+00:00,138.83999633789062,139.25999450683594,138.8300018310547,139.25999450683594,18514.0
2026-03-05 15:13:00+00:00,139.26499938964844,139.32000732421875,139.1800994873047,139.30999755859375,17925.0
2026-03-05 15:14:00+00:00,139.25999450683594,139.42999267578125,139.22000122070312,139.42999267578125,8539.0
2026-03-05 15:15:00+00:00,139.35000610351562,139.62989807128906,139.3300018310547,139.4199981689453,18734.0
2026-03-05 15:16:00+00:00,139.47000122070312,139.50059509277344,139.27000427246094,139.41000366210938,12230.0
2026-03-05 15:17:00+00:00,139.41000366210938,139.44000244140625,139.3350067138672,139.3699951171875,5802.0
2026-03-05 15:18:00+00:00,139.33779907226562,139.39999389648438,139.14999389648438,139.39999389648438,28478.0
2026-03-05 15:19:00+00:00,139.41000366210938,139.41000366210938,139.22999572753906,139.22999572753906,22623.0
2026-03-05 15:20:00+00:00,139.19000244140625,139.1999969482422,139.0,139.1750030517578,37627.0
2026-03-05 15:21:00+00:00,139.1199951171875,139.22999572753906,139.0,139.0,10259.0
2026-03-05 15:22:00+00:00,138.97000122070312,139.10000610351562,138.9600067138672,139.09500122070312,14707.0
2026-03-05 15:23:00+00:00,139.07000732421875,139.1649932861328,139.0,139.0050048828125,11422.0
2026-03-05 15:24:00+00:00,139.02000427246094,139.02000427246094,138.77999877929688,138.8800048828125,9855.0
2026-03-05 15:25:00+00:00,138.85499572753906,138.8708038330078,138.78759765625,138.8350067138672,4972.0
2026-03-05 15:26:00+00:00,138.89999389648438,138.9250030517578,138.74000549316406,138.74000549316406,18016.0
2026-03-05 15:27:00+00:00,138.77999877929688,138.83999633789062,138.72000122070312,138.72000122070312,11965.0
2026-03-05 15:28:00+00:00,138.7100067138672,138.81500244140625,138.67999267578125,138.78500366210938,8066.0
2026-03-05 15:29:00+00:00,138.7899932861328,138.94000244140625,138.75399780273438,138.94000244140625,8165.0
2026-03-05 15:30:00+00:00,138.94000244140625,138.9499969482422,138.55999755859375,138.57000732421875,23605.0
2026-03-05 15:31:00+00:00,138.61000061035156,138.66000366210938,138.47999572753906,138.47999572753906,7208.0
2026-03-05 15:32:00+00:00,138.4499969482422,138.4499969482422,138.23500061035156,138.3000030517578,30159.0
2026-03-05 15:33:00+00:00,138.27499389648438,138.41000366210938,138.2700958251953,138.3300018310547,10610.0
2026-03-05 15:34:00+00:00,138.39999389648438,138.4199981689453,138.2899932861328,138.41000366210938,8070.0
2026-03-05 15:35:00+00:00,138.36000061035156,138.4499969482422,138.33999633789062,138.42999267578125,6913.0
2026-03-05 15:36:00+00:00,138.4600067138672,138.57000732421875,138.25999450683594,138.25999450683594,15644.0
2026-03-05 15:37:00+00:00,138.21009826660156,138.32000732421875,138.2100067138672,138.2852020263672,10911.0
2026-03-05 15:38:00+00:00,138.22999572753906,138.42999267578125,138.22000122070312,138.3699951171875,4675.0
2026-03-05 15:39:00+00:00,138.50990295410156,138.6300048828125,138.4199981689453,138.6300048828125,29970.0
2026-03-05 15:40:00+00:00,138.6300048828125,138.78199768066406,138.61000061035156,138.61000061035156,11334.0
2026-03-05 15:41:00+00:00,138.64999389648438,138.7100067138672,138.6300048828125,138.66000366210938,5355.0
2026-03-05 15:42:00+00:00,138.69000244140625,138.69000244140625,138.4857940673828,138.6300048828125,11812.0
2026-03-05 15:43:00+00:00,138.63999938964844,138.6750030517578,138.39999389648438,138.46499633789062,8409.0
2026-03-05 15:44:00+00:00,138.4600067138672,138.48500061035156,138.3699951171875,138.47999572753906,5090.0
2026-03-05 15:45:00+00:00,138.49000549316406,138.5800018310547,138.47000122070312,138.5,9550.0
2026-03-05 15:46:00+00:00,138.54269409179688,138.56500244140625,138.5,138.5399932861328,6698.0
2026-03-05 15:47:00+00:00,138.5800018310547,138.58999633789062,138.52000427246094,138.5449981689453,6123.0
2026-03-05 15:48:00+00:00,138.5449981689453,138.6699981689453,138.45140075683594,138.45140075683594,13084.0
2026-03-05 15:49:00+00:00,138.4600067138672,138.48370361328125,138.43499755859375,138.46249389648438,4421.0
2026-03-05 15:50:00+00:00,138.50999450683594,138.52999877929688,138.50999450683594,138.52999877929688,2015.0
2026-03-05 15:51:00+00:00,138.56500244140625,138.63999938964844,138.44000244140625,138.44000244140625,8892.0
2026-03-05 15:52:00+00:00,138.4600067138672,138.52000427246094,138.3699951171875,138.49000549316406,2943.0
2026-03-05 15:53:00+00:00,138.49000549316406,138.60000610351562,138.49000549316406,138.52499389648438,6294.0
2026-03-05 15:54:00+00:00,138.60000610351562,138.61839294433594,138.3699951171875,138.3699951171875,7245.0
2026-03-05 15:55:00+00:00,138.36000061035156,138.42999267578125,138.2510986328125,138.42999267578125,10638.0
2026-03-05 15:56:00+00:00,138.3800048828125,138.3800048828125,138.30499267578125,138.30499267578125,1164.0
2026-03-05 15:57:00+00:00,138.2949981689453,138.42999267578125,138.2949981689453,138.38499450683594,4824.0
2026-03-05 15:58:00+00:00,138.32000732421875,138.3300018310547,138.24000549316406,138.27999877929688,17320.0
2026-03-05 15:59:00+00:00,138.2899932861328,138.3800048828125,138.14999389648438,138.2899932861328,14037.0
2026-03-05 16:00:00+00:00,138.28500366210938,138.53990173339844,138.28500366210938,138.47999572753906,24105.0
2026-03-05 16:01:00+00:00,138.47500610351562,138.52999877929688,138.41000366210938,138.5,8328.0
2026-03-05 16:02:00+00:00,138.4550018310547,138.4550018310547,138.34500122070312,138.35499572753906,5618.0
2026-03-05 16:03:00+00:00,138.30999755859375,138.39999389648438,138.2899932861328,138.33999633789062,11458.0
2026-03-05 16:04:00+00:00,138.30999755859375,138.3699951171875,138.27999877929688,138.3300018310547,7344.0
2026-03-05 16:05:00+00:00,138.3300018310547,138.38999938964844,138.3072967529297,138.3072967529297,3549.0
2026-03-05 16:06:00+00:00,138.30999755859375,138.44000244140625,138.30999755859375,138.44000244140625,4876.0
2026-03-05 16:07:00+00:00,138.35000610351562,138.42999267578125,138.27999877929688,138.27999877929688,15915.0
2026-03-05 16:08:00+00:00,138.3000030517578,138.32989501953125,138.17999267578125,138.28500366210938,16912.0
2026-03-05 16:09:00+00:00,138.28500366210938,138.28500366210938,138.05999755859375,138.125,22148.0
2026-03-05 16:10:00+00:00,138.125,138.125,137.86000061035156,137.9149932861328,16230.0
2026-03-05 16:11:00+00:00,137.9149932861328,137.9149932861328,137.58999633789062,137.59500122070312,26274.0
2026-03-05 16:12:00+00:00,137.6300048828125,137.69000244140625,137.5,137.5500030517578,29691.0
2026-03-05 16:13:00+00:00,137.61000061035156,137.8000030517578,137.52000427246094,137.78500366210938,24681.0
2026-03-05 16:14:00+00:00,137.75999450683594,137.82000732421875,137.69000244140625,137.69000244140625,15318.0
2026-03-05 16:15:00+00:00,137.6699981689453,137.80999755859375,137.6699981689453,137.7100067138672,7071.0
2026-03-05 16:16:00+00:00,137.7100067138672,137.7100067138672,137.60000610351562,137.60000610351562,11555.0
2026-03-05 16:17:00+00:00,137.60000610351562,137.60009765625,137.35499572753906,137.48089599609375,27329.0
2026-03-05 16:18:00+00:00,137.5050048828125,137.6199951171875,137.4499969482422,137.55999755859375,13181.0
2026-03-05 16:19:00+00:00,137.61000061035156,137.6649932861328,137.44000244140625,137.49000549316406,25871.0
2026-03-05 16:20:00+00:00,137.5050048828125,137.5800018310547,137.3699951171875,137.39999389648438,13250.0
2026-03-05 16:21:00+00:00,137.43499755859375,137.58999633789062,137.38999938964844,137.58999633789062,13026.0
2026-03-05 16:22:00+00:00,137.61500549316406,137.75999450683594,137.5500030517578,137.75999450683594,11880.0
2026-03-05 16:23:00+00:00,137.71499633789062,137.79989624023438,137.58999633789062,137.6199951171875,14395.0
2026-03-05 16:24:00+00:00,137.61000061035156,137.72999572753906,137.58999633789062,137.67999267578125,9940.0
2026-03-05 16:25:00+00:00,137.61000061035156,137.6699981689453,137.5800018310547,137.6699981689453,13506.0
2026-03-05 16:26:00+00:00,137.67999267578125,137.6999969482422,137.6649932861328,137.6649932861328,6360.0
2026-03-05 16:27:00+00:00,137.6199951171875,137.7100067138672,137.5800018310547,137.7100067138672,12193.0
2026-03-05 16:28:00+00:00,137.5800018310547,137.82000732421875,137.5800018310547,137.76499938964844,12771.0
2026-03-05 16:29:00+00:00,137.75250244140625,137.76499938964844,137.6699981689453,137.6750030517578,10416.0
2026-03-05 16:30:00+00:00,137.6750030517578,137.75999450683594,137.65499877929688,137.73500061035156,9898.0
2026-03-05 16:31:00+00:00,137.72999572753906,137.9199981689453,137.7100067138672,137.9199981689453,14353.0
2026-03-05 16:32:00+00:00,137.8699951171875,137.89990234375,137.80999755859375,137.85009765625,6503.0
2026-03-05 16:33:00+00:00,137.85000610351562,137.88999938964844,137.5749969482422,137.5749969482422,21922.0
2026-03-05 16:34:00+00:00,137.5749969482422,137.5749969482422,137.39999389648438,137.4499969482422,141211.0
2026-03-05 16:35:00+00:00,137.4499969482422,137.4499969482422,137.2100067138672,137.33999633789062,25728.0
2026-03-05 16:36:00+00:00,137.2899932861328,137.3800048828125,137.25,137.3350067138672,20571.0
2026-03-05 16:37:00+00:00,137.3000030517578,137.3699951171875,137.25,137.30499267578125,13532.0
2026-03-05 16:38:00+00:00,137.28500366210938,137.30499267578125,137.27000427246094,137.30499267578125,3380.0
2026-03-05 16:39:00+00:00,137.30499267578125,137.44000244140625,137.27999877929688,137.35000610351562,16400.0
2026-03-05 16:40:00+00:00,137.38999938964844,137.57000732421875,137.36500549316406,137.57000732421875,11677.0
2026-03-05 16:41:00+00:00,137.55999755859375,137.55999755859375,137.30999755859375,137.32000732421875,15686.0
2026-03-05 16:42:00+00:00,137.36000061035156,137.4250946044922,137.36000061035156,137.39500427246094,10534.0
2026-03-05 16:43:00+00:00,137.39500427246094,137.4499969482422,137.30999755859375,137.35499572753906,16992.0
2026-03-05 16:44:00+00:00,137.35499572753906,137.52000427246094,137.35499572753906,137.46499633789062,10098.0
2026-03-05 16:45:00+00:00,137.4600067138672,137.72000122070312,137.4600067138672,137.67999267578125,18254.0
2026-03-05 16:46:00+00:00,137.67999267578125,137.69000244140625,137.5050048828125,137.53689575195312,16498.0
2026-03-05 16:47:00+00:00,137.52999877929688,137.6300048828125,137.52000427246094,137.5991973876953,11675.0
2026-03-05 16:48:00+00:00,137.55999755859375,137.5751953125,137.3800048828125,137.3800048828125,9081.0
2026-03-05 16:49:00+00:00,137.43499755859375,137.47000122070312,137.35499572753906,137.41000366210938,14449.0
2026-03-05 16:50:00+00:00,137.39500427246094,137.49000549316406,137.3699951171875,137.3699951171875,13047.0
2026-03-05 16:51:00+00:00,137.3699951171875,137.3699951171875,137.30999755859375,137.32000732421875,9682.0
2026-03-05 16:52:00+00:00,137.3300018310547,137.41000366210938,137.32000732421875,137.34500122070312,9239.0
2026-03-05 16:53:00+00:00,137.36000061035156,137.39999389648438,137.3300018310547,137.35499572753906,9441.0
2026-03-05 16:54:00+00:00,137.34500122070312,137.42999267578125,137.3300018310547,137.35000610351562,7939.0
2026-03-05 16:55:00+00:00,137.36500549316406,137.48500061035156,137.36500549316406,137.4788055419922,9933.0
2026-03-05 16:56:00+00:00,137.4600067138672,137.48500061035156,137.375,137.375,8742.0
2026-03-05 16:57:00+00:00,137.3699951171875,137.52999877929688,137.3699951171875,137.52999877929688,21145.0
2026-03-05 16:58:00+00:00,137.4949951171875,137.4949951171875,137.43499755859375,137.44000244140625,8463.0
2026-03-05 16:59:00+00:00,137.44500732421875,137.52000427246094,137.44500732421875,137.49000549316406,7636.0
2026-03-05 17:00:00+00:00,137.52000427246094,137.60000610351562,137.42010498046875,137.58999633789062,14644.0
2026-03-05 17:01:00+00:00,137.6199951171875,137.6699981689453,137.6199951171875,137.625,6397.0
2026-03-05 17:02:00+00:00,137.6199951171875,137.6199951171875,137.61500549316406,137.61500549316406,8082.0
2026-03-05 17:03:00+00:00,137.61500549316406,137.75999450683594,137.5800018310547,137.7449951171875,18604.0
2026-03-05 17:04:00+00:00,137.77999877929688,137.91000366210938,137.77000427246094,137.91000366210938,11895.0
2026-03-05 17:05:00+00:00,137.9499969482422,137.95770263671875,137.80999755859375,137.91000366210938,13877.0
2026-03-05 17:06:00+00:00,137.94000244140625,137.94000244140625,137.75,137.75,6720.0
2026-03-05 17:07:00+00:00,137.75,137.75,137.60000610351562,137.60000610351562,3828.0
2026-03-05 17:08:00+00:00,137.61500549316406,137.7899932861328,137.61500549316406,137.75,33283.0
2026-03-05 17:09:00+00:00,137.7550048828125,137.79989624023438,137.6999969482422,137.6999969482422,6254.0
2026-03-05 17:10:00+00:00,137.6999969482422,137.6999969482422,137.5540008544922,137.55999755859375,15734.0
2026-03-05 17:11:00+00:00,137.55999755859375,137.72000122070312,137.55999755859375,137.69000244140625,13425.0
2026-03-05 17:12:00+00:00,137.77000427246094,137.9600067138672,137.75999450683594,137.9600067138672,17321.0
2026-03-05 17:13:00+00:00,137.94000244140625,137.9698944091797,137.77000427246094,137.84500122070312,19735.0
2026-03-05 17:14:00+00:00,137.84500122070312,137.91000366210938,137.8350067138672,137.84500122070312,231561.0
2026-03-05 17:15:00+00:00,137.82000732421875,137.82000732421875,137.76499938964844,137.77000427246094,7308.0
2026-03-05 17:16:00+00:00,137.74000549316406,137.74000549316406,137.5413055419922,137.5413055419922,6787.0
2026-03-05 17:17:00+00:00,137.57000732421875,137.64999389648438,137.5449981689453,137.58999633789062,13145.0
2026-03-05 17:18:00+00:00,137.5800018310547,137.5850067138672,137.44500732421875,137.48500061035156,8617.0
2026-03-05 17:19:00+00:00,137.48500061035156,137.50999450683594,137.3350067138672,137.33999633789062,16099.0
2026-03-05 17:20:00+00:00,137.33999633789062,137.3800048828125,137.27000427246094,137.30999755859375,26175.0
2026-03-05 17:21:00+00:00,137.25999450683594,137.3000030517578,137.1719970703125,137.19000244140625,12255.0
2026-03-05 17:22:00+00:00,137.19000244140625,137.30999755859375,137.19000244140625,137.27999877929688,10267.0
2026-03-05 17:23:00+00:00,137.27999877929688,137.36000061035156,137.27000427246094,137.35000610351562,8196.0
2026-03-05 17:24:00+00:00,137.32000732421875,137.4499969482422,137.32000732421875,137.42999267578125,13757.0
2026-03-05 17:25:00+00:00,137.42999267578125,137.42999267578125,137.34500122070312,137.34500122070312,5770.0
2026-03-05 17:26:00+00:00,137.30999755859375,137.30999755859375,137.16000366210938,137.2899932861328,10931.0
2026-03-05 17:27:00+00:00,137.27000427246094,137.32000732421875,137.24000549316406,137.24000549316406,5791.0
2026-03-05 17:28:00+00:00,137.23500061035156,137.3699951171875,137.23500061035156,137.2899932861328,10199.0
2026-03-05 17:29:00+00:00,137.22000122070312,137.24000549316406,137.07000732421875,137.07000732421875,14116.0
2026-03-05 17:30:00+00:00,137.06500244140625,137.22000122070312,137.0500030517578,137.1199951171875,9972.0
2026-03-05 17:31:00+00:00,137.14500427246094,137.24000549316406,137.05999755859375,137.19000244140625,17203.0
2026-03-05 17:32:00+00:00,137.1199951171875,137.1699981689453,137.07839965820312,137.14999389648438,6572.0
2026-03-05 17:33:00+00:00,137.22000122070312,137.25999450683594,137.1199951171875,137.1199951171875,9083.0
2026-03-05 17:34:00+00:00,137.13499450683594,137.13999938964844,137.0500030517578,137.0500030517578,8483.0
2026-03-05 17:35:00+00:00,137.0749969482422,137.13999938964844,137.0449981689453,137.0449981689453,10588.0
2026-03-05 17:36:00+00:00,137.07000732421875,137.07000732421875,136.85000610351562,136.8800048828125,21505.0
2026-03-05 17:37:00+00:00,136.82000732421875,137.10000610351562,136.8000030517578,137.10000610351562,24574.0
2026-03-05 17:38:00+00:00,137.1199951171875,137.13999938964844,136.98500061035156,137.0399932861328,9380.0
2026-03-05 17:39:00+00:00,136.98500061035156,137.08999633789062,136.92999267578125,136.93499755859375,9479.0
2026-03-05 17:40:00+00:00,136.97999572753906,137.11000061035156,136.9600067138672,137.09500122070312,11931.0
2026-03-05 17:41:00+00:00,137.0500030517578,137.0500030517578,136.64999389648438,136.64999389648438,10386.0
2026-03-05 17:42:00+00:00,136.6302947998047,136.656494140625,136.55999755859375,136.58999633789062,14193.0
2026-03-05 17:43:00+00:00,136.5800018310547,136.78500366210938,136.5800018310547,136.7100067138672,9306.0
2026-03-05 17:44:00+00:00,136.67999267578125,136.74000549316406,136.60000610351562,136.6199951171875,16921.0
2026-03-05 17:45:00+00:00,136.64999389648438,136.64999389648438,136.55999755859375,136.57000732421875,7258.0
2026-03-05 17:46:00+00:00,136.60000610351562,136.66000366210938,136.4499969482422,136.4949951171875,32480.0
2026-03-05 17:47:00+00:00,136.4949951171875,136.6699981689453,136.4510040283203,136.61000061035156,12149.0
2026-03-05 17:48:00+00:00,136.63999938964844,136.69000244140625,136.50999450683594,136.5399932861328,11880.0
2026-03-05 17:49:00+00:00,136.5399932861328,136.5800018310547,136.4199981689453,136.4208984375,11631.0
2026-03-05 17:50:00+00:00,136.4600067138672,136.49000549316406,136.14999389648438,136.14999389648438,24083.0
2026-03-05 17:51:00+00:00,136.19000244140625,136.38999938964844,136.18499755859375,136.25,30316.0
2026-03-05 17:52:00+00:00,136.2100067138672,136.38999938964844,136.08999633789062,136.3699951171875,31069.0
2026-03-05 17:53:00+00:00,136.33999633789062,136.33999633789062,136.1699981689453,136.1999969482422,10619.0
2026-03-05 17:54:00+00:00,136.14999389648438,136.16000366210938,136.02000427246094,136.16000366210938,10811.0
2026-03-05 17:55:00+00:00,136.11500549316406,136.17999267578125,136.05999755859375,136.11000061035156,12240.0
2026-03-05 17:56:00+00:00,136.125,136.1999969482422,136.08999633789062,136.11500549316406,10210.0
2026-03-05 17:57:00+00:00,136.1699981689453,136.19000244140625,136.0500030517578,136.10000610351562,16409.0
2026-03-05 17:58:00+00:00,136.0500030517578,136.16000366210938,135.99000549316406,136.0449981689453,38966.0
2026-03-05 17:59:00+00:00,136.0500030517578,136.19500732421875,136.0500030517578,136.13999938964844,9727.0
2026-03-05 18:00:00+00:00,136.13999938964844,136.3000030517578,136.13999938964844,136.2550048828125,38171.0
2026-03-05 18:01:00+00:00,136.2550048828125,136.3000030517578,136.18499755859375,136.3000030517578,8911.0
2026-03-05 18:02:00+00:00,136.3300018310547,136.33999633789062,136.19000244140625,136.22500610351562,7651.0
2026-03-05 18:03:00+00:00,136.14999389648438,136.164306640625,136.11000061035156,136.1199951171875,8147.0
2026-03-05 18:04:00+00:00,136.1199951171875,136.30999755859375,136.0760955810547,136.30999755859375,10535.0
2026-03-05 18:05:00+00:00,136.25,136.3000030517578,136.2100067138672,136.3000030517578,7852.0
2026-03-05 18:06:00+00:00,136.25,136.33999633789062,136.1750030517578,136.1750030517578,13504.0
2026-03-05 18:07:00+00:00,136.19500732421875,136.39999389648438,136.19000244140625,136.34500122070312,8521.0
2026-03-05 18:08:00+00:00,136.38999938964844,136.38999938964844,136.2899932861328,136.3350067138672,10063.0
2026-03-05 18:09:00+00:00,136.38999938964844,136.47999572753906,136.35000610351562,136.44500732421875,9282.0
2026-03-05 18:10:00+00:00,136.49000549316406,136.53500366210938,136.41000366210938,136.4600067138672,13367.0
2026-03-05 18:11:00+00:00,136.45509338378906,136.45509338378906,136.22999572753906,136.26499938964844,10561.0
2026-03-05 18:12:00+00:00,136.27999877929688,136.35000610351562,136.27999877929688,136.34500122070312,14083.0
2026-03-05 18:13:00+00:00,136.34500122070312,136.38870239257812,136.2899932861328,136.35000610351562,11734.0
2026-03-05 18:14:00+00:00,136.35000610351562,136.42999267578125,136.33999633789062,136.35000610351562,11642.0
2026-03-05 18:15:00+00:00,136.30999755859375,136.39999389648438,136.25999450683594,136.30999755859375,10499.0
2026-03-05 18:16:00+00:00,136.25999450683594,136.25999450683594,136.16000366210938,136.2447052001953,5606.0
2026-03-05 18:17:00+00:00,136.2100067138672,136.21499633789062,136.13999938964844,136.13999938964844,8053.0
2026-03-05 18:18:00+00:00,136.13999938964844,136.1699981689453,135.97000122070312,136.0,18634.0
2026-03-05 18:19:00+00:00,136.0,136.07110595703125,135.8699951171875,135.97999572753906,17756.0
2026-03-05 18:20:00+00:00,135.9499969482422,136.0800018310547,135.9499969482422,136.0399932861328,6610.0
2026-03-05 18:21:00+00:00,136.02639770507812,136.0800018310547,136.0,136.02999877929688,15190.0
2026-03-05 18:22:00+00:00,136.0399932861328,136.25999450683594,136.02000427246094,136.25999450683594,10313.0
2026-03-05 18:23:00+00:00,136.25999450683594,136.26499938964844,136.14010620117188,136.14010620117188,10001.0
2026-03-05 18:24:00+00:00,136.13999938964844,136.17999267578125,136.125,136.125,4131.0
2026-03-05 18:25:00+00:00,136.07000732421875,136.19900512695312,136.02000427246094,136.0800018310547,23247.0
2026-03-05 18:26:00+00:00,136.02999877929688,136.17999267578125,136.0,136.0283966064453,12523.0
2026-03-05 18:27:00+00:00,135.9199981689453,135.9550018310547,135.89999389648438,135.9250030517578,4093.0
2026-03-05 18:28:00+00:00,135.9600067138672,136.1199951171875,135.9600067138672,136.03500366210938,20234.0
2026-03-05 18:29:00+00:00,136.02999877929688,136.0399932861328,135.95199584960938,136.01499938964844,6597.0
2026-03-05 18:30:00+00:00,136.01499938964844,136.1649932861328,136.01499938964844,136.06500244140625,10031.0
2026-03-05 18:31:00+00:00,136.1300048828125,136.1300048828125,135.97000122070312,136.00999450683594,10256.0
2026-03-05 18:32:00+00:00,135.97000122070312,136.0050048828125,135.88999938964844,135.9149932861328,25891.0
2026-03-05 18:33:00+00:00,135.85000610351562,135.89500427246094,135.8000030517578,135.89500427246094,7197.0
2026-03-05 18:34:00+00:00,135.88999938964844,136.08999633789062,135.88999938964844,136.01499938964844,16603.0
2026-03-05 18:35:00+00:00,136.0500030517578,136.16000366210938,136.0399932861328,136.10499572753906,6048.0
2026-03-05 18:36:00+00:00,136.0800018310547,136.10000610351562,136.03709411621094,136.07000732421875,6893.0
2026-03-05 18:37:00+00:00,136.04750061035156,136.07000732421875,135.97999572753906,136.07000732421875,6500.0
2026-03-05 18:38:00+00:00,136.09500122070312,136.19000244140625,136.0800018310547,136.1699981689453,7197.0
2026-03-05 18:39:00+00:00,136.1999053955078,136.1999053955078,136.13510131835938,136.14999389648438,5630.0
2026-03-05 18:40:00+00:00,136.17999267578125,136.33999633789062,136.1699981689453,136.3350067138672,6836.0
2026-03-05 18:41:00+00:00,136.3300018310547,136.4199981689453,136.3300018310547,136.34010314941406,7310.0
2026-03-05 18:42:00+00:00,136.42999267578125,136.50819396972656,136.41000366210938,136.5,6821.0
2026-03-05 18:43:00+00:00,136.5,136.63999938964844,136.44000244140625,136.4600067138672,13906.0
2026-03-05 18:44:00+00:00,136.49000549316406,136.55999755859375,136.44000244140625,136.49000549316406,6745.0
2026-03-05 18:45:00+00:00,136.49000549316406,136.52999877929688,136.35130310058594,136.41990661621094,10662.0
2026-03-05 18:46:00+00:00,136.36500549316406,136.4499969482422,136.27000427246094,136.360107421875,9201.0
2026-03-05 18:47:00+00:00,136.4600067138672,136.47999572753906,136.44000244140625,136.46499633789062,4694.0
2026-03-05 18:48:00+00:00,136.46499633789062,136.46499633789062,136.35000610351562,136.36000061035156,6208.0
2026-03-05 18:49:00+00:00,136.4199981689453,136.4199981689453,136.2100067138672,136.2899932861328,11766.0
2026-03-05 18:50:00+00:00,136.2100067138672,136.2100067138672,136.14999389648438,136.2100067138672,5206.0
2026-03-05 18:51:00+00:00,136.13999938964844,136.19000244140625,136.07000732421875,136.07009887695312,8794.0
2026-03-05 18:52:00+00:00,136.10000610351562,136.16000366210938,136.0500030517578,136.16000366210938,7534.0
2026-03-05 18:53:00+00:00,136.110107421875,136.22500610351562,136.07000732421875,136.0800018310547,17912.0
2026-03-05 18:54:00+00:00,136.0800018310547,136.1300048828125,136.0,136.07000732421875,14216.0
2026-03-05 18:55:00+00:00,136.10499572753906,136.25,136.05999755859375,136.13999938964844,11921.0
2026-03-05 18:56:00+00:00,136.22000122070312,136.32000732421875,136.2100067138672,136.25999450683594,12097.0
2026-03-05 18:57:00+00:00,136.3300018310547,136.4199981689453,136.27999877929688,136.4199981689453,5822.0
2026-03-05 18:58:00+00:00,136.4199981689453,136.4499969482422,136.32000732421875,136.32000732421875,11992.0
2026-03-05 18:59:00+00:00,136.32000732421875,136.3350067138672,136.32000732421875,136.3350067138672,6374.0
2026-03-05 19:00:00+00:00,136.27000427246094,136.5,136.25,136.5,11203.0
2026-03-05 19:01:00+00:00,136.5500030517578,136.58999633789062,136.4550018310547,136.46499633789062,12698.0
2026-03-05 19:02:00+00:00,136.47500610351562,136.5800018310547,136.47000122070312,136.5531005859375,16362.0
2026-03-05 19:03:00+00:00,136.52999877929688,136.52999877929688,136.4600067138672,136.4600067138672,4216.0
2026-03-05 19:04:00+00:00,136.38999938964844,136.38999938964844,136.3000030517578,136.36000061035156,4763.0
2026-03-05 19:05:00+00:00,136.33999633789062,136.47999572753906,136.3350067138672,136.4149932861328,8480.0
2026-03-05 19:06:00+00:00,136.41000366210938,136.4499969482422,136.3800048828125,136.3800048828125,3390.0
2026-03-05 19:07:00+00:00,136.3719024658203,136.38999938964844,136.30999755859375,136.36000061035156,9472.0
2026-03-05 19:08:00+00:00,136.3000030517578,136.30999755859375,136.27499389648438,136.27999877929688,6736.0
2026-03-05 19:09:00+00:00,136.24000549316406,136.3000030517578,136.19000244140625,136.1999969482422,10329.0
2026-03-05 19:10:00+00:00,136.25999450683594,136.25999450683594,136.14999389648438,136.21499633789062,4074.0
2026-03-05 19:11:00+00:00,136.2100067138672,136.3000030517578,136.16000366210938,136.18499755859375,9264.0
2026-03-05 19:12:00+00:00,136.18499755859375,136.27000427246094,136.16000366210938,136.2449951171875,11990.0
2026-03-05 19:13:00+00:00,136.25,136.36000061035156,136.25,136.3125,7667.0
2026-03-05 19:14:00+00:00,136.3000030517578,136.33999633789062,136.28390502929688,136.28390502929688,4341.0
2026-03-05 19:15:00+00:00,136.3300018310547,136.3300018310547,136.13999938964844,136.15499877929688,6609.0
2026-03-05 19:16:00+00:00,136.15499877929688,136.24000549316406,136.08999633789062,136.19000244140625,10203.0
2026-03-05 19:17:00+00:00,136.18499755859375,136.24000549316406,136.18499755859375,136.22000122070312,10754.0
2026-03-05 19:18:00+00:00,136.2100067138672,136.30499267578125,136.19000244140625,136.2949981689453,6674.0
2026-03-05 19:19:00+00:00,136.3000030517578,136.36000061035156,136.25,136.32699584960938,11439.0
2026-03-05 19:20:00+00:00,136.38999938964844,136.47000122070312,136.30999755859375,136.30999755859375,6312.0
2026-03-05 19:21:00+00:00,136.3000030517578,136.4600067138672,136.3000030517578,136.4600067138672,8650.0
2026-03-05 19:22:00+00:00,136.44000244140625,136.5500030517578,136.44000244140625,136.46499633789062,14724.0
2026-03-05 19:23:00+00:00,136.46499633789062,136.52000427246094,136.4199981689453,136.51910400390625,9578.0
2026-03-05 19:24:00+00:00,136.47000122070312,136.50999450683594,136.38999938964844,136.4199981689453,6409.0
2026-03-05 19:25:00+00:00,136.40049743652344,136.40049743652344,136.22000122070312,136.22000122070312,6576.0
2026-03-05 19:26:00+00:00,136.2449951171875,136.3000030517578,136.20089721679688,136.25999450683594,6873.0
2026-03-05 19:27:00+00:00,136.26499938964844,136.26499938964844,136.1699981689453,136.17999267578125,5778.0
2026-03-05 19:28:00+00:00,136.2100067138672,136.2100067138672,136.17999267578125,136.2050018310547,15162.0
2026-03-05 19:29:00+00:00,136.27999877929688,136.30999755859375,136.25,136.2899932861328,11545.0
2026-03-05 19:30:00+00:00,136.25,136.25,136.11000061035156,136.13999938964844,11209.0
2026-03-05 19:31:00+00:00,136.14999389648438,136.1999969482422,136.1300048828125,136.17999267578125,8739.0
2026-03-05 19:32:00+00:00,136.16000366210938,136.1999969482422,136.07000732421875,136.0885009765625,11059.0
2026-03-05 19:33:00+00:00,136.10000610351562,136.1999969482422,136.09500122070312,136.1699981689453,7801.0
2026-03-05 19:34:00+00:00,136.14999389648438,136.17999267578125,136.0800018310547,136.14999389648438,7191.0
2026-03-05 19:35:00+00:00,136.15499877929688,136.24000549316406,136.15499877929688,136.2100067138672,17936.0
2026-03-05 19:36:00+00:00,136.14999389648438,136.1699981689453,136.0500030517578,136.08999633789062,12111.0
2026-03-05 19:37:00+00:00,136.0800018310547,136.16000366210938,136.0800018310547,136.16000366210938,4684.0
2026-03-05 19:38:00+00:00,136.16000366210938,136.25999450683594,136.16000366210938,136.17999267578125,12061.0
2026-03-05 19:39:00+00:00,136.1649932861328,136.19000244140625,136.0800018310547,136.1649932861328,11568.0
2026-03-05 19:40:00+00:00,136.16000366210938,136.25,136.16000366210938,136.22999572753906,5497.0
2026-03-05 19:41:00+00:00,136.2100067138672,136.38999938964844,136.2100067138672,136.3800048828125,10015.0
2026-03-05 19:42:00+00:00,136.30999755859375,136.4499969482422,136.27999877929688,136.4499969482422,9583.0
2026-03-05 19:43:00+00:00,136.39999389648438,136.44000244140625,136.36000061035156,136.36000061035156,5901.0
2026-03-05 19:44:00+00:00,136.38499450683594,136.44000244140625,136.3000030517578,136.44000244140625,10832.0
2026-03-05 19:45:00+00:00,136.42999267578125,136.4949951171875,136.29010009765625,136.4199981689453,17657.0
2026-03-05 19:46:00+00:00,136.3800048828125,136.4199981689453,136.30999755859375,136.4199981689453,10908.0
2026-03-05 19:47:00+00:00,136.41000366210938,136.41000366210938,136.39430236816406,136.41000366210938,4249.0
2026-03-05 19:48:00+00:00,136.41000366210938,136.4499969482422,136.3300018310547,136.35499572753906,14854.0
2026-03-05 19:49:00+00:00,136.36000061035156,136.4199981689453,136.35000610351562,136.4199981689453,6431.0
2026-03-05 19:50:00+00:00,136.38999938964844,136.44000244140625,136.33999633789062,136.36610412597656,14270.0
2026-03-05 19:51:00+00:00,136.3300018310547,136.4199981689453,136.25999450683594,136.3350067138672,28919.0
2026-03-05 19:52:00+00:00,136.3350067138672,136.49000549316406,136.3300018310547,136.44000244140625,8413.0
2026-03-05 19:53:00+00:00,136.43499755859375,136.4499969482422,136.35000610351562,136.3800048828125,14433.0
2026-03-05 19:54:00+00:00,136.41000366210938,136.44500732421875,136.16000366210938,136.1999969482422,21843.0
2026-03-05 19:55:00+00:00,136.19500732421875,136.2738037109375,136.10000610351562,136.2449951171875,20640.0
2026-03-05 19:56:00+00:00,136.27999877929688,136.41000366210938,136.22999572753906,136.33099365234375,12626.0
2026-03-05 19:57:00+00:00,136.3699951171875,136.47999572753906,136.35499572753906,136.47500610351562,9160.0
2026-03-05 19:58:00+00:00,136.4550018310547,136.55999755859375,136.4250030517578,136.52999877929688,8546.0
2026-03-05 19:59:00+00:00,136.52000427246094,136.52000427246094,136.41000366210938,136.4949951171875,20912.0
2026-03-05 20:00:00+00:00,136.4949951171875,136.52000427246094,136.4199981689453,136.4499969482422,11242.0
2026-03-05 20:01:00+00:00,136.5,136.5,136.34500122070312,136.41000366210938,12600.0
2026-03-05 20:02:00+00:00,136.38999938964844,136.52999877929688,136.35000610351562,136.3800048828125,21180.0
2026-03-05 20:03:00+00:00,136.33999633789062,136.38839721679688,136.2899932861328,136.36500549316406,9599.0
2026-03-05 20:04:00+00:00,136.36000061035156,136.66000366210938,136.3000030517578,136.6300048828125,18642.0
2026-03-05 20:05:00+00:00,136.60000610351562,136.60000610351562,136.47000122070312,136.47000122070312,12943.0
2026-03-05 20:06:00+00:00,136.47999572753906,136.52000427246094,136.3300018310547,136.44000244140625,14872.0
2026-03-05 20:07:00+00:00,136.47999572753906,136.6199951171875,136.4600067138672,136.4600067138672,13302.0
2026-03-05 20:08:00+00:00,136.4600067138672,136.6699981689453,136.44000244140625,136.6699981689453,14423.0
2026-03-05 20:09:00+00:00,136.64999389648438,136.67999267578125,136.57000732421875,136.57000732421875,8545.0
2026-03-05 20:10:00+00:00,136.6199951171875,136.6999969482422,136.61000061035156,136.66000366210938,14614.0
2026-03-05 20:11:00+00:00,136.66000366210938,136.72000122070312,136.57000732421875,136.57000732421875,14818.0
2026-03-05 20:12:00+00:00,136.60000610351562,136.69000244140625,136.52000427246094,136.52000427246094,14356.0
2026-03-05 20:13:00+00:00,136.49000549316406,136.49000549316406,136.38999938964844,136.44000244140625,15552.0
2026-03-05 20:14:00+00:00,136.4199981689453,136.44000244140625,136.38999938964844,136.40499877929688,4579.0
2026-03-05 20:15:00+00:00,136.42999267578125,136.42999267578125,136.24000549316406,136.25,25639.0
2026-03-05 20:16:00+00:00,136.25999450683594,136.2949981689453,136.17010498046875,136.22000122070312,14613.0
2026-03-05 20:17:00+00:00,136.22500610351562,136.27000427246094,136.1699981689453,136.2100067138672,11615.0
2026-03-05 20:18:00+00:00,136.2100067138672,136.33999633789062,136.2100067138672,136.33999633789062,21698.0
2026-03-05 20:19:00+00:00,136.3350067138672,136.4199981689453,136.3350067138672,136.33999633789062,13561.0
2026-03-05 20:20:00+00:00,136.34500122070312,136.4499969482422,136.2899932861328,136.4477996826172,69616.0
2026-03-05 20:21:00+00:00,136.4600067138672,136.57000732421875,136.4600067138672,136.52999877929688,10693.0
2026-03-05 20:22:00+00:00,136.5,136.57000732421875,136.5,136.52499389648438,10890.0
2026-03-05 20:23:00+00:00,136.52499389648438,136.78500366210938,136.52499389648438,136.64999389648438,18729.0
2026-03-05 20:24:00+00:00,136.64999389648438,136.6699981689453,136.49000549316406,136.55999755859375,34112.0
2026-03-05 20:25:00+00:00,136.5749969482422,136.7689971923828,136.5500030517578,136.75999450683594,14918.0
2026-03-05 20:26:00+00:00,136.74000549316406,136.8000030517578,136.7100067138672,136.75999450683594,13033.0
2026-03-05 20:27:00+00:00,136.74000549316406,136.75999450683594,136.63499450683594,136.64999389648438,13098.0
2026-03-05 20:28:00+00:00,136.60000610351562,136.66000366210938,136.59500122070312,136.6300048828125,12030.0
2026-03-05 20:29:00+00:00,136.64999389648438,136.67999267578125,136.5500030517578,136.55999755859375,15565.0
2026-03-05 20:30:00+00:00,136.55999755859375,136.69000244140625,136.50999450683594,136.69000244140625,19188.0
2026-03-05 20:31:00+00:00,136.67999267578125,136.7100067138672,136.61000061035156,136.63999938964844,15197.0
2026-03-05 20:32:00+00:00,136.69000244140625,136.74000549316406,136.67999267578125,136.74000549316406,9945.0
2026-03-05 20:33:00+00:00,136.72000122070312,136.7989959716797,136.63999938964844,136.7989959716797,28889.0
2026-03-05 20:34:00+00:00,136.8000030517578,136.85000610351562,136.7899932861328,136.7899932861328,16626.0
2026-03-05 20:35:00+00:00,136.82000732421875,136.88999938964844,136.73500061035156,136.88999938964844,14015.0
2026-03-05 20:36:00+00:00,136.91000366210938,136.9199981689453,136.8350067138672,136.8350067138672,20631.0
2026-03-05 20:37:00+00:00,136.8800048828125,136.94000244140625,136.85000610351562,136.94000244140625,11750.0
2026-03-05 20:38:00+00:00,136.9499969482422,137.02000427246094,136.9199981689453,137.00999450683594,19930.0
2026-03-05 20:39:00+00:00,137.0290069580078,137.0399932861328,136.90499877929688,136.90499877929688,12611.0
2026-03-05 20:40:00+00:00,136.92999267578125,136.97999572753906,136.90499877929688,136.9199981689453,18334.0
2026-03-05 20:41:00+00:00,136.88999938964844,136.89500427246094,136.77499389648438,136.81370544433594,20897.0
2026-03-05 20:42:00+00:00,136.86000061035156,136.94900512695312,136.8300018310547,136.9199981689453,13509.0
2026-03-05 20:43:00+00:00,136.90499877929688,136.90499877929688,136.76499938964844,136.78500366210938,19101.0
2026-03-05 20:44:00+00:00,136.80999755859375,136.8699951171875,136.75999450683594,136.8300018310547,19820.0
2026-03-05 20:45:00+00:00,136.8699951171875,136.90499877929688,136.7899932861328,136.7899932861328,22655.0
2026-03-05 20:46:00+00:00,136.80999755859375,136.85000610351562,136.7100067138672,136.85000610351562,23471.0
2026-03-05 20:47:00+00:00,136.8300018310547,136.8300018310547,136.69500732421875,136.7393035888672,16566.0
2026-03-05 20:48:00+00:00,136.6999969482422,136.8699951171875,136.69000244140625,136.85000610351562,30600.0
2026-03-05 20:49:00+00:00,136.8300018310547,136.9499969482422,136.82000732421875,136.94000244140625,23838.0
2026-03-05 20:50:00+00:00,136.97999572753906,137.1199951171875,136.97999572753906,137.10000610351562,67910.0
2026-03-05 20:51:00+00:00,137.11000061035156,137.1699981689453,137.08999633789062,137.16000366210938,42932.0
2026-03-05 20:52:00+00:00,137.1999969482422,137.22000122070312,137.13999938964844,137.19000244140625,29853.0
2026-03-05 20:53:00+00:00,137.22500610351562,137.25999450683594,137.11000061035156,137.13499450683594,58081.0
2026-03-05 20:54:00+00:00,137.1199951171875,137.2100067138672,136.94000244140625,136.99000549316406,73276.0
2026-03-05 20:55:00+00:00,137.00999450683594,137.0500030517578,136.7050018310547,136.72999572753906,85152.0
2026-03-05 20:56:00+00:00,136.75,136.86000061035156,136.69000244140625,136.86000061035156,77274.0
2026-03-05 20:57:00+00:00,136.875,136.99000549316406,136.81689453125,136.9250030517578,83232.0
2026-03-05 20:58:00+00:00,136.9250030517578,136.97999572753906,136.88999938964844,136.9499969482422,92798.0
2026-03-05 20:59:00+00:00,136.9499969482422,137.07000732421875,136.92999267578125,137.00999450683594,266494.0
2026-03-06 14:30:00+00:00,134.16799926757812,134.27000427246094,133.4199981689453,134.0,264793.0
2026-03-06 14:31:00+00:00,133.98500061035156,134.4149932861328,133.94749450683594,134.2899932861328,27768.0
2026-03-06 14:32:00+00:00,134.3000030517578,134.60499572753906,134.17999267578125,134.47000122070312,56338.0
2026-03-06 14:33:00+00:00,134.47000122070312,135.0,134.47000122070312,134.6699981689453,42326.0
2026-03-06 14:34:00+00:00,134.67010498046875,134.82000732421875,134.55999755859375,134.63999938964844,46597.0
2026-03-06 14:35:00+00:00,134.63999938964844,134.6699981689453,134.24000549316406,134.3350067138672,40703.0
2026-03-06 14:36:00+00:00,134.25999450683594,134.47999572753906,134.07000732421875,134.14999389648438,24880.0
2026-03-06 14:37:00+00:00,134.10000610351562,134.36000061035156,134.07000732421875,134.0800018310547,31230.0
2026-03-06 14:38:00+00:00,134.10499572753906,134.32000732421875,133.75999450683594,134.28500366210938,77022.0
2026-03-06 14:39:00+00:00,134.28500366210938,134.44000244140625,133.7899932861328,133.85499572753906,18936.0
2026-03-06 14:40:00+00:00,133.88999938964844,133.93499755859375,133.61000061035156,133.66000366210938,37424.0
2026-03-06 14:41:00+00:00,133.8031005859375,134.17999267578125,133.6699981689453,134.0399932861328,18787.0
2026-03-06 14:42:00+00:00,134.00999450683594,134.00999450683594,133.6649932861328,133.72760009765625,17601.0
2026-03-06 14:43:00+00:00,133.7100067138672,133.97999572753906,133.69000244140625,133.86000061035156,32045.0
2026-03-06 14:44:00+00:00,133.92999267578125,134.0399932861328,133.83999633789062,133.9949951171875,34526.0
2026-03-06 14:45:00+00:00,133.99000549316406,134.22999572753906,133.81500244140625,134.0500030517578,45291.0
2026-03-06 14:46:00+00:00,134.0500030517578,134.13999938964844,133.89500427246094,133.9600067138672,38444.0
2026-03-06 14:47:00+00:00,133.94000244140625,134.00999450683594,133.80999755859375,133.93089294433594,14546.0
2026-03-06 14:48:00+00:00,133.92999267578125,134.0800018310547,133.86000061035156,134.05499267578125,34358.0
2026-03-06 14:49:00+00:00,134.02999877929688,134.1300048828125,133.88999938964844,134.0500030517578,30672.0
2026-03-06 14:50:00+00:00,134.0500030517578,134.18499755859375,133.94259643554688,134.0800018310547,15643.0
2026-03-06 14:51:00+00:00,134.14999389648438,134.7550048828125,134.14999389648438,134.71499633789062,34792.0
2026-03-06 14:52:00+00:00,134.66000366210938,134.6999969482422,134.47999572753906,134.6999969482422,14531.0
2026-03-06 14:53:00+00:00,134.60000610351562,134.6999969482422,134.5366973876953,134.55979919433594,12240.0
2026-03-06 14:54:00+00:00,134.58999633789062,134.66000366210938,134.4199981689453,134.49789428710938,15980.0
2026-03-06 14:55:00+00:00,134.48500061035156,134.58999633789062,134.3300018310547,134.4199981689453,17419.0
2026-03-06 14:56:00+00:00,134.3800048828125,134.6699981689453,134.35000610351562,134.5399932861328,11403.0
2026-03-06 14:57:00+00:00,134.55999755859375,134.57000732421875,134.4199981689453,134.47500610351562,7831.0
2026-03-06 14:58:00+00:00,134.42999267578125,134.60000610351562,134.42010498046875,134.49000549316406,13883.0
2026-03-06 14:59:00+00:00,134.51499938964844,134.7147979736328,134.4199981689453,134.64999389648438,12942.0
2026-03-06 15:00:00+00:00,134.6699981689453,135.2677001953125,134.62010192871094,135.2677001953125,25659.0
2026-03-06 15:01:00+00:00,135.2100067138672,135.2949981689453,134.99000549316406,135.01649475097656,29494.0
2026-03-06 15:02:00+00:00,135.0800018310547,135.1699981689453,134.9949951171875,134.9949951171875,20521.0
2026-03-06 15:03:00+00:00,134.99000549316406,135.02499389648438,134.85000610351562,135.02499389648438,7296.0
2026-03-06 15:04:00+00:00,135.02999877929688,135.1199951171875,134.94000244140625,135.1199951171875,16414.0
2026-03-06 15:05:00+00:00,135.02000427246094,135.1179962158203,134.8249969482422,134.9499969482422,11310.0
2026-03-06 15:06:00+00:00,134.85000610351562,135.0,134.8000030517578,134.82000732421875,17358.0
2026-03-06 15:07:00+00:00,134.82000732421875,134.99000549316406,134.7100067138672,134.92999267578125,33070.0
2026-03-06 15:08:00+00:00,134.8101043701172,135.0500030517578,134.8000030517578,134.9799041748047,20824.0
2026-03-06 15:09:00+00:00,134.96499633789062,134.96499633789062,134.64999389648438,134.7050018310547,19493.0
2026-03-06 15:10:00+00:00,134.75990295410156,134.91000366210938,134.6999969482422,134.72500610351562,34344.0
2026-03-06 15:11:00+00:00,134.76499938964844,134.9600067138672,134.76499938964844,134.9499969482422,18205.0
2026-03-06 15:12:00+00:00,134.92999267578125,135.13999938964844,134.92999267578125,135.09500122070312,32623.0
2026-03-06 15:13:00+00:00,135.05999755859375,135.1699981689453,135.01010131835938,135.1199951171875,21895.0
2026-03-06 15:14:00+00:00,135.19000244140625,135.19000244140625,134.97500610351562,135.06500244140625,22346.0
2026-03-06 15:15:00+00:00,135.06500244140625,135.15499877929688,134.97999572753906,135.15499877929688,20289.0
2026-03-06 15:16:00+00:00,135.1300048828125,135.27499389648438,134.91000366210938,134.9499969482422,26947.0
2026-03-06 15:17:00+00:00,134.89999389648438,135.0,134.80999755859375,134.9499969482422,21351.0
2026-03-06 15:18:00+00:00,134.94000244140625,135.17999267578125,134.94000244140625,135.15499877929688,11971.0
2026-03-06 15:19:00+00:00,135.10000610351562,135.14669799804688,135.00970458984375,135.03550720214844,10534.0
2026-03-06 15:20:00+00:00,134.99000549316406,135.13999938964844,134.9001007080078,134.97000122070312,20038.0
2026-03-06 15:21:00+00:00,134.89999389648438,135.14500427246094,134.89999389648438,135.14500427246094,14974.0
2026-03-06 15:22:00+00:00,135.1300048828125,135.30999755859375,135.07000732421875,135.27999877929688,10860.0
2026-03-06 15:23:00+00:00,135.30999755859375,135.4550018310547,135.27999877929688,135.41000366210938,23750.0
2026-03-06 15:24:00+00:00,135.40499877929688,135.69500732421875,135.39999389648438,135.64999389648438,27339.0
2026-03-06 15:25:00+00:00,135.57000732421875,135.8000030517578,135.50999450683594,135.7100067138672,10444.0
2026-03-06 15:26:00+00:00,135.7969970703125,135.7969970703125,135.6199951171875,135.6199951171875,13771.0
2026-03-06 15:27:00+00:00,135.59500122070312,135.6999969482422,135.55999755859375,135.5749969482422,7991.0
2026-03-06 15:28:00+00:00,135.57510375976562,135.7100067138672,135.5749969482422,135.7100067138672,8364.0
2026-03-06 15:29:00+00:00,135.55999755859375,135.61500549316406,135.47999572753906,135.60000610351562,97646.0
2026-03-06 15:30:00+00:00,135.67999267578125,135.82000732421875,135.58999633789062,135.72999572753906,29523.0
2026-03-06 15:31:00+00:00,135.72500610351562,135.9499969482422,135.6699981689453,135.9250030517578,9660.0
2026-03-06 15:32:00+00:00,135.87010192871094,135.97000122070312,135.82000732421875,135.91000366210938,9239.0
2026-03-06 15:33:00+00:00,135.91000366210938,135.9149932861328,135.82009887695312,135.89999389648438,7239.0
2026-03-06 15:34:00+00:00,135.9499969482422,136.00999450683594,135.90750122070312,135.9499969482422,22987.0
2026-03-06 15:35:00+00:00,136.0,136.1699981689453,135.98500061035156,136.1699981689453,27978.0
2026-03-06 15:36:00+00:00,136.13999938964844,136.24000549316406,136.13999938964844,136.24000549316406,6439.0
2026-03-06 15:37:00+00:00,136.24000549316406,136.3350067138672,136.1699981689453,136.3350067138672,11205.0
2026-03-06 15:38:00+00:00,136.3350067138672,136.5,136.27999877929688,136.39999389648438,14528.0
2026-03-06 15:39:00+00:00,136.33999633789062,136.42999267578125,136.2899932861328,136.39500427246094,17475.0
2026-03-06 15:40:00+00:00,136.35000610351562,136.38999938964844,136.1300048828125,136.2100067138672,12582.0
2026-03-06 15:41:00+00:00,136.14999389648438,136.2050018310547,136.00999450683594,136.11500549316406,11140.0
2026-03-06 15:42:00+00:00,136.05999755859375,136.16659545898438,135.99000549316406,136.0225067138672,6962.0
2026-03-06 15:43:00+00:00,135.92999267578125,136.00999450683594,135.77000427246094,135.8300018310547,8345.0
2026-03-06 15:44:00+00:00,135.80999755859375,135.97000122070312,135.8000030517578,135.97000122070312,11708.0
2026-03-06 15:45:00+00:00,135.91000366210938,136.0449981689453,135.89999389648438,135.97000122070312,12971.0
2026-03-06 15:46:00+00:00,135.97000122070312,136.0399932861328,135.7613983154297,136.0399932861328,10116.0
2026-03-06 15:47:00+00:00,135.9250030517578,135.9801025390625,135.91000366210938,135.9600067138672,6427.0
2026-03-06 15:48:00+00:00,135.94000244140625,135.94000244140625,135.88499450683594,135.9199981689453,3283.0
2026-03-06 15:49:00+00:00,135.9199981689453,135.9199981689453,135.69000244140625,135.77999877929688,8155.0
2026-03-06 15:50:00+00:00,135.7899932861328,135.85499572753906,135.75,135.77999877929688,9467.0
2026-03-06 15:51:00+00:00,135.77000427246094,135.94000244140625,135.75999450683594,135.8000030517578,13747.0
2026-03-06 15:52:00+00:00,135.82000732421875,135.8300018310547,135.69009399414062,135.7899932861328,8279.0
2026-03-06 15:53:00+00:00,135.92999267578125,135.9499969482422,135.8000030517578,135.90249633789062,8330.0
2026-03-06 15:54:00+00:00,135.8800048828125,135.94000244140625,135.7899932861328,135.9199981689453,9991.0
2026-03-06 15:55:00+00:00,135.9199981689453,136.27000427246094,135.9199981689453,136.27000427246094,11130.0
2026-03-06 15:56:00+00:00,136.30999755859375,136.38999938964844,136.17999267578125,136.2906951904297,11716.0
2026-03-06 15:57:00+00:00,136.25999450683594,136.27000427246094,136.1800994873047,136.27000427246094,6414.0
2026-03-06 15:58:00+00:00,136.27499389648438,136.3300018310547,136.1999969482422,136.3000030517578,11051.0
2026-03-06 15:59:00+00:00,136.2899932861328,136.42999267578125,136.2550048828125,136.35499572753906,13323.0
2026-03-06 16:00:00+00:00,136.35000610351562,136.60000610351562,136.35000610351562,136.5749969482422,16286.0
2026-03-06 16:01:00+00:00,136.55999755859375,136.61000061035156,136.52000427246094,136.60560607910156,4731.0
2026-03-06 16:02:00+00:00,136.57000732421875,136.57000732421875,136.3800048828125,136.51499938964844,16092.0
2026-03-06 16:03:00+00:00,136.52000427246094,136.60000610351562,136.5,136.55999755859375,11166.0
2026-03-06 16:04:00+00:00,136.52999877929688,136.72000122070312,136.51499938964844,136.72000122070312,7062.0
2026-03-06 16:05:00+00:00,136.7198944091797,136.7550048828125,136.63999938964844,136.69000244140625,12675.0
2026-03-06 16:06:00+00:00,136.64999389648438,136.64999389648438,136.27000427246094,136.28500366210938,15752.0
2026-03-06 16:07:00+00:00,136.28500366210938,136.2899932861328,136.17999267578125,136.2899932861328,8261.0
2026-03-06 16:08:00+00:00,136.23500061035156,136.39999389648438,136.2100067138672,136.2100067138672,15693.0
2026-03-06 16:09:00+00:00,136.19000244140625,136.38999938964844,136.19000244140625,136.31500244140625,5633.0
2026-03-06 16:10:00+00:00,136.22000122070312,136.3699951171875,136.17999267578125,136.33999633789062,9770.0
2026-03-06 16:11:00+00:00,136.2899932861328,136.2899932861328,136.19000244140625,136.22999572753906,10404.0
2026-03-06 16:12:00+00:00,136.1999969482422,136.1999969482422,136.08009338378906,136.14999389648438,9450.0
2026-03-06 16:13:00+00:00,136.2100067138672,136.22000122070312,136.08999633789062,136.14999389648438,8216.0
2026-03-06 16:14:00+00:00,136.08999633789062,136.2050018310547,136.08999633789062,136.16000366210938,12586.0
2026-03-06 16:15:00+00:00,136.1649932861328,136.3000030517578,136.1649932861328,136.25,8306.0
2026-03-06 16:16:00+00:00,136.33999633789062,136.4149932861328,136.27000427246094,136.27999877929688,17334.0
2026-03-06 16:17:00+00:00,136.36000061035156,136.36000061035156,136.17999267578125,136.19500732421875,12313.0
2026-03-06 16:18:00+00:00,136.24000549316406,136.38999938964844,136.24000549316406,136.38999938964844,20161.0
2026-03-06 16:19:00+00:00,136.34500122070312,136.5500030517578,136.2899932861328,136.5500030517578,15706.0
2026-03-06 16:20:00+00:00,136.55999755859375,136.5800018310547,136.44000244140625,136.4550018310547,13755.0
2026-03-06 16:21:00+00:00,136.4550018310547,136.5500030517578,136.31500244140625,136.44000244140625,20587.0
2026-03-06 16:22:00+00:00,136.44000244140625,136.47999572753906,136.36000061035156,136.36000061035156,9786.0
2026-03-06 16:23:00+00:00,136.3800048828125,136.46499633789062,136.32000732421875,136.46499633789062,8764.0
2026-03-06 16:24:00+00:00,136.43499755859375,136.7899932861328,136.39999389648438,136.72000122070312,14635.0
2026-03-06 16:25:00+00:00,136.7449951171875,136.8000030517578,136.67999267578125,136.69500732421875,11321.0
2026-03-06 16:26:00+00:00,136.69500732421875,136.69500732421875,136.60000610351562,136.61000061035156,6153.0
2026-03-06 16:27:00+00:00,136.63999938964844,136.69000244140625,136.50180053710938,136.50180053710938,9426.0
2026-03-06 16:28:00+00:00,136.5749969482422,136.6999969482422,136.5399932861328,136.5399932861328,4536.0
2026-03-06 16:29:00+00:00,136.6053009033203,136.77999877929688,136.58009338378906,136.77999877929688,5316.0
2026-03-06 16:30:00+00:00,136.72000122070312,136.77999877929688,136.52999877929688,136.57000732421875,12085.0
2026-03-06 16:31:00+00:00,136.61000061035156,136.6649932861328,136.5500030517578,136.6649932861328,10274.0
2026-03-06 16:32:00+00:00,136.74000549316406,136.74000549316406,136.6300048828125,136.7050018310547,3829.0
2026-03-06 16:33:00+00:00,136.6999969482422,136.6999969482422,136.50999450683594,136.55999755859375,7646.0
2026-03-06 16:34:00+00:00,136.52000427246094,136.57000732421875,136.42010498046875,136.57000732421875,8169.0
2026-03-06 16:35:00+00:00,136.5800018310547,136.62730407714844,136.52000427246094,136.52000427246094,6820.0
2026-03-06 16:36:00+00:00,136.51499938964844,136.69000244140625,136.51499938964844,136.69000244140625,9871.0
2026-03-06 16:37:00+00:00,136.64500427246094,136.80999755859375,136.6300048828125,136.73500061035156,16940.0
2026-03-06 16:38:00+00:00,136.72999572753906,136.8000030517578,136.72999572753906,136.75999450683594,4863.0
2026-03-06 16:39:00+00:00,136.75999450683594,136.76499938964844,136.55999755859375,136.6280059814453,20497.0
2026-03-06 16:40:00+00:00,136.67999267578125,136.67999267578125,136.52999877929688,136.61000061035156,9707.0
2026-03-06 16:41:00+00:00,136.61000061035156,136.67999267578125,136.5,136.52999877929688,18388.0
2026-03-06 16:42:00+00:00,136.5500030517578,136.58999633789062,136.5500030517578,136.57000732421875,3225.0
2026-03-06 16:43:00+00:00,136.57000732421875,136.67999267578125,136.57000732421875,136.63499450683594,11999.0
2026-03-06 16:44:00+00:00,136.59500122070312,136.6300048828125,136.4700927734375,136.59730529785156,12221.0
2026-03-06 16:45:00+00:00,136.57000732421875,136.6999969482422,136.57000732421875,136.68850708007812,8689.0
2026-03-06 16:46:00+00:00,136.6999969482422,136.83999633789062,136.6999969482422,136.74000549316406,18160.0
2026-03-06 16:47:00+00:00,136.7899932861328,136.81500244140625,136.60000610351562,136.60499572753906,8473.0
2026-03-06 16:48:00+00:00,136.58999633789062,136.6875,136.58999633789062,136.6875,2840.0
2026-03-06 16:49:00+00:00,136.7100067138672,136.75999450683594,136.63999938964844,136.63999938964844,5350.0
2026-03-06 16:50:00+00:00,136.6699981689453,136.77000427246094,136.6699981689453,136.74000549316406,8046.0
2026-03-06 16:51:00+00:00,136.7899932861328,136.80999755859375,136.74009704589844,136.77999877929688,7388.0
2026-03-06 16:52:00+00:00,136.8300018310547,136.8300018310547,136.75999450683594,136.7899932861328,4731.0
2026-03-06 16:53:00+00:00,136.75999450683594,136.8300018310547,136.69000244140625,136.75,7362.0
2026-03-06 16:54:00+00:00,136.75,136.75,136.63499450683594,136.63499450683594,5027.0
2026-03-06 16:55:00+00:00,136.625,136.72000122070312,136.61500549316406,136.72000122070312,9064.0
2026-03-06 16:56:00+00:00,136.67999267578125,136.69000244140625,136.57000732421875,136.6199951171875,10243.0
2026-03-06 16:57:00+00:00,136.6699981689453,136.80999755859375,136.6699981689453,136.77999877929688,3159.0
2026-03-06 16:58:00+00:00,136.74000549316406,136.8800048828125,136.7100067138672,136.8800048828125,4817.0
2026-03-06 16:59:00+00:00,136.8300018310547,136.8300018310547,136.75,136.75,5155.0
2026-03-06 17:00:00+00:00,136.7899932861328,136.80999755859375,136.66000366210938,136.7550048828125,28490.0
2026-03-06 17:01:00+00:00,136.69000244140625,136.85000610351562,136.69000244140625,136.85000610351562,8202.0
2026-03-06 17:02:00+00:00,136.77000427246094,136.8300018310547,136.75,136.77999877929688,5919.0
2026-03-06 17:03:00+00:00,136.72999572753906,136.88999938964844,136.72999572753906,136.875,4761.0
2026-03-06 17:04:00+00:00,136.9199981689453,137.05999755859375,136.9199981689453,136.99000549316406,29907.0
2026-03-06 17:05:00+00:00,136.99000549316406,136.99000549316406,136.91000366210938,136.91000366210938,3337.0
2026-03-06 17:06:00+00:00,136.9199981689453,136.97950744628906,136.67010498046875,136.67010498046875,12122.0
2026-03-06 17:07:00+00:00,136.73500061035156,136.77999877929688,136.69000244140625,136.77000427246094,5300.0
2026-03-06 17:08:00+00:00,136.8000030517578,136.8000030517578,136.6999969482422,136.72999572753906,4379.0
2026-03-06 17:09:00+00:00,136.69500732421875,136.74000549316406,136.63999938964844,136.63999938964844,11228.0
2026-03-06 17:10:00+00:00,136.69000244140625,136.75999450683594,136.69000244140625,136.72999572753906,2034.0
2026-03-06 17:11:00+00:00,136.77999877929688,136.91000366210938,136.7550048828125,136.85000610351562,9226.0
2026-03-06 17:12:00+00:00,136.86000061035156,136.86500549316406,136.67999267578125,136.73500061035156,7254.0
2026-03-06 17:13:00+00:00,136.69000244140625,136.7698974609375,136.6699981689453,136.67999267578125,8279.0
2026-03-06 17:14:00+00:00,136.66000366210938,136.66000366210938,136.6199951171875,136.63510131835938,4798.0
2026-03-06 17:15:00+00:00,136.6699981689453,136.72000122070312,136.61000061035156,136.63999938964844,3242.0
2026-03-06 17:16:00+00:00,136.6199951171875,136.67999267578125,136.52999877929688,136.64500427246094,16303.0
2026-03-06 17:17:00+00:00,136.64999389648438,136.67999267578125,136.58999633789062,136.63999938964844,5155.0
2026-03-06 17:18:00+00:00,136.67999267578125,136.69000244140625,136.59010314941406,136.67999267578125,3180.0
2026-03-06 17:19:00+00:00,136.68499755859375,136.74000549316406,136.66160583496094,136.74000549316406,6196.0
2026-03-06 17:20:00+00:00,136.77000427246094,136.8000030517578,136.69000244140625,136.77999877929688,16090.0
2026-03-06 17:21:00+00:00,136.69000244140625,136.8000030517578,136.69000244140625,136.74000549316406,6139.0
2026-03-06 17:22:00+00:00,136.77000427246094,136.99000549316406,136.77000427246094,136.91000366210938,7003.0
2026-03-06 17:23:00+00:00,136.93190002441406,136.93190002441406,136.7899932861328,136.7899932861328,6617.0
2026-03-06 17:24:00+00:00,136.81500244140625,136.81500244140625,136.7100067138672,136.7550048828125,3148.0
2026-03-06 17:25:00+00:00,136.7100067138672,136.7100067138672,136.5261993408203,136.5261993408203,13236.0
2026-03-06 17:26:00+00:00,136.5500030517578,136.5500030517578,136.39999389648438,136.42999267578125,3960.0
2026-03-06 17:27:00+00:00,136.39010620117188,136.42999267578125,136.33999633789062,136.42999267578125,10123.0
2026-03-06 17:28:00+00:00,136.39999389648438,136.47999572753906,136.39280700683594,136.46499633789062,4643.0
2026-03-06 17:29:00+00:00,136.52000427246094,136.55999755859375,136.4593963623047,136.47999572753906,8881.0
2026-03-06 17:30:00+00:00,136.47999572753906,136.50999450683594,136.43130493164062,136.50340270996094,2819.0
2026-03-06 17:31:00+00:00,136.47999572753906,136.50999450683594,136.47000122070312,136.47000122070312,2114.0
2026-03-06 17:32:00+00:00,136.52000427246094,136.52000427246094,136.3800048828125,136.4600067138672,7385.0
2026-03-06 17:33:00+00:00,136.4499969482422,136.57000732421875,136.4499969482422,136.57000732421875,6089.0
2026-03-06 17:34:00+00:00,136.58999633789062,136.65499877929688,136.54010009765625,136.5800018310547,4505.0
2026-03-06 17:35:00+00:00,136.5800018310547,136.61000061035156,136.46499633789062,136.52999877929688,11915.0
2026-03-06 17:36:00+00:00,136.4949951171875,136.57989501953125,136.3800048828125,136.3800048828125,7268.0
2026-03-06 17:37:00+00:00,136.31500244140625,136.32000732421875,136.31500244140625,136.32000732421875,1029.0
2026-03-06 17:38:00+00:00,136.3249969482422,136.3699951171875,136.27999877929688,136.35000610351562,5508.0
2026-03-06 17:39:00+00:00,136.35000610351562,136.3699951171875,136.27999877929688,136.3699951171875,4773.0
2026-03-06 17:40:00+00:00,136.4600067138672,136.46499633789062,136.27999877929688,136.27999877929688,11352.0
2026-03-06 17:41:00+00:00,136.24000549316406,136.35000610351562,136.24000549316406,136.30320739746094,5304.0
2026-03-06 17:42:00+00:00,136.35000610351562,136.35000610351562,136.26300048828125,136.30999755859375,2312.0
2026-03-06 17:43:00+00:00,136.30999755859375,136.36000061035156,136.2899932861328,136.3300018310547,3970.0
2026-03-06 17:44:00+00:00,136.35000610351562,136.4499969482422,136.35000610351562,136.38499450683594,5296.0
2026-03-06 17:45:00+00:00,136.39999389648438,136.4600067138672,136.32000732421875,136.4600067138672,12219.0
2026-03-06 17:46:00+00:00,136.49000549316406,136.52999877929688,136.44000244140625,136.49000549316406,4346.0
2026-03-06 17:47:00+00:00,136.52999877929688,136.5399932861328,136.4600067138672,136.5050048828125,3771.0
2026-03-06 17:48:00+00:00,136.5399932861328,136.5579071044922,136.47999572753906,136.5579071044922,4750.0
2026-03-06 17:49:00+00:00,136.59500122070312,136.65499877929688,136.58999633789062,136.64999389648438,3264.0
2026-03-06 17:50:00+00:00,136.64999389648438,136.81500244140625,136.64999389648438,136.80999755859375,4880.0
2026-03-06 17:51:00+00:00,136.81500244140625,136.81500244140625,136.67999267578125,136.7050018310547,11048.0
2026-03-06 17:52:00+00:00,136.69000244140625,136.69000244140625,136.61000061035156,136.63499450683594,9010.0
2026-03-06 17:53:00+00:00,136.6699981689453,136.69000244140625,136.61000061035156,136.6199951171875,5558.0
2026-03-06 17:54:00+00:00,136.6199951171875,136.66000366210938,136.47999572753906,136.5,8032.0
2026-03-06 17:55:00+00:00,136.47999572753906,136.55999755859375,136.3300018310547,136.3300018310547,3678.0
2026-03-06 17:56:00+00:00,136.3350067138672,136.50999450683594,136.3350067138672,136.4199981689453,4354.0
2026-03-06 17:57:00+00:00,136.46499633789062,136.52999877929688,136.3699951171875,136.44000244140625,5515.0
2026-03-06 17:58:00+00:00,136.41000366210938,136.4499969482422,136.3800048828125,136.39999389648438,2702.0
2026-03-06 17:59:00+00:00,136.44000244140625,136.44000244140625,136.40499877929688,136.40499877929688,2839.0
2026-03-06 18:00:00+00:00,136.40499877929688,136.52000427246094,136.3856964111328,136.46499633789062,3708.0
2026-03-06 18:01:00+00:00,136.47000122070312,136.67999267578125,136.47000122070312,136.67999267578125,7112.0
2026-03-06 18:02:00+00:00,136.67999267578125,136.74000549316406,136.6199951171875,136.74000549316406,11766.0
2026-03-06 18:03:00+00:00,136.67999267578125,136.72999572753906,136.6300048828125,136.6699981689453,9786.0
2026-03-06 18:04:00+00:00,136.6699981689453,136.75599670410156,136.59500122070312,136.6699981689453,10833.0
2026-03-06 18:05:00+00:00,136.67999267578125,136.8000030517578,136.67999267578125,136.8000030517578,4326.0
2026-03-06 18:06:00+00:00,136.83999633789062,136.889892578125,136.72000122070312,136.72000122070312,10024.0
2026-03-06 18:07:00+00:00,136.75,136.77999877929688,136.72999572753906,136.72999572753906,2690.0
2026-03-06 18:08:00+00:00,136.69500732421875,136.8800048828125,136.69500732421875,136.8300018310547,5305.0
2026-03-06 18:09:00+00:00,136.8300018310547,136.97000122070312,136.8300018310547,136.97000122070312,2520.0
2026-03-06 18:10:00+00:00,136.91000366210938,136.97000122070312,136.82249450683594,136.91000366210938,16642.0
2026-03-06 18:11:00+00:00,136.875,136.97999572753906,136.875,136.97999572753906,3045.0
2026-03-06 18:12:00+00:00,136.92999267578125,137.0800018310547,136.92999267578125,137.0399932861328,16968.0
2026-03-06 18:13:00+00:00,136.9949951171875,137.1472930908203,136.92999267578125,137.13999938964844,18464.0
2026-03-06 18:14:00+00:00,137.14999389648438,137.14999389648438,137.0399932861328,137.11920166015625,7633.0
2026-03-06 18:15:00+00:00,137.1199951171875,137.14999389648438,137.08999633789062,137.14999389648438,11517.0
2026-03-06 18:16:00+00:00,137.1649932861328,137.17999267578125,137.00999450683594,137.0449981689453,17003.0
2026-03-06 18:17:00+00:00,137.02999877929688,137.05999755859375,136.97500610351562,137.05999755859375,13578.0
2026-03-06 18:18:00+00:00,137.1199951171875,137.17990112304688,137.10499572753906,137.16000366210938,5962.0
2026-03-06 18:19:00+00:00,137.14999389648438,137.14999389648438,137.07000732421875,137.1300048828125,5931.0
2026-03-06 18:20:00+00:00,137.02999877929688,137.0800018310547,137.00999450683594,137.0399932861328,9818.0
2026-03-06 18:21:00+00:00,137.02499389648438,137.05999755859375,137.02499389648438,137.05999755859375,1737.0
2026-03-06 18:22:00+00:00,137.01499938964844,137.01499938964844,136.77000427246094,136.78500366210938,15084.0
2026-03-06 18:23:00+00:00,136.8300018310547,136.904296875,136.80499267578125,136.86000061035156,4098.0
2026-03-06 18:24:00+00:00,136.86000061035156,136.86000061035156,136.7449951171875,136.7449951171875,9777.0
2026-03-06 18:25:00+00:00,136.72999572753906,136.8800048828125,136.67010498046875,136.82000732421875,17486.0
2026-03-06 18:26:00+00:00,136.77999877929688,136.85000610351562,136.77999877929688,136.80999755859375,5568.0
2026-03-06 18:27:00+00:00,136.77999877929688,136.8300018310547,136.6199951171875,136.6199951171875,14355.0
2026-03-06 18:28:00+00:00,136.64999389648438,136.69000244140625,136.57000732421875,136.57000732421875,9095.0
2026-03-06 18:29:00+00:00,136.5308074951172,136.6300048828125,136.52499389648438,136.6300048828125,4436.0
2026-03-06 18:30:00+00:00,136.6300048828125,136.67999267578125,136.61000061035156,136.63999938964844,5139.0
2026-03-06 18:31:00+00:00,136.69000244140625,136.75,136.67999267578125,136.7100067138672,8610.0
2026-03-06 18:32:00+00:00,136.74000549316406,136.82000732421875,136.73080444335938,136.75,11328.0
2026-03-06 18:33:00+00:00,136.77999877929688,136.77999877929688,136.64010620117188,136.66000366210938,8414.0
2026-03-06 18:34:00+00:00,136.67999267578125,136.82000732421875,136.67999267578125,136.82000732421875,6377.0
2026-03-06 18:35:00+00:00,136.77000427246094,136.78500366210938,136.66000366210938,136.66000366210938,7604.0
2026-03-06 18:36:00+00:00,136.71499633789062,136.71499633789062,136.5800018310547,136.60499572753906,8670.0
2026-03-06 18:37:00+00:00,136.60499572753906,136.64999389648438,136.47999572753906,136.52999877929688,6362.0
2026-03-06 18:38:00+00:00,136.52999877929688,136.60000610351562,136.52999877929688,136.60000610351562,4406.0
2026-03-06 18:39:00+00:00,136.63999938964844,136.63999938964844,136.5500030517578,136.5500030517578,3447.0
2026-03-06 18:40:00+00:00,136.5800018310547,136.63999938964844,136.52000427246094,136.55499267578125,4568.0
2026-03-06 18:41:00+00:00,136.60000610351562,136.64999389648438,136.57000732421875,136.5800018310547,3232.0
2026-03-06 18:42:00+00:00,136.6300048828125,136.63999938964844,136.5500030517578,136.5749969482422,12420.0
2026-03-06 18:43:00+00:00,136.57000732421875,136.7100067138672,136.57000732421875,136.6199951171875,5602.0
2026-03-06 18:44:00+00:00,136.7100067138672,136.72000122070312,136.63999938964844,136.6699981689453,19900.0
2026-03-06 18:45:00+00:00,136.6999969482422,136.7100067138672,136.6300048828125,136.7100067138672,9428.0
2026-03-06 18:46:00+00:00,136.67880249023438,136.72999572753906,136.66000366210938,136.69749450683594,9330.0
2026-03-06 18:47:00+00:00,136.69500732421875,136.7899932861328,136.63999938964844,136.6999969482422,11183.0
2026-03-06 18:48:00+00:00,136.7270965576172,136.7899932861328,136.66000366210938,136.69000244140625,23280.0
2026-03-06 18:49:00+00:00,136.69000244140625,136.77999877929688,136.6699981689453,136.77999877929688,6519.0
2026-03-06 18:50:00+00:00,136.72500610351562,136.75999450683594,136.61000061035156,136.6300048828125,63668.0
2026-03-06 18:51:00+00:00,136.61500549316406,136.6300048828125,136.5,136.51499938964844,16758.0
2026-03-06 18:52:00+00:00,136.51499938964844,136.5500030517578,136.44000244140625,136.51499938964844,13434.0
2026-03-06 18:53:00+00:00,136.5050048828125,136.5050048828125,136.4550018310547,136.4550018310547,9872.0
2026-03-06 18:54:00+00:00,136.42999267578125,136.47000122070312,136.35000610351562,136.47000122070312,19507.0
2026-03-06 18:55:00+00:00,136.42999267578125,136.4600067138672,136.2899932861328,136.44000244140625,65385.0
2026-03-06 18:56:00+00:00,136.44500732421875,136.47999572753906,136.4199981689453,136.46499633789062,3422.0
2026-03-06 18:57:00+00:00,136.46499633789062,136.55670166015625,136.22999572753906,136.30999755859375,29733.0
2026-03-06 18:58:00+00:00,136.3300018310547,136.3300018310547,136.1699981689453,136.2550048828125,6663.0
2026-03-06 18:59:00+00:00,136.2449951171875,136.25999450683594,136.19000244140625,136.19000244140625,3475.0
2026-03-06 19:00:00+00:00,136.17999267578125,136.2050018310547,136.11000061035156,136.2050018310547,17842.0
2026-03-06 19:01:00+00:00,136.2050018310547,136.2899932861328,136.17999267578125,136.28500366210938,6377.0
2026-03-06 19:02:00+00:00,136.2899932861328,136.2899932861328,136.1300048828125,136.22999572753906,54400.0
2026-03-06 19:03:00+00:00,136.22999572753906,136.3800048828125,136.19500732421875,136.30999755859375,41972.0
2026-03-06 19:04:00+00:00,136.31939697265625,136.31939697265625,136.25999450683594,136.2949981689453,6184.0
2026-03-06 19:05:00+00:00,136.3000030517578,136.3000030517578,136.1199951171875,136.23899841308594,19482.0
2026-03-06 19:06:00+00:00,136.10000610351562,136.19000244140625,136.05499267578125,136.125,8642.0
2026-03-06 19:07:00+00:00,136.16000366210938,136.2899932861328,136.16000366210938,136.25900268554688,3448.0
2026-03-06 19:08:00+00:00,136.19900512695312,136.19900512695312,136.0399932861328,136.0399932861328,4663.0
2026-03-06 19:09:00+00:00,136.10499572753906,136.1300048828125,136.06509399414062,136.0800018310547,9776.0
2026-03-06 19:10:00+00:00,136.0749969482422,136.24000549316406,136.0749969482422,136.19000244140625,13137.0
2026-03-06 19:11:00+00:00,136.17999267578125,136.24000549316406,136.08999633789062,136.08999633789062,12252.0
2026-03-06 19:12:00+00:00,136.1387939453125,136.16000366210938,136.00210571289062,136.00210571289062,12267.0
2026-03-06 19:13:00+00:00,136.08999633789062,136.1385955810547,136.05499267578125,136.1385955810547,3423.0
2026-03-06 19:14:00+00:00,136.11500549316406,136.13999938964844,136.05999755859375,136.13999938964844,15370.0
2026-03-06 19:15:00+00:00,136.1199951171875,136.1199951171875,136.0500030517578,136.10499572753906,4778.0
2026-03-06 19:16:00+00:00,136.10000610351562,136.16000366210938,136.07000732421875,136.07000732421875,6151.0
2026-03-06 19:17:00+00:00,136.0800018310547,136.08999633789062,136.0,136.02000427246094,18993.0
2026-03-06 19:18:00+00:00,135.9949951171875,136.08999633789062,135.98500061035156,135.98500061035156,8055.0
2026-03-06 19:19:00+00:00,135.98500061035156,136.05999755859375,135.94749450683594,136.02000427246094,17592.0
2026-03-06 19:20:00+00:00,135.96499633789062,135.96499633789062,135.7899932861328,135.86500549316406,13893.0
2026-03-06 19:21:00+00:00,135.86500549316406,135.86500549316406,135.80999755859375,135.80999755859375,2760.0
2026-03-06 19:22:00+00:00,135.80999755859375,135.91000366210938,135.80999755859375,135.85499572753906,5608.0
2026-03-06 19:23:00+00:00,135.85000610351562,135.97999572753906,135.74000549316406,135.92999267578125,16474.0
2026-03-06 19:24:00+00:00,135.88999938964844,135.89500427246094,135.85000610351562,135.85000610351562,4657.0
2026-03-06 19:25:00+00:00,135.80999755859375,135.8300018310547,135.72999572753906,135.74000549316406,5715.0
2026-03-06 19:26:00+00:00,135.7899932861328,136.00999450683594,135.77999877929688,135.94000244140625,15632.0
2026-03-06 19:27:00+00:00,135.9600067138672,136.1199951171875,135.9600067138672,136.08880615234375,8108.0
2026-03-06 19:28:00+00:00,136.07000732421875,136.14500427246094,136.02099609375,136.0800018310547,21684.0
2026-03-06 19:29:00+00:00,136.06320190429688,136.14999389648438,136.04100036621094,136.0800018310547,5096.0
2026-03-06 19:30:00+00:00,136.0800018310547,136.2100067138672,136.0500030517578,136.0500030517578,14899.0
2026-03-06 19:31:00+00:00,136.02999877929688,136.2100067138672,136.02000427246094,136.16000366210938,9325.0
2026-03-06 19:32:00+00:00,136.11000061035156,136.11000061035156,136.00999450683594,136.00999450683594,7338.0
2026-03-06 19:33:00+00:00,136.0500030517578,136.14999389648438,136.0500030517578,136.10000610351562,7660.0
2026-03-06 19:34:00+00:00,136.10000610351562,136.16000366210938,136.0399932861328,136.0399932861328,10348.0
2026-03-06 19:35:00+00:00,136.0500030517578,136.17999267578125,136.0,136.0,15191.0
2026-03-06 19:36:00+00:00,136.00999450683594,136.10000610351562,135.9600067138672,136.10000610351562,8900.0
2026-03-06 19:37:00+00:00,136.0800018310547,136.2050018310547,136.03289794921875,136.13999938964844,27637.0
2026-03-06 19:38:00+00:00,136.0850067138672,136.0850067138672,135.9149932861328,135.99000549316406,10974.0
2026-03-06 19:39:00+00:00,135.9949951171875,136.0500030517578,135.97500610351562,136.04010009765625,3411.0
2026-03-06 19:40:00+00:00,136.10000610351562,136.32000732421875,136.10000610351562,136.32000732421875,8550.0
2026-03-06 19:41:00+00:00,136.3000030517578,136.32000732421875,136.22999572753906,136.30999755859375,10476.0
2026-03-06 19:42:00+00:00,136.3699951171875,136.39999389648438,136.3300018310547,136.3437042236328,3231.0
2026-03-06 19:43:00+00:00,136.3800048828125,136.4600067138672,136.36500549316406,136.4499969482422,7209.0
2026-03-06 19:44:00+00:00,136.4600067138672,136.4600067138672,136.25,136.26510620117188,12761.0
2026-03-06 19:45:00+00:00,136.19000244140625,136.24000549316406,136.1699981689453,136.1999969482422,6128.0
2026-03-06 19:46:00+00:00,136.1699981689453,136.1999969482422,136.0500030517578,136.1999969482422,4416.0
2026-03-06 19:47:00+00:00,136.13999938964844,136.13999938964844,135.97999572753906,135.97999572753906,6559.0
2026-03-06 19:48:00+00:00,135.97999572753906,136.10000610351562,135.97999572753906,136.0749969482422,6973.0
2026-03-06 19:49:00+00:00,136.0749969482422,136.1199951171875,136.06500244140625,136.06500244140625,2695.0
2026-03-06 19:50:00+00:00,136.11000061035156,136.1199951171875,135.9499969482422,135.9499969482422,11092.0
2026-03-06 19:51:00+00:00,136.00999450683594,136.02000427246094,135.9499969482422,135.9499969482422,3999.0
2026-03-06 19:52:00+00:00,135.89999389648438,136.08999633789062,135.89999389648438,136.08999633789062,8507.0
2026-03-06 19:53:00+00:00,136.08999633789062,136.1425018310547,136.02000427246094,136.0749969482422,9810.0
2026-03-06 19:54:00+00:00,136.10000610351562,136.22999572753906,136.0500030517578,136.1699981689453,9004.0
2026-03-06 19:55:00+00:00,136.1750030517578,136.22999572753906,136.16000366210938,136.16000366210938,5636.0
2026-03-06 19:56:00+00:00,136.24000549316406,136.30999755859375,136.13499450683594,136.1999969482422,39879.0
2026-03-06 19:57:00+00:00,136.1999969482422,136.1999969482422,136.110107421875,136.15499877929688,8018.0
2026-03-06 19:58:00+00:00,136.1300048828125,136.2100067138672,135.97000122070312,135.99000549316406,88617.0
2026-03-06 19:59:00+00:00,135.97999572753906,136.0,135.8800048828125,136.0,21531.0
2026-03-06 20:00:00+00:00,136.00999450683594,136.10000610351562,135.98500061035156,136.07000732421875,12895.0
2026-03-06 20:01:00+00:00,136.07000732421875,136.17999267578125,135.97000122070312,136.17999267578125,30073.0
2026-03-06 20:02:00+00:00,136.2100067138672,136.28050231933594,136.11500549316406,136.11500549316406,18742.0
2026-03-06 20:03:00+00:00,136.16000366210938,136.3000030517578,136.16000366210938,136.3000030517578,10167.0
2026-03-06 20:04:00+00:00,136.22999572753906,136.41990661621094,136.22999572753906,136.41990661621094,12359.0
2026-03-06 20:05:00+00:00,136.42999267578125,136.42999267578125,136.30499267578125,136.3300018310547,10053.0
2026-03-06 20:06:00+00:00,136.32000732421875,136.38999938964844,136.24000549316406,136.38999938964844,16804.0
2026-03-06 20:07:00+00:00,136.3300018310547,136.38499450683594,136.2100067138672,136.2100067138672,17472.0
2026-03-06 20:08:00+00:00,136.17999267578125,136.18499755859375,136.00010681152344,136.00010681152344,7097.0
2026-03-06 20:09:00+00:00,136.0050048828125,136.00889587402344,135.94000244140625,135.97999572753906,6025.0
2026-03-06 20:10:00+00:00,136.0,136.0399932861328,135.77999877929688,135.77999877929688,18023.0
2026-03-06 20:11:00+00:00,135.78500366210938,135.83999633789062,135.72999572753906,135.8350067138672,23699.0
2026-03-06 20:12:00+00:00,135.8350067138672,135.94000244140625,135.8350067138672,135.84500122070312,9260.0
2026-03-06 20:13:00+00:00,135.84500122070312,135.85000610351562,135.76829528808594,135.83999633789062,6515.0
2026-03-06 20:14:00+00:00,135.86000061035156,135.9600067138672,135.8300018310547,135.9499969482422,15453.0
2026-03-06 20:15:00+00:00,135.94500732421875,135.97999572753906,135.83999633789062,135.83999633789062,13234.0
2026-03-06 20:16:00+00:00,135.83999633789062,135.94500732421875,135.8000030517578,135.82000732421875,34131.0
2026-03-06 20:17:00+00:00,135.83999633789062,135.9499969482422,135.82000732421875,135.88499450683594,19792.0
2026-03-06 20:18:00+00:00,135.88499450683594,135.92999267578125,135.8000030517578,135.92999267578125,14509.0
2026-03-06 20:19:00+00:00,135.91000366210938,136.00999450683594,135.86239624023438,135.86239624023438,18362.0
2026-03-06 20:20:00+00:00,135.83999633789062,135.89999389648438,135.8000030517578,135.86500549316406,12026.0
2026-03-06 20:21:00+00:00,135.8699951171875,135.8699951171875,135.60000610351562,135.6999969482422,20672.0
2026-03-06 20:22:00+00:00,135.6699981689453,135.6699981689453,135.52499389648438,135.52499389648438,12831.0
2026-03-06 20:23:00+00:00,135.49000549316406,135.5399932861328,135.3699951171875,135.49000549316406,72354.0
2026-03-06 20:24:00+00:00,135.48500061035156,135.52000427246094,135.3699951171875,135.44000244140625,44605.0
2026-03-06 20:25:00+00:00,135.4250030517578,135.4499969482422,135.39999389648438,135.41009521484375,13907.0
2026-03-06 20:26:00+00:00,135.42909240722656,135.47000122070312,135.29010009765625,135.29010009765625,29065.0
2026-03-06 20:27:00+00:00,135.3300018310547,135.3300018310547,135.17999267578125,135.21800231933594,16710.0
2026-03-06 20:28:00+00:00,135.25999450683594,135.36000061035156,135.1999969482422,135.1999969482422,12180.0
2026-03-06 20:29:00+00:00,135.1699981689453,135.2899932861328,135.1699981689453,135.2899932861328,15238.0
2026-03-06 20:30:00+00:00,135.16000366210938,135.44000244140625,135.16000366210938,135.4149932861328,31152.0
2026-03-06 20:31:00+00:00,135.42999267578125,135.44000244140625,135.24000549316406,135.25999450683594,32857.0
2026-03-06 20:32:00+00:00,135.24009704589844,135.33999633789062,135.08999633789062,135.10000610351562,32259.0
2026-03-06 20:33:00+00:00,135.1300048828125,135.17999267578125,135.07000732421875,135.10499572753906,32529.0
2026-03-06 20:34:00+00:00,135.0800018310547,135.08999633789062,134.97000122070312,134.99000549316406,30935.0
2026-03-06 20:35:00+00:00,134.9600067138672,134.97999572753906,134.8699951171875,134.97999572753906,53114.0
2026-03-06 20:36:00+00:00,134.96499633789062,134.97999572753906,134.8350067138672,134.88999938964844,51336.0
2026-03-06 20:37:00+00:00,134.8800048828125,134.9600067138672,134.8000030517578,134.8800048828125,35169.0
2026-03-06 20:38:00+00:00,134.92999267578125,134.97000122070312,134.8000030517578,134.8350067138672,13169.0
2026-03-06 20:39:00+00:00,134.8800048828125,135.17999267578125,134.8800048828125,135.13510131835938,44535.0
2026-03-06 20:40:00+00:00,135.13999938964844,135.55999755859375,135.02999877929688,135.44000244140625,60443.0
2026-03-06 20:41:00+00:00,135.5399932861328,135.57000732421875,135.36500549316406,135.5500030517578,21656.0
2026-03-06 20:42:00+00:00,135.54010009765625,135.63999938964844,135.4600067138672,135.6300048828125,43059.0
2026-03-06 20:43:00+00:00,135.57000732421875,135.66000366210938,135.50999450683594,135.60000610351562,40882.0
2026-03-06 20:44:00+00:00,135.61000061035156,135.6199951171875,135.5,135.61000061035156,29174.0
2026-03-06 20:45:00+00:00,135.6199951171875,135.6300048828125,135.52999877929688,135.60000610351562,13693.0
2026-03-06 20:46:00+00:00,135.64999389648438,135.77000427246094,135.64999389648438,135.72000122070312,18175.0
2026-03-06 20:47:00+00:00,135.6699981689453,135.80999755859375,135.63499450683594,135.77000427246094,19928.0
2026-03-06 20:48:00+00:00,135.74000549316406,135.85000610351562,135.69000244140625,135.77000427246094,28621.0
2026-03-06 20:49:00+00:00,135.80999755859375,135.89999389648438,135.80999755859375,135.85499572753906,25032.0
2026-03-06 20:50:00+00:00,135.82000732421875,136.08999633789062,135.59500122070312,135.59500122070312,78736.0
2026-03-06 20:51:00+00:00,135.60000610351562,135.72000122070312,135.49000549316406,135.6750030517578,61481.0
2026-03-06 20:52:00+00:00,135.67999267578125,135.85000610351562,135.6300048828125,135.83999633789062,35611.0
2026-03-06 20:53:00+00:00,135.85000610351562,135.85000610351562,135.73699951171875,135.74000549316406,44216.0
2026-03-06 20:54:00+00:00,135.72999572753906,135.75,135.5,135.6199951171875,44817.0
2026-03-06 20:55:00+00:00,135.55999755859375,135.57000732421875,135.35000610351562,135.4499969482422,72394.0
2026-03-06 20:56:00+00:00,135.4600067138672,135.55999755859375,135.4499969482422,135.5449981689453,62353.0
2026-03-06 20:57:00+00:00,135.5500030517578,135.75999450683594,135.522705078125,135.75999450683594,73971.0
2026-03-06 20:58:00+00:00,135.75,135.82000732421875,135.72999572753906,135.76499938964844,107156.0
2026-03-06 20:59:00+00:00,135.75999450683594,135.7899932861328,135.6199951171875,135.69000244140625,260079.0
2026-03-09 13:30:00+00:00,133.49000549316406,134.87579345703125,133.32000732421875,134.87579345703125,257807.0
2026-03-09 13:31:00+00:00,134.66000366210938,134.92999267578125,134.52999877929688,134.70089721679688,17900.0
2026-03-09 13:32:00+00:00,134.75999450683594,134.77000427246094,134.41000366210938,134.67999267578125,23605.0
2026-03-09 13:33:00+00:00,134.74000549316406,134.85000610351562,134.47000122070312,134.50970458984375,20690.0
2026-03-09 13:34:00+00:00,134.5500030517578,134.5800018310547,133.75999450683594,133.92999267578125,19515.0
2026-03-09 13:35:00+00:00,133.97000122070312,134.0800018310547,133.84010314941406,134.031005859375,12061.0
2026-03-09 13:36:00+00:00,133.8800048828125,133.91000366210938,133.5399932861328,133.5399932861328,23802.0
2026-03-09 13:37:00+00:00,133.5399932861328,133.6199951171875,133.3800048828125,133.47000122070312,9134.0
2026-03-09 13:38:00+00:00,133.4095001220703,133.6204071044922,133.3300018310547,133.3300018310547,25618.0
2026-03-09 13:39:00+00:00,133.35499572753906,133.57989501953125,133.3249969482422,133.4250030517578,15246.0
2026-03-09 13:40:00+00:00,133.35000610351562,133.4600067138672,133.08999633789062,133.13999938964844,61454.0
2026-03-09 13:41:00+00:00,133.1199951171875,133.2899932861328,133.08009338378906,133.2449951171875,17264.0
2026-03-09 13:42:00+00:00,133.2449951171875,133.2899932861328,133.0500030517578,133.0800018310547,28939.0
2026-03-09 13:43:00+00:00,133.11500549316406,133.36000061035156,133.11500549316406,133.2449951171875,14775.0
2026-03-09 13:44:00+00:00,133.2449951171875,133.52000427246094,133.2449951171875,133.4949951171875,36184.0
2026-03-09 13:45:00+00:00,133.47000122070312,133.47000122070312,133.11000061035156,133.11000061035156,23980.0
2026-03-09 13:46:00+00:00,133.2100067138672,133.42999267578125,133.05020141601562,133.1999969482422,29332.0
2026-03-09 13:47:00+00:00,133.19000244140625,133.3699951171875,133.13499450683594,133.32159423828125,8964.0
2026-03-09 13:48:00+00:00,133.22000122070312,133.2949981689453,133.10000610351562,133.13499450683594,13092.0
2026-03-09 13:49:00+00:00,133.1300048828125,133.13999938964844,132.66000366210938,132.66000366210938,28810.0
2026-03-09 13:50:00+00:00,132.6300048828125,132.7100067138672,132.4600067138672,132.49000549316406,19566.0
2026-03-09 13:51:00+00:00,132.52999877929688,132.66000366210938,132.52999877929688,132.66000366210938,8451.0
2026-03-09 13:52:00+00:00,132.66000366210938,132.92999267578125,132.61000061035156,132.77999877929688,29164.0
2026-03-09 13:53:00+00:00,132.75999450683594,132.8300018310547,132.67999267578125,132.67999267578125,12106.0
2026-03-09 13:54:00+00:00,132.6300048828125,132.67999267578125,132.5399932861328,132.5399932861328,28552.0
2026-03-09 13:55:00+00:00,132.52000427246094,133.07000732421875,132.5,132.97999572753906,18762.0
2026-03-09 13:56:00+00:00,133.0500030517578,133.3350067138672,133.02999877929688,133.27000427246094,13891.0
2026-03-09 13:57:00+00:00,133.3300018310547,133.66990661621094,133.3300018310547,133.66990661621094,12742.0
2026-03-09 13:58:00+00:00,133.57510375976562,133.72000122070312,133.42999267578125,133.4385986328125,12604.0
2026-03-09 13:59:00+00:00,133.49000549316406,133.5,133.22999572753906,133.27499389648438,23036.0
2026-03-09 14:00:00+00:00,133.27499389648438,133.69000244140625,133.26100158691406,133.67999267578125,12198.0
2026-03-09 14:01:00+00:00,133.7449951171875,133.93499755859375,133.72000122070312,133.84249877929688,15977.0
2026-03-09 14:02:00+00:00,133.8699951171875,134.03500366210938,133.8699951171875,134.02499389648438,8655.0
2026-03-09 14:03:00+00:00,134.15499877929688,134.30999755859375,134.15499877929688,134.19000244140625,11018.0
2026-03-09 14:04:00+00:00,134.22500610351562,134.33999633789062,134.14999389648438,134.3000030517578,12918.0
2026-03-09 14:05:00+00:00,134.2949981689453,134.3699951171875,133.89100646972656,133.89100646972656,21662.0
2026-03-09 14:06:00+00:00,133.82000732421875,133.9499969482422,133.63499450683594,133.88999938964844,20412.0
2026-03-09 14:07:00+00:00,133.94000244140625,134.10499572753906,133.8699951171875,134.10499572753906,11233.0
2026-03-09 14:08:00+00:00,134.10499572753906,134.13499450683594,133.7100067138672,133.7550048828125,19678.0
2026-03-09 14:09:00+00:00,133.66000366210938,133.66000366210938,133.55999755859375,133.59500122070312,11503.0
2026-03-09 14:10:00+00:00,133.59500122070312,133.77560424804688,133.5850067138672,133.68499755859375,10280.0
2026-03-09 14:11:00+00:00,133.64999389648438,133.64999389648438,133.44000244140625,133.51499938964844,19490.0
2026-03-09 14:12:00+00:00,133.52000427246094,133.6999053955078,133.42999267578125,133.4600067138672,11219.0
2026-03-09 14:13:00+00:00,133.4600067138672,133.64349365234375,133.35000610351562,133.46009826660156,17855.0
2026-03-09 14:14:00+00:00,133.5,133.5500030517578,133.375,133.4199981689453,21994.0
2026-03-09 14:15:00+00:00,133.4199981689453,133.60000610351562,133.4199981689453,133.49000549316406,10972.0
2026-03-09 14:16:00+00:00,133.49000549316406,133.75,133.35000610351562,133.67999267578125,28672.0
2026-03-09 14:17:00+00:00,133.7100067138672,133.75999450683594,133.6300048828125,133.65499877929688,33460.0
2026-03-09 14:18:00+00:00,133.5814971923828,133.75999450683594,133.5814971923828,133.66000366210938,12388.0
2026-03-09 14:19:00+00:00,133.6999969482422,133.77999877929688,133.5399932861328,133.58999633789062,18957.0
2026-03-09 14:20:00+00:00,133.5500030517578,133.66000366210938,133.5500030517578,133.64999389648438,8798.0
2026-03-09 14:21:00+00:00,133.61000061035156,133.61000061035156,133.33999633789062,133.4149932861328,19432.0
2026-03-09 14:22:00+00:00,133.5,133.99000549316406,133.5,133.99000549316406,13464.0
2026-03-09 14:23:00+00:00,133.9600067138672,134.19500732421875,133.9499969482422,134.16000366210938,20311.0
2026-03-09 14:24:00+00:00,134.1199951171875,134.35000610351562,134.0800018310547,134.3000030517578,52474.0
2026-03-09 14:25:00+00:00,134.27999877929688,134.47000122070312,134.27000427246094,134.47000122070312,16230.0
2026-03-09 14:26:00+00:00,134.42999267578125,134.42999267578125,134.10000610351562,134.1999969482422,16264.0
2026-03-09 14:27:00+00:00,134.24000549316406,134.24000549316406,134.0399932861328,134.0850067138672,12387.0
2026-03-09 14:28:00+00:00,134.13999938964844,134.31500244140625,134.13999938964844,134.22000122070312,17623.0
2026-03-09 14:29:00+00:00,134.2899932861328,134.2899932861328,134.08999633789062,134.08999633789062,10534.0
2026-03-09 14:30:00+00:00,134.16000366210938,134.3350067138672,134.13999938964844,134.22999572753906,14783.0
2026-03-09 14:31:00+00:00,134.24119567871094,134.36000061035156,134.1999969482422,134.3249969482422,8977.0
2026-03-09 14:32:00+00:00,134.27000427246094,134.30499267578125,134.02999877929688,134.0399932861328,20078.0
2026-03-09 14:33:00+00:00,134.02999877929688,134.0399932861328,133.83999633789062,133.91000366210938,23457.0
2026-03-09 14:34:00+00:00,133.88999938964844,133.9499969482422,133.83999633789062,133.9499969482422,8868.0
2026-03-09 14:35:00+00:00,133.8699951171875,133.89999389648438,133.75,133.88999938964844,19237.0
2026-03-09 14:36:00+00:00,133.89999389648438,134.05499267578125,133.88999938964844,133.9949951171875,13759.0
2026-03-09 14:37:00+00:00,133.92990112304688,134.2899932861328,133.8699951171875,134.24000549316406,15631.0
2026-03-09 14:38:00+00:00,134.3000030517578,134.49000549316406,134.3000030517578,134.47999572753906,10989.0
2026-03-09 14:39:00+00:00,134.47000122070312,134.52999877929688,134.4199981689453,134.47000122070312,7562.0
2026-03-09 14:40:00+00:00,134.47000122070312,134.55999755859375,134.41000366210938,134.55999755859375,20466.0
2026-03-09 14:41:00+00:00,134.5500030517578,134.64999389648438,134.52999877929688,134.60499572753906,7024.0
2026-03-09 14:42:00+00:00,134.64999389648438,134.8300018310547,134.5290985107422,134.8300018310547,12096.0
2026-03-09 14:43:00+00:00,134.84500122070312,134.84500122070312,134.72000122070312,134.7899932861328,17825.0
2026-03-09 14:44:00+00:00,134.82000732421875,135.0399932861328,134.80999755859375,135.0399932861328,18695.0
2026-03-09 14:45:00+00:00,135.0800018310547,135.22000122070312,135.0399932861328,135.22000122070312,12728.0
2026-03-09 14:46:00+00:00,135.25,135.3000030517578,135.13999938964844,135.28500366210938,12788.0
2026-03-09 14:47:00+00:00,135.3249969482422,135.3699951171875,135.27999877929688,135.29710388183594,10913.0
2026-03-09 14:48:00+00:00,135.27999877929688,135.35000610351562,135.27999877929688,135.33999633789062,10791.0
2026-03-09 14:49:00+00:00,135.3300018310547,135.33999633789062,135.16000366210938,135.24000549316406,14433.0
2026-03-09 14:50:00+00:00,135.24000549316406,135.25,135.03500366210938,135.11000061035156,13473.0
2026-03-09 14:51:00+00:00,135.1199951171875,135.24000549316406,135.11000061035156,135.1199951171875,12906.0
2026-03-09 14:52:00+00:00,135.18499755859375,135.4550018310547,135.18499755859375,135.4499969482422,13548.0
2026-03-09 14:53:00+00:00,135.42999267578125,135.52999877929688,135.37249755859375,135.38499450683594,36785.0
2026-03-09 14:54:00+00:00,135.33999633789062,135.41000366210938,135.32000732421875,135.33999633789062,13510.0
2026-03-09 14:55:00+00:00,135.41000366210938,135.41000366210938,135.3300018310547,135.39999389648438,5736.0
2026-03-09 14:56:00+00:00,135.4600067138672,135.4600067138672,134.99000549316406,135.13999938964844,26426.0
2026-03-09 14:57:00+00:00,135.17999267578125,135.31199645996094,135.17999267578125,135.25999450683594,4800.0
2026-03-09 14:58:00+00:00,135.2301025390625,135.2301025390625,135.08999633789062,135.18679809570312,11117.0
2026-03-09 14:59:00+00:00,135.1300048828125,135.17999267578125,134.99000549316406,135.07000732421875,17375.0
2026-03-09 15:00:00+00:00,135.0800018310547,135.3125,135.05999755859375,135.1313018798828,21629.0
2026-03-09 15:01:00+00:00,135.19500732421875,135.27000427246094,135.02000427246094,135.27000427246094,18460.0
2026-03-09 15:02:00+00:00,135.25,135.38999938964844,135.1699981689453,135.3699951171875,13548.0
2026-03-09 15:03:00+00:00,135.34500122070312,135.34500122070312,135.10000610351562,135.19500732421875,15943.0
2026-03-09 15:04:00+00:00,135.22999572753906,135.25,135.17999267578125,135.18499755859375,8504.0
2026-03-09 15:05:00+00:00,135.18499755859375,135.18499755859375,135.03439331054688,135.1699981689453,11951.0
2026-03-09 15:06:00+00:00,135.2100067138672,135.27999877929688,135.1999969482422,135.2550048828125,10648.0
2026-03-09 15:07:00+00:00,135.2550048828125,135.375,135.2100067138672,135.27000427246094,16078.0
2026-03-09 15:08:00+00:00,135.2969970703125,135.46499633789062,135.2969970703125,135.42999267578125,8248.0
2026-03-09 15:09:00+00:00,135.42999267578125,135.42999267578125,135.33999633789062,135.41000366210938,13878.0
2026-03-09 15:10:00+00:00,135.4149932861328,135.5800018310547,135.27000427246094,135.5800018310547,24482.0
2026-03-09 15:11:00+00:00,135.62989807128906,135.62989807128906,135.50999450683594,135.57000732421875,13212.0
2026-03-09 15:12:00+00:00,135.57000732421875,135.7100067138672,135.5449981689453,135.64999389648438,14985.0
2026-03-09 15:13:00+00:00,135.65499877929688,135.80999755859375,135.63999938964844,135.75999450683594,10262.0
2026-03-09 15:14:00+00:00,135.74000549316406,135.75999450683594,135.5800018310547,135.6750030517578,15039.0
2026-03-09 15:15:00+00:00,135.6750030517578,135.74000549316406,135.6699981689453,135.67999267578125,7795.0
2026-03-09 15:16:00+00:00,135.6999969482422,135.75999450683594,135.61000061035156,135.73500061035156,8038.0
2026-03-09 15:17:00+00:00,135.73500061035156,135.8300018310547,135.72999572753906,135.72999572753906,14935.0
2026-03-09 15:18:00+00:00,135.6999969482422,135.6999969482422,135.66000366210938,135.6999969482422,7078.0
2026-03-09 15:19:00+00:00,135.7050018310547,135.7050018310547,135.52000427246094,135.64999389648438,14732.0
2026-03-09 15:20:00+00:00,135.63999938964844,135.7550048828125,135.5800018310547,135.7550048828125,9496.0
2026-03-09 15:21:00+00:00,135.7550048828125,135.83999633789062,135.7100067138672,135.75999450683594,9966.0
2026-03-09 15:22:00+00:00,135.8000030517578,135.80999755859375,135.74000549316406,135.75,12021.0
2026-03-09 15:23:00+00:00,135.8000030517578,135.80999755859375,135.72000122070312,135.75999450683594,11602.0
2026-03-09 15:24:00+00:00,135.77999877929688,135.8800048828125,135.75,135.83999633789062,7523.0
2026-03-09 15:25:00+00:00,135.7899932861328,135.86000061035156,135.7050018310547,135.86000061035156,11940.0
2026-03-09 15:26:00+00:00,135.89999389648438,136.0,135.75,135.82000732421875,55146.0
2026-03-09 15:27:00+00:00,135.8300018310547,135.92999267578125,135.74000549316406,135.74000549316406,12453.0
2026-03-09 15:28:00+00:00,135.77499389648438,135.85000610351562,135.77499389648438,135.85000610351562,11630.0
2026-03-09 15:29:00+00:00,135.8350067138672,136.0,135.8350067138672,135.8699951171875,14528.0
2026-03-09 15:30:00+00:00,135.8800048828125,135.8800048828125,135.77000427246094,135.77999877929688,11126.0
2026-03-09 15:31:00+00:00,135.7949981689453,135.8527069091797,135.7949981689453,135.85000610351562,6098.0
2026-03-09 15:32:00+00:00,135.86000061035156,135.86000061035156,135.6999969482422,135.8249969482422,17198.0
2026-03-09 15:33:00+00:00,135.8249969482422,135.8300018310547,135.74000549316406,135.77999877929688,5532.0
2026-03-09 15:34:00+00:00,135.81500244140625,135.85000610351562,135.66000366210938,135.77000427246094,19564.0
2026-03-09 15:35:00+00:00,135.72999572753906,135.77499389648438,135.66000366210938,135.72999572753906,9688.0
2026-03-09 15:36:00+00:00,135.77000427246094,135.77000427246094,135.72999572753906,135.72999572753906,4191.0
2026-03-09 15:37:00+00:00,135.73500061035156,135.83999633789062,135.6699981689453,135.83999633789062,13719.0
2026-03-09 15:38:00+00:00,135.8300018310547,135.90989685058594,135.77499389648438,135.8782958984375,11863.0
2026-03-09 15:39:00+00:00,135.86000061035156,135.96200561523438,135.85000610351562,135.88999938964844,11215.0
2026-03-09 15:40:00+00:00,135.86000061035156,135.89999389648438,135.80999755859375,135.80999755859375,8340.0
2026-03-09 15:41:00+00:00,135.83999633789062,135.85000610351562,135.77499389648438,135.8300018310547,12670.0
2026-03-09 15:42:00+00:00,135.81500244140625,135.81500244140625,135.72999572753906,135.77999877929688,9533.0
2026-03-09 15:43:00+00:00,135.7949981689453,135.85000610351562,135.72999572753906,135.72999572753906,8245.0
2026-03-09 15:44:00+00:00,135.77000427246094,135.77000427246094,135.69000244140625,135.74000549316406,5506.0
2026-03-09 15:45:00+00:00,135.75999450683594,135.97000122070312,135.75999450683594,135.97000122070312,13516.0
2026-03-09 15:46:00+00:00,135.9499969482422,135.97999572753906,135.88999938964844,135.88999938964844,14950.0
2026-03-09 15:47:00+00:00,135.9149932861328,135.9149932861328,135.8300018310547,135.8800048828125,16092.0
2026-03-09 15:48:00+00:00,135.860107421875,135.88999938964844,135.7899932861328,135.85000610351562,9863.0
2026-03-09 15:49:00+00:00,135.85000610351562,135.9600067138672,135.85000610351562,135.89109802246094,8168.0
2026-03-09 15:50:00+00:00,135.9199981689453,135.94090270996094,135.8800048828125,135.91000366210938,11166.0
2026-03-09 15:51:00+00:00,135.91000366210938,136.0,135.87100219726562,135.99000549316406,20572.0
2026-03-09 15:52:00+00:00,135.9600067138672,136.0,135.9550018310547,135.97500610351562,10100.0
2026-03-09 15:53:00+00:00,135.9499969482422,136.08999633789062,135.9199981689453,136.0,63786.0
2026-03-09 15:54:00+00:00,136.0,136.08999633789062,136.0,136.0500030517578,54478.0
2026-03-09 15:55:00+00:00,136.02000427246094,136.07000732421875,135.9600067138672,135.9600067138672,17100.0
2026-03-09 15:56:00+00:00,136.00999450683594,136.02499389648438,135.77000427246094,135.82000732421875,26212.0
2026-03-09 15:57:00+00:00,135.82000732421875,135.8699951171875,135.79420471191406,135.8699951171875,8358.0
2026-03-09 15:58:00+00:00,135.86500549316406,135.92999267578125,135.85000610351562,135.86500549316406,11017.0
2026-03-09 15:59:00+00:00,135.86000061035156,136.0,135.8300018310547,135.93499755859375,12202.0
2026-03-09 16:00:00+00:00,135.93499755859375,136.11000061035156,135.92999267578125,136.11000061035156,18556.0
2026-03-09 16:01:00+00:00,136.1199951171875,136.3000030517578,136.10000610351562,136.16000366210938,30188.0
2026-03-09 16:02:00+00:00,136.16000366210938,136.18499755859375,136.08999633789062,136.18499755859375,13269.0
2026-03-09 16:03:00+00:00,136.2100067138672,136.60000610351562,136.2100067138672,136.4499969482422,48306.0
2026-03-09 16:04:00+00:00,136.42999267578125,136.57000732421875,136.39999389648438,136.55999755859375,20640.0
2026-03-09 16:05:00+00:00,136.55999755859375,136.6300048828125,136.50999450683594,136.50999450683594,14196.0
2026-03-09 16:06:00+00:00,136.56500244140625,136.75999450683594,136.52000427246094,136.73500061035156,28730.0
2026-03-09 16:07:00+00:00,136.7209930419922,136.89999389648438,136.72000122070312,136.8699951171875,14879.0
2026-03-09 16:08:00+00:00,136.8699951171875,136.8699951171875,136.72999572753906,136.80880737304688,16166.0
2026-03-09 16:09:00+00:00,136.77220153808594,136.95989990234375,136.77000427246094,136.95989990234375,18503.0
2026-03-09 16:10:00+00:00,136.93499755859375,137.12680053710938,136.89999389648438,136.97000122070312,25567.0
2026-03-09 16:11:00+00:00,137.00999450683594,137.0399932861328,136.86500549316406,136.88499450683594,22892.0
2026-03-09 16:12:00+00:00,136.86000061035156,137.01499938964844,136.86000061035156,136.99009704589844,9769.0
2026-03-09 16:13:00+00:00,137.07000732421875,137.07000732421875,136.97000122070312,137.02000427246094,8070.0
2026-03-09 16:14:00+00:00,137.02000427246094,137.14830017089844,137.0,137.10000610351562,12288.0
2026-03-09 16:15:00+00:00,137.07000732421875,137.17999267578125,136.89999389648438,137.0399932861328,56357.0
2026-03-09 16:16:00+00:00,137.0800018310547,137.1199951171875,137.0,137.05999755859375,5560.0
2026-03-09 16:17:00+00:00,136.97999572753906,137.0399932861328,136.7384033203125,136.83999633789062,32004.0
2026-03-09 16:18:00+00:00,136.8699951171875,137.0800018310547,136.8699951171875,136.97000122070312,40954.0
2026-03-09 16:19:00+00:00,137.0,137.0,136.8800048828125,136.97500610351562,12667.0
2026-03-09 16:20:00+00:00,137.00999450683594,137.00999450683594,136.86000061035156,136.8699951171875,11118.0
2026-03-09 16:21:00+00:00,136.85000610351562,136.86830139160156,136.75999450683594,136.75999450683594,11888.0
2026-03-09 16:22:00+00:00,136.7899932861328,136.8000030517578,136.52000427246094,136.627197265625,40494.0
2026-03-09 16:23:00+00:00,136.63999938964844,136.88499450683594,136.63999938964844,136.85000610351562,16858.0
2026-03-09 16:24:00+00:00,136.89999389648438,136.89999389648438,136.7949981689453,136.7949981689453,13517.0
2026-03-09 16:25:00+00:00,136.7949981689453,136.89999389648438,136.77000427246094,136.89999389648438,25584.0
2026-03-09 16:26:00+00:00,136.8300018310547,137.10499572753906,136.8300018310547,137.0050048828125,55417.0
2026-03-09 16:27:00+00:00,137.0500030517578,137.07000732421875,136.97000122070312,137.04580688476562,5842.0
2026-03-09 16:28:00+00:00,137.02999877929688,137.1199951171875,137.02999877929688,137.11000061035156,9706.0
2026-03-09 16:29:00+00:00,137.08999633789062,137.08999633789062,136.85800170898438,136.88999938964844,35129.0
2026-03-09 16:30:00+00:00,136.91000366210938,137.00999450683594,136.85000610351562,136.97000122070312,25776.0
2026-03-09 16:31:00+00:00,137.00779724121094,137.14999389648438,136.97000122070312,137.10000610351562,26934.0
2026-03-09 16:32:00+00:00,137.10000610351562,137.32000732421875,137.05999755859375,137.2169952392578,41281.0
2026-03-09 16:33:00+00:00,137.1750030517578,137.2899932861328,137.14999389648438,137.1999969482422,13441.0
2026-03-09 16:34:00+00:00,137.19000244140625,137.19000244140625,137.12869262695312,137.14999389648438,9864.0
2026-03-09 16:35:00+00:00,137.14999389648438,137.32000732421875,137.14999389648438,137.25999450683594,26673.0
2026-03-09 16:36:00+00:00,137.25999450683594,137.36000061035156,137.25999450683594,137.33999633789062,7656.0
2026-03-09 16:37:00+00:00,137.33999633789062,137.44000244140625,137.3000030517578,137.30999755859375,27243.0
2026-03-09 16:38:00+00:00,137.31500244140625,137.53500366210938,137.25,137.4600067138672,22411.0
2026-03-09 16:39:00+00:00,137.48500061035156,137.58999633789062,137.4600067138672,137.49000549316406,19521.0
2026-03-09 16:40:00+00:00,137.48500061035156,137.6300048828125,137.48500061035156,137.6199951171875,7284.0
2026-03-09 16:41:00+00:00,137.5399932861328,137.64999389648438,137.49000549316406,137.55999755859375,49767.0
2026-03-09 16:42:00+00:00,137.55999755859375,137.66000366210938,137.52000427246094,137.6199951171875,12762.0
2026-03-09 16:43:00+00:00,137.6199951171875,137.7100067138672,137.6199951171875,137.6999969482422,25350.0
2026-03-09 16:44:00+00:00,137.6699981689453,137.6750030517578,137.47000122070312,137.50999450683594,23740.0
2026-03-09 16:45:00+00:00,137.5050048828125,137.52049255371094,137.30999755859375,137.30999755859375,17945.0
2026-03-09 16:46:00+00:00,137.25,137.2899932861328,137.1199951171875,137.2899932861328,10770.0
2026-03-09 16:47:00+00:00,137.28500366210938,137.5,137.27000427246094,137.32000732421875,62240.0
2026-03-09 16:48:00+00:00,137.36500549316406,137.40379333496094,137.2899932861328,137.3527069091797,22413.0
2026-03-09 16:49:00+00:00,137.34249877929688,137.36000061035156,137.3000030517578,137.3300018310547,6332.0
2026-03-09 16:50:00+00:00,137.3300018310547,137.35000610351562,137.0800018310547,137.33999633789062,61551.0
2026-03-09 16:51:00+00:00,137.27000427246094,137.3800048828125,137.22000122070312,137.3800048828125,12447.0
2026-03-09 16:52:00+00:00,137.35000610351562,137.46499633789062,137.35000610351562,137.3800048828125,9884.0
2026-03-09 16:53:00+00:00,137.44000244140625,137.44000244140625,137.33999633789062,137.35000610351562,13237.0
2026-03-09 16:54:00+00:00,137.35000610351562,137.41000366210938,137.3000030517578,137.35000610351562,8297.0
2026-03-09 16:55:00+00:00,137.3800048828125,137.4499969482422,137.32000732421875,137.38499450683594,9223.0
2026-03-09 16:56:00+00:00,137.38499450683594,137.47000122070312,137.30999755859375,137.41000366210938,27657.0
2026-03-09 16:57:00+00:00,137.3699951171875,137.4199981689453,137.02000427246094,137.05999755859375,26264.0
2026-03-09 16:58:00+00:00,137.02000427246094,137.05999755859375,136.94000244140625,136.94500732421875,8182.0
2026-03-09 16:59:00+00:00,136.9600067138672,136.9600067138672,136.86000061035156,136.89999389648438,13970.0
2026-03-09 17:00:00+00:00,136.89999389648438,136.9199981689453,136.6999969482422,136.72000122070312,10022.0
2026-03-09 17:01:00+00:00,136.67999267578125,136.72999572753906,136.60000610351562,136.60000610351562,23745.0
2026-03-09 17:02:00+00:00,136.60000610351562,136.60000610351562,136.47000122070312,136.5572967529297,16339.0
2026-03-09 17:03:00+00:00,136.55999755859375,136.57000732421875,136.32000732421875,136.40499877929688,19206.0
2026-03-09 17:04:00+00:00,136.42999267578125,136.52999877929688,136.3300018310547,136.52999877929688,20988.0
2026-03-09 17:05:00+00:00,136.5,136.5800018310547,136.5,136.5500030517578,8029.0
2026-03-09 17:06:00+00:00,136.5399932861328,137.1999969482422,136.47000122070312,137.00999450683594,1146341.0
2026-03-09 17:07:00+00:00,136.97000122070312,137.00999450683594,136.91000366210938,136.9499969482422,7135.0
2026-03-09 17:08:00+00:00,136.92999267578125,136.9600067138672,136.77000427246094,136.81979370117188,9073.0
2026-03-09 17:09:00+00:00,136.77000427246094,136.79249572753906,136.6511993408203,136.72999572753906,11558.0
2026-03-09 17:10:00+00:00,136.72999572753906,136.77139282226562,136.58999633789062,136.58999633789062,14790.0
2026-03-09 17:11:00+00:00,136.57000732421875,136.60000610351562,136.5449981689453,136.5749969482422,7166.0
2026-03-09 17:12:00+00:00,136.5399932861328,136.57000732421875,136.50999450683594,136.50999450683594,7955.0
2026-03-09 17:13:00+00:00,136.5,136.6699981689453,136.38499450683594,136.6699981689453,21153.0
2026-03-09 17:14:00+00:00,136.625,136.75,136.625,136.75,10560.0
2026-03-09 17:15:00+00:00,136.75999450683594,136.77000427246094,136.61000061035156,136.61000061035156,9157.0
2026-03-09 17:16:00+00:00,136.58999633789062,136.61500549316406,136.47000122070312,136.47000122070312,14997.0
2026-03-09 17:17:00+00:00,136.4550018310547,136.4550018310547,136.25,136.27000427246094,20184.0
2026-03-09 17:18:00+00:00,136.21009826660156,136.27000427246094,136.1699981689453,136.17999267578125,11877.0
2026-03-09 17:19:00+00:00,136.17999267578125,136.22999572753906,136.1475067138672,136.17999267578125,5860.0
2026-03-09 17:20:00+00:00,136.17999267578125,136.22999572753906,136.1300048828125,136.21719360351562,11920.0
2026-03-09 17:21:00+00:00,136.1699981689453,136.1699981689453,136.0500030517578,136.06500244140625,6658.0
2026-03-09 17:22:00+00:00,136.0500030517578,136.10000610351562,136.0,136.10000610351562,14396.0
2026-03-09 17:23:00+00:00,136.07000732421875,136.07000732421875,135.9600067138672,135.97999572753906,13119.0
2026-03-09 17:24:00+00:00,136.00999450683594,136.02999877929688,135.97999572753906,135.97999572753906,7150.0
2026-03-09 17:25:00+00:00,135.9499969482422,136.0500030517578,135.9199981689453,136.02999877929688,15557.0
2026-03-09 17:26:00+00:00,136.05999755859375,136.05999755859375,135.92999267578125,135.98939514160156,18126.0
2026-03-09 17:27:00+00:00,136.00999450683594,136.0399932861328,135.86099243164062,135.89500427246094,17738.0
2026-03-09 17:28:00+00:00,135.89500427246094,135.97999572753906,135.83999633789062,135.96499633789062,12279.0
2026-03-09 17:29:00+00:00,135.94000244140625,135.96499633789062,135.88999938964844,135.91000366210938,6324.0
2026-03-09 17:30:00+00:00,135.92999267578125,136.05999755859375,135.8699951171875,136.05999755859375,15610.0
2026-03-09 17:31:00+00:00,136.05059814453125,136.14999389648438,136.0,136.0800018310547,24704.0
2026-03-09 17:32:00+00:00,136.07000732421875,136.16000366210938,136.00999450683594,136.00999450683594,16310.0
2026-03-09 17:33:00+00:00,136.05490112304688,136.10000610351562,135.89999389648438,135.9010009765625,24795.0
2026-03-09 17:34:00+00:00,135.9149932861328,135.93499755859375,135.89999389648438,135.9250030517578,6470.0
2026-03-09 17:35:00+00:00,135.91000366210938,135.91000366210938,135.77000427246094,135.89999389648438,18078.0
2026-03-09 17:36:00+00:00,135.86500549316406,135.91990661621094,135.77000427246094,135.77000427246094,8046.0
2026-03-09 17:37:00+00:00,135.77000427246094,135.83999633789062,135.7100067138672,135.80149841308594,9734.0
2026-03-09 17:38:00+00:00,135.8000030517578,135.8300018310547,135.6699981689453,135.80999755859375,12487.0
2026-03-09 17:39:00+00:00,135.80999755859375,135.80999755859375,135.6999969482422,135.6999969482422,9467.0
2026-03-09 17:40:00+00:00,135.7100067138672,135.7299041748047,135.6199951171875,135.6199951171875,15418.0
2026-03-09 17:41:00+00:00,135.6199951171875,135.6199951171875,135.50999450683594,135.52999877929688,6899.0
2026-03-09 17:42:00+00:00,135.5500030517578,135.6999969482422,135.50999450683594,135.67999267578125,13329.0
2026-03-09 17:43:00+00:00,135.72000122070312,135.75999450683594,135.625,135.63999938964844,8104.0
2026-03-09 17:44:00+00:00,135.63999938964844,135.63999938964844,135.5500030517578,135.5500030517578,15237.0
2026-03-09 17:45:00+00:00,135.5800018310547,135.6300048828125,135.5749969482422,135.60000610351562,5584.0
2026-03-09 17:46:00+00:00,135.63999938964844,135.63999938964844,135.5800018310547,135.6300048828125,5718.0
2026-03-09 17:47:00+00:00,135.58999633789062,135.69000244140625,135.5601043701172,135.67999267578125,13558.0
2026-03-09 17:48:00+00:00,135.67999267578125,135.82000732421875,135.67999267578125,135.75999450683594,32049.0
2026-03-09 17:49:00+00:00,135.76499938964844,135.7899932861328,135.69000244140625,135.6999969482422,10703.0
2026-03-09 17:50:00+00:00,135.6999969482422,135.77999877929688,135.67999267578125,135.69000244140625,10130.0
2026-03-09 17:51:00+00:00,135.72999572753906,135.77999877929688,135.69000244140625,135.77000427246094,7674.0
2026-03-09 17:52:00+00:00,135.77000427246094,135.86000061035156,135.77000427246094,135.85499572753906,16483.0
2026-03-09 17:53:00+00:00,135.85499572753906,135.9199981689453,135.85499572753906,135.90499877929688,13017.0
2026-03-09 17:54:00+00:00,135.91000366210938,135.99000549316406,135.91000366210938,135.97999572753906,13956.0
2026-03-09 17:55:00+00:00,135.97999572753906,136.0,135.8699951171875,135.8699951171875,18693.0
2026-03-09 17:56:00+00:00,135.86000061035156,135.9199981689453,135.86000061035156,135.9199981689453,7627.0
2026-03-09 17:57:00+00:00,135.88999938964844,135.89500427246094,135.84039306640625,135.89500427246094,5376.0
2026-03-09 17:58:00+00:00,135.86000061035156,135.8699951171875,135.75,135.80999755859375,10951.0
2026-03-09 17:59:00+00:00,135.7899932861328,135.7899932861328,135.75,135.7899932861328,9339.0
2026-03-09 18:00:00+00:00,135.77499389648438,135.9600067138672,135.77499389648438,135.92999267578125,13673.0
2026-03-09 18:01:00+00:00,135.9149932861328,135.97999572753906,135.8800048828125,135.88009643554688,13518.0
2026-03-09 18:02:00+00:00,135.93499755859375,135.97999572753906,135.92999267578125,135.9499969482422,9120.0
2026-03-09 18:03:00+00:00,135.9499969482422,135.97999572753906,135.9149932861328,135.97000122070312,7384.0
2026-03-09 18:04:00+00:00,135.97999572753906,135.97999572753906,135.88999938964844,135.92999267578125,16663.0
2026-03-09 18:05:00+00:00,135.9499969482422,136.07000732421875,135.92999267578125,136.07000732421875,20215.0
2026-03-09 18:06:00+00:00,136.07000732421875,136.07000732421875,135.99000549316406,136.02999877929688,17156.0
2026-03-09 18:07:00+00:00,136.05999755859375,136.05999755859375,136.00999450683594,136.00999450683594,8949.0
2026-03-09 18:08:00+00:00,136.01170349121094,136.01170349121094,135.82000732421875,135.97999572753906,16624.0
2026-03-09 18:09:00+00:00,135.9600067138672,135.9600067138672,135.85000610351562,135.88999938964844,12649.0
2026-03-09 18:10:00+00:00,135.85499572753906,135.86000061035156,135.85499572753906,135.86000061035156,4188.0
2026-03-09 18:11:00+00:00,135.7899932861328,135.86000061035156,135.77999877929688,135.80999755859375,16993.0
2026-03-09 18:12:00+00:00,135.77000427246094,135.89999389648438,135.67999267578125,135.89999389648438,10134.0
2026-03-09 18:13:00+00:00,135.89999389648438,136.00999450683594,135.8800048828125,136.00999450683594,12744.0
2026-03-09 18:14:00+00:00,136.02000427246094,136.0399932861328,135.99000549316406,135.99000549316406,8131.0
2026-03-09 18:15:00+00:00,136.02000427246094,136.1300048828125,136.0,136.1199951171875,14635.0
2026-03-09 18:16:00+00:00,136.13999938964844,136.3000030517578,136.1300048828125,136.2899932861328,16260.0
2026-03-09 18:17:00+00:00,136.26499938964844,136.3800048828125,136.26010131835938,136.375,13680.0
2026-03-09 18:18:00+00:00,136.42999267578125,136.4600067138672,136.39999389648438,136.44000244140625,16288.0
2026-03-09 18:19:00+00:00,136.4499969482422,136.50999450683594,136.39999389648438,136.43499755859375,39009.0
2026-03-09 18:20:00+00:00,136.44000244140625,136.47999572753906,136.44000244140625,136.4600067138672,8606.0
2026-03-09 18:21:00+00:00,136.49000549316406,136.5500030517578,136.33999633789062,136.33999633789062,11586.0
2026-03-09 18:22:00+00:00,136.35000610351562,136.3699951171875,136.24000549316406,136.2899932861328,9323.0
2026-03-09 18:23:00+00:00,136.33999633789062,136.50999450683594,136.33999633789062,136.4499969482422,8660.0
2026-03-09 18:24:00+00:00,136.4199981689453,136.4499969482422,136.2899932861328,136.2899932861328,12925.0
2026-03-09 18:25:00+00:00,136.2899932861328,136.2899932861328,136.1999969482422,136.2550048828125,13683.0
2026-03-09 18:26:00+00:00,136.2126007080078,136.24000549316406,136.16000366210938,136.24000549316406,12798.0
2026-03-09 18:28:00+00:00,136.19000244140625,136.24000549316406,136.00999450683594,136.00999450683594,13489.0
2026-03-09 18:29:00+00:00,136.0,136.07000732421875,136.0,136.02999877929688,42813.0
2026-03-09 18:30:00+00:00,136.05999755859375,136.1199951171875,136.0399932861328,136.0399932861328,11614.0
2026-03-09 18:31:00+00:00,136.07000732421875,136.08999633789062,136.0399932861328,136.0749969482422,7179.0
2026-03-09 18:32:00+00:00,136.0749969482422,136.16000366210938,136.07000732421875,136.14500427246094,13299.0
2026-03-09 18:33:00+00:00,136.14500427246094,136.18499755859375,136.0500030517578,136.16000366210938,15809.0
2026-03-09 18:34:00+00:00,136.16000366210938,136.66000366210938,136.16000366210938,136.66000366210938,41103.0
2026-03-09 18:35:00+00:00,136.63499450683594,136.72500610351562,136.60000610351562,136.7100067138672,26715.0
2026-03-09 18:36:00+00:00,136.7100067138672,136.82000732421875,136.69000244140625,136.72999572753906,27680.0
2026-03-09 18:37:00+00:00,136.80999755859375,136.80999755859375,136.67999267578125,136.72999572753906,14792.0
2026-03-09 18:38:00+00:00,136.77000427246094,136.77000427246094,136.61000061035156,136.64999389648438,14169.0
2026-03-09 18:39:00+00:00,136.6699981689453,136.6999969482422,136.61000061035156,136.6300048828125,23785.0
2026-03-09 18:40:00+00:00,136.6533966064453,136.6999969482422,136.6177978515625,136.64999389648438,12473.0
2026-03-09 18:41:00+00:00,136.63999938964844,136.63999938964844,136.42999267578125,136.4499969482422,27119.0
2026-03-09 18:42:00+00:00,136.42010498046875,136.47999572753906,136.3699951171875,136.4199981689453,12794.0
2026-03-09 18:43:00+00:00,136.375,136.4199981689453,136.3699951171875,136.375,6999.0
2026-03-09 18:44:00+00:00,136.3699951171875,136.39999389648438,136.3000030517578,136.3000946044922,10529.0
2026-03-09 18:45:00+00:00,136.3249969482422,136.38999938964844,136.3000030517578,136.38999938964844,11928.0
2026-03-09 18:46:00+00:00,136.39999389648438,136.52000427246094,136.3699951171875,136.52000427246094,14409.0
2026-03-09 18:47:00+00:00,136.5399932861328,136.58999633789062,136.51499938964844,136.5749969482422,8136.0
2026-03-09 18:48:00+00:00,136.5749969482422,136.5749969482422,136.5,136.53500366210938,10674.0
2026-03-09 18:49:00+00:00,136.50999450683594,136.50999450683594,136.4499969482422,136.4644012451172,12033.0
2026-03-09 18:50:00+00:00,136.4499969482422,136.47999572753906,136.39500427246094,136.41000366210938,13874.0
2026-03-09 18:51:00+00:00,136.4199981689453,136.52999877929688,136.4199981689453,136.5,17745.0
2026-03-09 18:52:00+00:00,136.5,136.58999633789062,136.4700927734375,136.5800018310547,15248.0
2026-03-09 18:53:00+00:00,136.58999633789062,136.6300048828125,136.55499267578125,136.55499267578125,10568.0
2026-03-09 18:54:00+00:00,136.55499267578125,136.57000732421875,136.5399932861328,136.57000732421875,6182.0
2026-03-09 18:55:00+00:00,136.57000732421875,136.57839965820312,136.52000427246094,136.5449981689453,13848.0
2026-03-09 18:56:00+00:00,136.5449981689453,136.58990478515625,136.52000427246094,136.55999755859375,13978.0
2026-03-09 18:57:00+00:00,136.5800018310547,136.60000610351562,136.52999877929688,136.55999755859375,9620.0
2026-03-09 18:58:00+00:00,136.5399932861328,136.5500030517578,136.49000549316406,136.5063018798828,13032.0
2026-03-09 18:59:00+00:00,136.50999450683594,136.5800018310547,136.50999450683594,136.56500244140625,8466.0
2026-03-09 19:00:00+00:00,136.55999755859375,136.6649932861328,136.5500030517578,136.6300048828125,12729.0
2026-03-09 19:01:00+00:00,136.6300048828125,136.69000244140625,136.61000061035156,136.6699981689453,12437.0
2026-03-09 19:02:00+00:00,136.69000244140625,136.69000244140625,136.63999938964844,136.64500427246094,8428.0
2026-03-09 19:03:00+00:00,136.6649932861328,136.6699981689453,136.6300048828125,136.64559936523438,6806.0
2026-03-09 19:04:00+00:00,136.6699981689453,136.6699981689453,136.6300048828125,136.6699981689453,6082.0
2026-03-09 19:05:00+00:00,136.6511993408203,136.69000244140625,136.63999938964844,136.65499877929688,15801.0
2026-03-09 19:06:00+00:00,136.6199951171875,136.69000244140625,136.5800018310547,136.5800018310547,14035.0
2026-03-09 19:07:00+00:00,136.57000732421875,136.6300048828125,136.5493927001953,136.61000061035156,11691.0
2026-03-09 19:08:00+00:00,136.58999633789062,136.6750030517578,136.5850067138672,136.6750030517578,10330.0
2026-03-09 19:09:00+00:00,136.66000366210938,136.67999267578125,136.58999633789062,136.61830139160156,15728.0
2026-03-09 19:10:00+00:00,136.61500549316406,136.6300048828125,136.55999755859375,136.60000610351562,14052.0
2026-03-09 19:11:00+00:00,136.5800018310547,136.65989685058594,136.5800018310547,136.6199951171875,14543.0
2026-03-09 19:12:00+00:00,136.6199951171875,136.6199951171875,136.5500030517578,136.5749969482422,14672.0
2026-03-09 19:13:00+00:00,136.5800018310547,136.5800018310547,136.5,136.5,11623.0
2026-03-09 19:14:00+00:00,136.5050048828125,136.5050048828125,136.4149932861328,136.4149932861328,17142.0
2026-03-09 19:15:00+00:00,136.4149932861328,136.4149932861328,136.2899932861328,136.32749938964844,19999.0
2026-03-09 19:16:00+00:00,136.32000732421875,136.33999633789062,136.27499389648438,136.30499267578125,9073.0
2026-03-09 19:17:00+00:00,136.30999755859375,136.5399932861328,136.30999755859375,136.32000732421875,30978.0
2026-03-09 19:18:00+00:00,136.36000061035156,136.375,136.30999755859375,136.36000061035156,15996.0
2026-03-09 19:19:00+00:00,136.36500549316406,136.89999389648438,136.35000610351562,136.89999389648438,51197.0
2026-03-09 19:20:00+00:00,136.8699951171875,137.2899932861328,136.77999877929688,137.2100067138672,36936.0
2026-03-09 19:21:00+00:00,137.25999450683594,137.5399932861328,137.25999450683594,137.5,34961.0
2026-03-09 19:22:00+00:00,137.48500061035156,137.52999877929688,137.32000732421875,137.52999877929688,27401.0
2026-03-09 19:23:00+00:00,137.55999755859375,137.75,137.52000427246094,137.55999755859375,37375.0
2026-03-09 19:24:00+00:00,137.55999755859375,137.66000366210938,137.42999267578125,137.57000732421875,26064.0
2026-03-09 19:25:00+00:00,137.625,137.64999389648438,137.47999572753906,137.57000732421875,20586.0
2026-03-09 19:26:00+00:00,137.56500244140625,137.67999267578125,137.50999450683594,137.64999389648438,14524.0
2026-03-09 19:27:00+00:00,137.7100067138672,137.82000732421875,137.66000366210938,137.72000122070312,25364.0
2026-03-09 19:28:00+00:00,137.75999450683594,137.9600067138672,137.63999938964844,137.80999755859375,33327.0
2026-03-09 19:29:00+00:00,137.82000732421875,138.02999877929688,137.82000732421875,138.0,30534.0
2026-03-09 19:30:00+00:00,138.0500030517578,138.11000061035156,137.72999572753906,137.72999572753906,37419.0
2026-03-09 19:31:00+00:00,137.7899932861328,138.0800018310547,137.7100067138672,138.05999755859375,57637.0
2026-03-09 19:32:00+00:00,138.0500030517578,138.17999267578125,137.97000122070312,138.16200256347656,29442.0
2026-03-09 19:33:00+00:00,138.2100067138672,138.36000061035156,138.1699981689453,138.36000061035156,25110.0
2026-03-09 19:34:00+00:00,138.35000610351562,138.37989807128906,138.10000610351562,138.10000610351562,48355.0
2026-03-09 19:35:00+00:00,138.14999389648438,138.22000122070312,137.8800048828125,137.8800048828125,48667.0
2026-03-09 19:36:00+00:00,137.8800048828125,138.16000366210938,137.7899932861328,138.16000366210938,40746.0
2026-03-09 19:37:00+00:00,138.1300048828125,138.41000366210938,138.1300048828125,138.41000366210938,30805.0
2026-03-09 19:38:00+00:00,138.41000366210938,138.55499267578125,138.27999877929688,138.2899932861328,64067.0
2026-03-09 19:39:00+00:00,138.27000427246094,138.57000732421875,138.24000549316406,138.55999755859375,58269.0
2026-03-09 19:40:00+00:00,138.52000427246094,138.5399932861328,138.0800018310547,138.1300048828125,36482.0
2026-03-09 19:41:00+00:00,138.1300048828125,138.17999267578125,137.82000732421875,137.86000061035156,51958.0
2026-03-09 19:42:00+00:00,137.86000061035156,138.02999877929688,137.82000732421875,137.94000244140625,44406.0
2026-03-09 19:43:00+00:00,137.92999267578125,138.17999267578125,137.77999877929688,138.11000061035156,41516.0
2026-03-09 19:44:00+00:00,138.10000610351562,138.17999267578125,138.00999450683594,138.1199951171875,21830.0
2026-03-09 19:45:00+00:00,138.10000610351562,138.19000244140625,138.00999450683594,138.05999755859375,29527.0
2026-03-09 19:46:00+00:00,138.1300048828125,138.17999267578125,137.99000549316406,138.1199951171875,22365.0
2026-03-09 19:47:00+00:00,138.0800018310547,138.2790069580078,138.00999450683594,138.2790069580078,26269.0
2026-03-09 19:48:00+00:00,138.27000427246094,138.32000732421875,138.22999572753906,138.23500061035156,28099.0
2026-03-09 19:49:00+00:00,138.2100067138672,138.2100067138672,138.10000610351562,138.125,28218.0
2026-03-09 19:50:00+00:00,138.13999938964844,138.13999938964844,137.9499969482422,137.99000549316406,59716.0
2026-03-09 19:51:00+00:00,138.01499938964844,138.11000061035156,137.88999938964844,137.9149932861328,54677.0
2026-03-09 19:52:00+00:00,137.91000366210938,138.00999450683594,137.80999755859375,137.80999755859375,72540.0
2026-03-09 19:53:00+00:00,137.8000030517578,137.99000549316406,137.77000427246094,137.8000030517578,55131.0
2026-03-09 19:54:00+00:00,137.82000732421875,137.89999389648438,137.72000122070312,137.89500427246094,91667.0
2026-03-09 19:55:00+00:00,137.92999267578125,138.17999267578125,137.75999450683594,137.92999267578125,154873.0
2026-03-09 19:56:00+00:00,137.93499755859375,137.99000549316406,137.9199981689453,137.97000122070312,82518.0
2026-03-09 19:57:00+00:00,137.99000549316406,138.07000732421875,137.9243927001953,138.05499267578125,103254.0
2026-03-09 19:58:00+00:00,138.07000732421875,138.2100067138672,138.0449981689453,138.14999389648438,141541.0
2026-03-09 19:59:00+00:00,138.13999938964844,138.17999267578125,137.99000549316406,138.11099243164062,390759.0
2026-03-10 13:30:00+00:00,134.6999969482422,135.25,134.19000244140625,134.5500030517578,534434.0
2026-03-10 13:31:00+00:00,134.5,134.8800048828125,132.9250030517578,134.08999633789062,172036.0
2026-03-10 13:32:00+00:00,134.08999633789062,134.4149932861328,133.8300018310547,134.39999389648438,81485.0
2026-03-10 13:33:00+00:00,134.39999389648438,134.41000366210938,133.55999755859375,133.55999755859375,115752.0
2026-03-10 13:34:00+00:00,133.57000732421875,133.97999572753906,133.52999877929688,133.7899932861328,125348.0
2026-03-10 13:35:00+00:00,133.85000610351562,134.1999969482422,133.42999267578125,134.02999877929688,100725.0
2026-03-10 13:36:00+00:00,134.0800018310547,134.16000366210938,133.44000244140625,133.5500030517578,51243.0
2026-03-10 13:37:00+00:00,133.52000427246094,133.75,133.4199981689453,133.5,84505.0
2026-03-10 13:38:00+00:00,133.4636993408203,133.72169494628906,133.0800018310547,133.17709350585938,89535.0
2026-03-10 13:39:00+00:00,133.16700744628906,133.6649932861328,133.16700744628906,133.63499450683594,52516.0
2026-03-10 13:40:00+00:00,133.63499450683594,133.75999450683594,133.52000427246094,133.5399932861328,33854.0
2026-03-10 13:41:00+00:00,133.50999450683594,133.7550048828125,133.13999938964844,133.19000244140625,48158.0
2026-03-10 13:42:00+00:00,133.1999969482422,133.1999969482422,132.3000030517578,132.44500732421875,185175.0
2026-03-10 13:43:00+00:00,132.44000244140625,132.66990661621094,132.16000366210938,132.4145050048828,117167.0
2026-03-10 13:44:00+00:00,132.36000061035156,132.6699981689453,132.27999877929688,132.6699981689453,77658.0
2026-03-10 13:45:00+00:00,132.7100067138672,133.33999633789062,132.58999633789062,133.14999389648438,67931.0
2026-03-10 13:46:00+00:00,133.14999389648438,133.27999877929688,133.00999450683594,133.13250732421875,34480.0
2026-03-10 13:47:00+00:00,133.1300048828125,133.2487030029297,132.63999938964844,132.77000427246094,69799.0
2026-03-10 13:48:00+00:00,132.8249969482422,133.24000549316406,132.8249969482422,133.125,21232.0
2026-03-10 13:49:00+00:00,133.1699981689453,133.5,133.0749969482422,133.35000610351562,26192.0
2026-03-10 13:50:00+00:00,133.38499450683594,133.5399932861328,133.13999938964844,133.4499969482422,41482.0
2026-03-10 13:51:00+00:00,133.36000061035156,133.4600067138672,133.0800018310547,133.2050018310547,15928.0
2026-03-10 13:52:00+00:00,133.13999938964844,133.2100067138672,133.08140563964844,133.13999938964844,19554.0
2026-03-10 13:53:00+00:00,133.19000244140625,133.25,133.02999877929688,133.16000366210938,47852.0
2026-03-10 13:54:00+00:00,133.10000610351562,133.10000610351562,132.7449951171875,132.81500244140625,38503.0
2026-03-10 13:55:00+00:00,132.81500244140625,133.32000732421875,132.75,133.30999755859375,57037.0
2026-03-10 13:56:00+00:00,133.35989379882812,133.36000061035156,133.0,133.05999755859375,45932.0
2026-03-10 13:57:00+00:00,133.05999755859375,133.47999572753906,132.99000549316406,133.36500549316406,28500.0
2026-03-10 13:58:00+00:00,133.3300018310547,133.3699951171875,133.00999450683594,133.07000732421875,30295.0
2026-03-10 13:59:00+00:00,133.02999877929688,133.35000610351562,133.02999877929688,133.33999633789062,14367.0
2026-03-10 14:00:00+00:00,133.39830017089844,133.39830017089844,133.05999755859375,133.11500549316406,30128.0
2026-03-10 14:01:00+00:00,133.08999633789062,133.2100067138672,133.05999755859375,133.16000366210938,19486.0
2026-03-10 14:02:00+00:00,133.17999267578125,133.39999389648438,133.14999389648438,133.3000030517578,23119.0
2026-03-10 14:03:00+00:00,133.3000030517578,133.50830078125,133.20339965820312,133.47000122070312,26530.0
2026-03-10 14:04:00+00:00,133.48829650878906,133.58999633789062,133.4499969482422,133.5727996826172,40587.0
2026-03-10 14:05:00+00:00,133.56500244140625,133.82000732421875,133.56500244140625,133.77999877929688,42409.0
2026-03-10 14:06:00+00:00,133.8699951171875,134.0,133.85000610351562,133.8975067138672,34314.0
2026-03-10 14:07:00+00:00,133.9199981689453,133.97999572753906,133.7899932861328,133.8699951171875,25445.0
2026-03-10 14:08:00+00:00,133.8300018310547,133.9499969482422,133.82000732421875,133.9499969482422,32064.0
2026-03-10 14:09:00+00:00,133.89999389648438,133.89999389648438,133.75010681152344,133.8159942626953,19978.0
2026-03-10 14:10:00+00:00,133.85899353027344,133.92999267578125,133.69000244140625,133.9250030517578,19849.0
2026-03-10 14:11:00+00:00,133.92999267578125,133.9499969482422,133.75860595703125,133.75860595703125,18722.0
2026-03-10 14:12:00+00:00,133.7949981689453,133.9149932861328,133.7133026123047,133.73880004882812,29070.0
2026-03-10 14:13:00+00:00,133.73500061035156,133.82000732421875,133.4604034423828,133.7100067138672,48678.0
2026-03-10 14:14:00+00:00,133.75999450683594,133.9199981689453,133.7100067138672,133.83999633789062,12017.0
2026-03-10 14:15:00+00:00,133.83999633789062,133.97000122070312,133.8000030517578,133.8000030517578,27995.0
2026-03-10 14:16:00+00:00,133.8249969482422,134.1199951171875,133.75,134.10499572753906,33233.0
2026-03-10 14:17:00+00:00,134.11500549316406,134.4199981689453,134.0399932861328,134.3300018310547,83051.0
2026-03-10 14:18:00+00:00,134.3000030517578,134.75,134.3000030517578,134.72000122070312,45249.0
2026-03-10 14:19:00+00:00,134.72000122070312,134.97999572753906,134.63999938964844,134.8800048828125,53899.0
2026-03-10 14:20:00+00:00,134.89500427246094,135.25999450683594,134.86000061035156,135.2550048828125,65520.0
2026-03-10 14:21:00+00:00,135.1699981689453,135.27999877929688,134.97000122070312,135.0800018310547,68719.0
2026-03-10 14:22:00+00:00,135.0749969482422,135.25,135.0399932861328,135.15499877929688,35595.0
2026-03-10 14:23:00+00:00,135.15499877929688,135.15499877929688,134.84010314941406,134.97500610351562,21017.0
2026-03-10 14:24:00+00:00,135.01499938964844,135.02000427246094,134.91000366210938,134.97000122070312,18750.0
2026-03-10 14:25:00+00:00,134.97999572753906,135.16000366210938,134.9149932861328,135.07000732421875,21567.0
2026-03-10 14:26:00+00:00,135.0749969482422,135.2050018310547,134.97000122070312,135.10000610351562,23360.0
2026-03-10 14:27:00+00:00,135.09500122070312,135.10769653320312,134.89999389648438,134.9250030517578,24567.0
2026-03-10 14:28:00+00:00,134.94500732421875,134.97000122070312,134.63999938964844,134.77999877929688,24743.0
2026-03-10 14:29:00+00:00,134.77999877929688,134.77999877929688,134.5428924560547,134.6092071533203,22728.0
2026-03-10 14:30:00+00:00,134.61000061035156,134.91000366210938,134.61000061035156,134.74000549316406,14651.0
2026-03-10 14:31:00+00:00,134.81500244140625,134.81500244140625,134.5780029296875,134.67999267578125,6653.0
2026-03-10 14:32:00+00:00,134.72999572753906,134.9199981689453,134.6800994873047,134.9199981689453,11862.0
2026-03-10 14:33:00+00:00,134.86000061035156,134.97000122070312,134.76499938964844,134.88999938964844,19538.0
2026-03-10 14:34:00+00:00,134.88999938964844,135.0800018310547,134.8800048828125,134.97000122070312,16367.0
2026-03-10 14:35:00+00:00,135.0,135.1300048828125,134.99119567871094,135.08999633789062,20957.0
2026-03-10 14:36:00+00:00,135.08999633789062,135.08999633789062,134.96560668945312,134.9949951171875,19771.0
2026-03-10 14:37:00+00:00,134.97999572753906,135.0050048828125,134.8699951171875,134.8699951171875,12249.0
2026-03-10 14:38:00+00:00,134.89500427246094,135.0281982421875,134.89500427246094,134.96499633789062,14888.0
2026-03-10 14:39:00+00:00,134.9499969482422,135.12989807128906,134.88009643554688,135.03500366210938,18509.0
2026-03-10 14:40:00+00:00,135.0449981689453,135.10000610351562,134.89999389648438,135.0,16791.0
2026-03-10 14:41:00+00:00,134.96499633789062,135.49000549316406,134.96499633789062,135.27499389648438,29384.0
2026-03-10 14:42:00+00:00,135.27499389648438,135.27499389648438,135.09030151367188,135.1699981689453,9523.0
2026-03-10 14:43:00+00:00,135.1699981689453,135.2449951171875,135.0399932861328,135.0800018310547,17470.0
2026-03-10 14:44:00+00:00,135.0800018310547,135.1199951171875,135.0,135.05499267578125,10267.0
2026-03-10 14:45:00+00:00,135.05499267578125,135.05999755859375,134.9503936767578,135.02000427246094,18598.0
2026-03-10 14:46:00+00:00,135.0189971923828,135.0625,134.89999389648438,135.02000427246094,20713.0
2026-03-10 14:47:00+00:00,135.05990600585938,135.0850067138672,134.99009704589844,135.0377960205078,6774.0
2026-03-10 14:48:00+00:00,135.06500244140625,135.14500427246094,134.89999389648438,135.14500427246094,17786.0
2026-03-10 14:49:00+00:00,135.13699340820312,135.13699340820312,135.02099609375,135.05499267578125,9453.0
2026-03-10 14:50:00+00:00,135.10000610351562,135.22999572753906,135.0500030517578,135.1750030517578,14708.0
2026-03-10 14:51:00+00:00,135.1750030517578,135.27999877929688,135.16769409179688,135.25999450683594,10864.0
2026-03-10 14:52:00+00:00,135.25,135.27999877929688,135.1750030517578,135.2301025390625,18521.0
2026-03-10 14:53:00+00:00,135.3000030517578,135.3740997314453,135.24659729003906,135.3699951171875,6701.0
2026-03-10 14:54:00+00:00,135.33999633789062,135.4499053955078,135.33009338378906,135.33009338378906,11760.0
2026-03-10 14:55:00+00:00,135.39500427246094,135.43089294433594,135.32000732421875,135.3699951171875,15247.0
2026-03-10 14:56:00+00:00,135.39999389648438,135.5399932861328,135.39999389648438,135.5399932861328,17403.0
2026-03-10 14:57:00+00:00,135.51499938964844,135.69000244140625,135.51499938964844,135.67999267578125,45762.0
2026-03-10 14:58:00+00:00,135.67999267578125,135.7899932861328,135.67999267578125,135.77999877929688,15667.0
2026-03-10 14:59:00+00:00,135.75100708007812,135.90499877929688,135.69000244140625,135.86500549316406,30046.0
2026-03-10 15:00:00+00:00,135.85000610351562,136.10000610351562,135.82000732421875,136.05999755859375,21340.0
2026-03-10 15:01:00+00:00,136.11000061035156,136.22000122070312,136.02999877929688,136.02999877929688,44700.0
2026-03-10 15:02:00+00:00,136.05999755859375,136.1999969482422,136.05999755859375,136.11000061035156,15496.0
2026-03-10 15:03:00+00:00,136.10000610351562,136.1199951171875,135.91200256347656,135.91200256347656,16130.0
2026-03-10 15:04:00+00:00,135.97000122070312,135.97000122070312,135.8426971435547,135.88999938964844,15455.0
2026-03-10 15:05:00+00:00,135.8800048828125,135.8800048828125,135.72000122070312,135.80499267578125,15652.0
2026-03-10 15:06:00+00:00,135.7899932861328,135.83999633789062,135.67999267578125,135.7449951171875,18267.0
2026-03-10 15:07:00+00:00,135.6999969482422,135.8800048828125,135.6699981689453,135.83999633789062,14483.0
2026-03-10 15:08:00+00:00,135.80999755859375,135.84500122070312,135.67999267578125,135.77999877929688,14989.0
2026-03-10 15:09:00+00:00,135.8300018310547,135.83999633789062,135.65499877929688,135.83999633789062,14150.0
2026-03-10 15:10:00+00:00,135.86500549316406,135.9199981689453,135.7899932861328,135.8000030517578,20325.0
2026-03-10 15:11:00+00:00,135.82000732421875,135.8966064453125,135.75999450683594,135.8966064453125,14871.0
2026-03-10 15:12:00+00:00,135.8699951171875,135.89999389648438,135.82000732421875,135.86000061035156,7693.0
2026-03-10 15:13:00+00:00,135.82000732421875,135.83200073242188,135.65499877929688,135.68760681152344,7374.0
2026-03-10 15:14:00+00:00,135.67999267578125,135.9550018310547,135.67999267578125,135.89999389648438,15810.0
2026-03-10 15:15:00+00:00,135.875,135.91000366210938,135.82000732421875,135.82000732421875,9140.0
2026-03-10 15:16:00+00:00,135.8350067138672,135.91000366210938,135.8300018310547,135.91000366210938,12426.0
2026-03-10 15:17:00+00:00,135.9199981689453,135.96499633789062,135.8419952392578,135.92250061035156,11455.0
2026-03-10 15:18:00+00:00,135.92999267578125,135.97999572753906,135.75999450683594,135.81500244140625,15201.0
2026-03-10 15:19:00+00:00,135.81500244140625,135.89999389648438,135.7808074951172,135.89500427246094,7090.0
2026-03-10 15:20:00+00:00,135.89999389648438,135.9499969482422,135.77000427246094,135.80999755859375,15990.0
2026-03-10 15:21:00+00:00,135.83990478515625,135.89999389648438,135.7100067138672,135.7899932861328,18027.0
2026-03-10 15:22:00+00:00,135.8000030517578,135.83999633789062,135.64999389648438,135.8300018310547,29350.0
2026-03-10 15:23:00+00:00,135.79010009765625,136.0800018310547,135.7899932861328,136.0800018310547,15514.0
2026-03-10 15:24:00+00:00,136.0800018310547,136.0800018310547,135.92999267578125,135.92999267578125,12670.0
2026-03-10 15:25:00+00:00,135.91000366210938,136.03500366210938,135.91000366210938,136.0,9554.0
2026-03-10 15:26:00+00:00,136.0399932861328,136.19000244140625,136.0399932861328,136.1750030517578,31072.0
2026-03-10 15:27:00+00:00,136.17999267578125,136.25,136.09500122070312,136.14010620117188,17961.0
2026-03-10 15:28:00+00:00,136.14169311523438,136.14169311523438,136.02239990234375,136.03500366210938,9335.0
2026-03-10 15:29:00+00:00,136.05499267578125,136.08999633789062,136.0399932861328,136.0399932861328,3154.0
2026-03-10 15:30:00+00:00,136.0399932861328,136.13999938964844,136.02999877929688,136.1300048828125,8486.0
2026-03-10 15:31:00+00:00,136.07009887695312,136.17999267578125,136.0316925048828,136.0800018310547,17403.0
2026-03-10 15:32:00+00:00,136.0850067138672,136.11000061035156,136.00999450683594,136.10499572753906,16068.0
2026-03-10 15:33:00+00:00,136.1300048828125,136.1999969482422,136.0800018310547,136.1199951171875,8229.0
2026-03-10 15:34:00+00:00,136.09500122070312,136.13999938964844,136.02999877929688,136.0399932861328,10954.0
2026-03-10 15:35:00+00:00,136.07000732421875,136.1051025390625,136.0500030517578,136.09500122070312,5822.0
2026-03-10 15:36:00+00:00,136.11000061035156,136.11000061035156,135.85000610351562,135.8800048828125,16301.0
2026-03-10 15:37:00+00:00,135.8800048828125,136.1300048828125,135.8800048828125,136.0800018310547,9037.0
2026-03-10 15:38:00+00:00,136.10000610351562,136.10000610351562,136.05999755859375,136.08999633789062,6628.0
2026-03-10 15:39:00+00:00,136.08999633789062,136.08999633789062,136.0500030517578,136.0749969482422,3624.0
2026-03-10 15:40:00+00:00,136.05999755859375,136.13380432128906,136.02999877929688,136.05999755859375,15144.0
2026-03-10 15:41:00+00:00,136.0399932861328,136.13999938964844,136.02000427246094,136.1300048828125,8207.0
2026-03-10 15:42:00+00:00,136.13499450683594,136.35000610351562,136.13499450683594,136.35000610351562,12452.0
2026-03-10 15:43:00+00:00,136.33999633789062,136.38999938964844,136.27110290527344,136.3800048828125,16571.0
2026-03-10 15:44:00+00:00,136.38999938964844,136.44500732421875,136.3408966064453,136.4199981689453,10819.0
2026-03-10 15:45:00+00:00,136.3800048828125,136.4199981689453,136.3300018310547,136.35499572753906,7249.0
2026-03-10 15:46:00+00:00,136.35000610351562,136.42999267578125,136.25999450683594,136.27000427246094,18965.0
2026-03-10 15:47:00+00:00,136.22999572753906,136.22999572753906,136.11500549316406,136.1699981689453,10030.0
2026-03-10 15:48:00+00:00,136.125,136.125,136.00999450683594,136.0399932861328,8227.0
2026-03-10 15:49:00+00:00,136.0,136.0500030517578,135.8155975341797,135.83999633789062,26281.0
2026-03-10 15:50:00+00:00,135.85000610351562,136.0,135.85000610351562,135.88499450683594,15499.0
2026-03-10 15:51:00+00:00,135.89500427246094,135.89500427246094,135.73500061035156,135.77499389648438,16862.0
2026-03-10 15:52:00+00:00,135.74000549316406,135.7899932861328,135.64999389648438,135.67250061035156,13106.0
2026-03-10 15:53:00+00:00,135.7100067138672,135.75999450683594,135.61000061035156,135.625,17558.0
2026-03-10 15:54:00+00:00,135.6300048828125,135.64999389648438,135.55999755859375,135.60000610351562,7412.0
2026-03-10 15:55:00+00:00,135.5800018310547,135.6300048828125,135.5399932861328,135.5906982421875,7862.0
2026-03-10 15:56:00+00:00,135.54010009765625,135.58009338378906,135.54010009765625,135.5800018310547,4732.0
2026-03-10 15:57:00+00:00,135.6300048828125,135.6300048828125,135.5399932861328,135.56500244140625,5431.0
2026-03-10 15:58:00+00:00,135.50999450683594,135.5800018310547,135.50999450683594,135.5800018310547,8512.0
2026-03-10 15:59:00+00:00,135.5800018310547,135.60000610351562,135.5399932861328,135.5749969482422,12439.0
2026-03-10 16:00:00+00:00,135.5500030517578,135.5500030517578,135.25999450683594,135.25999450683594,10633.0
2026-03-10 16:01:00+00:00,135.31500244140625,135.3300018310547,135.2449951171875,135.32000732421875,7391.0
2026-03-10 16:02:00+00:00,135.27999877929688,135.33999633789062,135.27999877929688,135.3000030517578,6026.0
2026-03-10 16:03:00+00:00,135.32000732421875,135.33999633789062,135.24000549316406,135.24000549316406,16885.0
2026-03-10 16:04:00+00:00,135.2100067138672,135.27000427246094,135.1309051513672,135.27000427246094,8849.0
2026-03-10 16:05:00+00:00,135.2100067138672,135.2100067138672,135.10000610351562,135.1699981689453,4549.0
2026-03-10 16:06:00+00:00,135.10499572753906,135.17999267578125,135.0,135.10009765625,28779.0
2026-03-10 16:07:00+00:00,135.15179443359375,135.1649932861328,135.10000610351562,135.110107421875,11173.0
2026-03-10 16:08:00+00:00,135.16000366210938,135.2899932861328,135.16000366210938,135.17999267578125,6928.0
2026-03-10 16:09:00+00:00,135.19000244140625,135.2949981689453,135.0399932861328,135.27000427246094,9320.0
2026-03-10 16:10:00+00:00,135.27999877929688,135.49000549316406,135.25999450683594,135.49000549316406,26623.0
2026-03-10 16:11:00+00:00,135.50999450683594,135.5500030517578,135.47999572753906,135.48500061035156,8847.0
2026-03-10 16:12:00+00:00,135.5,135.57000732421875,135.39500427246094,135.39999389648438,8452.0
2026-03-10 16:13:00+00:00,135.44000244140625,135.49000549316406,135.3842010498047,135.44000244140625,7328.0
2026-03-10 16:14:00+00:00,135.4774932861328,135.51499938964844,135.47000122070312,135.5,8913.0
2026-03-10 16:15:00+00:00,135.51499938964844,135.55499267578125,135.4550018310547,135.50999450683594,13599.0
2026-03-10 16:16:00+00:00,135.58999633789062,135.65499877929688,135.5800018310547,135.61000061035156,6414.0
2026-03-10 16:17:00+00:00,135.6199951171875,135.6199951171875,135.55999755859375,135.58999633789062,6084.0
2026-03-10 16:18:00+00:00,135.61000061035156,135.8699951171875,135.61000061035156,135.8699951171875,14745.0
2026-03-10 16:19:00+00:00,135.8699951171875,135.8699951171875,135.75,135.80999755859375,12466.0
2026-03-10 16:20:00+00:00,135.77999877929688,135.83999633789062,135.6999969482422,135.6999969482422,18547.0
2026-03-10 16:21:00+00:00,135.7050018310547,135.75999450683594,135.5625,135.5625,10777.0
2026-03-10 16:22:00+00:00,135.55499267578125,135.69000244140625,135.52000427246094,135.64500427246094,15672.0
2026-03-10 16:23:00+00:00,135.63999938964844,135.63999938964844,135.49899291992188,135.49899291992188,10947.0
2026-03-10 16:24:00+00:00,135.5,135.50999450683594,135.39999389648438,135.50999450683594,14539.0
2026-03-10 16:25:00+00:00,135.49000549316406,135.6699981689453,135.47999572753906,135.61500549316406,26458.0
2026-03-10 16:26:00+00:00,135.6199951171875,135.6199951171875,135.4949951171875,135.57000732421875,6397.0
2026-03-10 16:27:00+00:00,135.5,135.6300048828125,135.5,135.6300048828125,17504.0
2026-03-10 16:28:00+00:00,135.58999633789062,135.63999938964844,135.5399932861328,135.5500030517578,7734.0
2026-03-10 16:29:00+00:00,135.5500030517578,135.60000610351562,135.47999572753906,135.58999633789062,13649.0
2026-03-10 16:30:00+00:00,135.6300048828125,135.8699951171875,135.6300048828125,135.75439453125,16463.0
2026-03-10 16:31:00+00:00,135.7449951171875,135.7449951171875,135.57000732421875,135.60000610351562,14072.0
2026-03-10 16:32:00+00:00,135.6125030517578,135.67999267578125,135.6125030517578,135.6699981689453,22445.0
2026-03-10 16:33:00+00:00,135.65499877929688,135.6999969482422,135.57000732421875,135.59500122070312,9623.0
2026-03-10 16:34:00+00:00,135.5749969482422,135.6699981689453,135.55999755859375,135.6199951171875,19511.0
2026-03-10 16:35:00+00:00,135.61000061035156,135.70509338378906,135.60000610351562,135.70509338378906,6462.0
2026-03-10 16:36:00+00:00,135.69000244140625,135.80999755859375,135.6199951171875,135.6750030517578,19440.0
2026-03-10 16:37:00+00:00,135.66000366210938,135.70550537109375,135.6208953857422,135.70550537109375,9928.0
2026-03-10 16:38:00+00:00,135.7100067138672,135.75,135.6649932861328,135.67999267578125,27023.0
2026-03-10 16:39:00+00:00,135.6999969482422,135.6999969482422,135.61790466308594,135.6699981689453,5926.0
2026-03-10 16:40:00+00:00,135.72000122070312,135.72999572753906,135.62440490722656,135.66510009765625,24163.0
2026-03-10 16:41:00+00:00,135.66000366210938,135.7100067138672,135.63999938964844,135.7100067138672,7258.0
2026-03-10 16:42:00+00:00,135.7100067138672,135.78990173339844,135.66769409179688,135.67999267578125,8958.0
2026-03-10 16:43:00+00:00,135.6649932861328,135.67999267578125,135.60000610351562,135.61000061035156,8657.0
2026-03-10 16:44:00+00:00,135.6540069580078,135.6999969482422,135.6300048828125,135.6999969482422,8116.0
2026-03-10 16:45:00+00:00,135.67999267578125,135.69000244140625,135.5449981689453,135.5500030517578,7428.0
2026-03-10 16:46:00+00:00,135.52999877929688,135.52999877929688,135.39999389648438,135.4550018310547,9289.0
2026-03-10 16:47:00+00:00,135.4149932861328,135.51260375976562,135.38999938964844,135.50999450683594,14468.0
2026-03-10 16:48:00+00:00,135.5,135.5,135.4600067138672,135.4600067138672,4768.0
2026-03-10 16:49:00+00:00,135.52000427246094,135.6199951171875,135.52000427246094,135.55999755859375,7138.0
2026-03-10 16:50:00+00:00,135.5449981689453,135.5760955810547,135.5449981689453,135.57000732421875,4168.0
2026-03-10 16:51:00+00:00,135.58999633789062,135.7100067138672,135.57000732421875,135.7100067138672,4569.0
2026-03-10 16:52:00+00:00,135.73500061035156,135.8800048828125,135.7100067138672,135.8699951171875,13111.0
2026-03-10 16:53:00+00:00,135.88999938964844,135.88999938964844,135.83999633789062,135.83999633789062,6477.0
2026-03-10 16:54:00+00:00,135.8300018310547,135.94000244140625,135.82000732421875,135.9376983642578,11118.0
2026-03-10 16:55:00+00:00,135.9149932861328,135.9600067138672,135.86500549316406,135.9499969482422,7048.0
2026-03-10 16:56:00+00:00,135.94000244140625,135.951904296875,135.9199981689453,135.951904296875,4802.0
2026-03-10 16:57:00+00:00,135.97999572753906,136.0738067626953,135.9550018310547,136.02999877929688,12461.0
2026-03-10 16:58:00+00:00,136.02999877929688,136.1199951171875,135.9875030517578,136.10000610351562,5841.0
2026-03-10 16:59:00+00:00,136.14999389648438,136.19000244140625,136.1009979248047,136.13999938964844,11409.0
2026-03-10 17:00:00+00:00,136.10000610351562,136.14999389648438,136.05999755859375,136.1199951171875,13249.0
2026-03-10 17:01:00+00:00,136.14999389648438,136.32000732421875,136.14999389648438,136.32000732421875,11909.0
2026-03-10 17:02:00+00:00,136.32000732421875,136.3699951171875,136.3000030517578,136.33999633789062,11895.0
2026-03-10 17:03:00+00:00,136.35049438476562,136.35049438476562,136.2200927734375,136.25999450683594,8358.0
2026-03-10 17:04:00+00:00,136.2899932861328,136.31500244140625,136.24830627441406,136.31500244140625,8777.0
2026-03-10 17:05:00+00:00,136.3300018310547,136.36500549316406,136.25,136.36500549316406,13058.0
2026-03-10 17:06:00+00:00,136.33639526367188,136.36000061035156,136.27999877929688,136.36000061035156,3459.0
2026-03-10 17:07:00+00:00,136.30999755859375,136.32000732421875,136.24009704589844,136.28500366210938,12007.0
2026-03-10 17:08:00+00:00,136.24000549316406,136.27000427246094,136.23159790039062,136.23159790039062,6509.0
2026-03-10 17:09:00+00:00,136.2449951171875,136.25999450683594,136.15499877929688,136.2100067138672,10586.0
2026-03-10 17:10:00+00:00,136.2100067138672,136.3800048828125,136.16009521484375,136.3800048828125,12873.0
2026-03-10 17:11:00+00:00,136.35159301757812,136.47500610351562,136.35159301757812,136.4499969482422,8402.0
2026-03-10 17:12:00+00:00,136.44500732421875,136.5,136.41000366210938,136.42010498046875,9715.0
2026-03-10 17:13:00+00:00,136.42999267578125,136.47000122070312,136.3800048828125,136.39999389648438,10782.0
2026-03-10 17:14:00+00:00,136.43629455566406,136.49000549316406,136.41000366210938,136.49000549316406,23096.0
2026-03-10 17:15:00+00:00,136.5,136.63499450683594,136.5,136.50999450683594,19800.0
2026-03-10 17:16:00+00:00,136.49000549316406,136.5850067138672,136.49000549316406,136.5850067138672,3732.0
2026-03-10 17:17:00+00:00,136.5850067138672,136.6649932861328,136.5500030517578,136.55499267578125,28011.0
2026-03-10 17:18:00+00:00,136.60000610351562,136.625,136.4801025390625,136.5800018310547,3067.0
2026-03-10 17:19:00+00:00,136.639892578125,136.639892578125,136.5,136.5050048828125,9663.0
2026-03-10 17:20:00+00:00,136.47999572753906,136.53500366210938,136.44000244140625,136.44500732421875,14263.0
2026-03-10 17:21:00+00:00,136.42999267578125,136.57220458984375,136.4199981689453,136.57220458984375,5699.0
2026-03-10 17:22:00+00:00,136.52000427246094,136.52999877929688,136.47000122070312,136.52999877929688,6565.0
2026-03-10 17:23:00+00:00,136.5,136.60000610351562,136.47000122070312,136.57009887695312,25972.0
2026-03-10 17:24:00+00:00,136.6051025390625,136.6790008544922,136.6051025390625,136.64999389648438,12449.0
2026-03-10 17:25:00+00:00,136.6215057373047,136.65499877929688,136.6199951171875,136.64999389648438,3608.0
2026-03-10 17:26:00+00:00,136.63499450683594,136.63900756835938,136.55999755859375,136.63900756835938,12620.0
2026-03-10 17:27:00+00:00,136.63999938964844,136.64999389648438,136.3699951171875,136.625,73969.0
2026-03-10 17:28:00+00:00,136.625,136.7449951171875,136.60000610351562,136.7449951171875,5409.0
2026-03-10 17:29:00+00:00,136.7100067138672,136.7100067138672,136.6699981689453,136.68499755859375,5725.0
2026-03-10 17:30:00+00:00,136.66000366210938,136.6699981689453,136.4949951171875,136.5,14891.0
2026-03-10 17:31:00+00:00,136.49000549316406,136.50999450683594,136.44000244140625,136.48500061035156,8728.0
2026-03-10 17:32:00+00:00,136.4600067138672,136.5500030517578,136.41000366210938,136.5500030517578,17220.0
2026-03-10 17:33:00+00:00,136.5800018310547,136.625,136.39999389648438,136.47500610351562,15311.0
2026-03-10 17:34:00+00:00,136.47500610351562,136.47999572753906,136.26499938964844,136.36050415039062,42936.0
2026-03-10 17:35:00+00:00,136.35000610351562,136.35000610351562,136.08999633789062,136.08999633789062,6549.0
2026-03-10 17:36:00+00:00,136.13999938964844,136.24000549316406,136.10499572753906,136.11000061035156,6679.0
2026-03-10 17:37:00+00:00,136.0850067138672,136.10000610351562,135.98500061035156,135.98500061035156,11797.0
2026-03-10 17:38:00+00:00,135.97999572753906,135.97999572753906,135.86000061035156,135.86000061035156,12167.0
2026-03-10 17:39:00+00:00,135.83999633789062,135.9199981689453,135.7899932861328,135.90499877929688,15315.0
2026-03-10 17:40:00+00:00,135.93600463867188,135.94000244140625,135.77000427246094,135.8000030517578,13553.0
2026-03-10 17:41:00+00:00,135.7843017578125,136.0399932861328,135.74000549316406,135.92999267578125,18178.0
2026-03-10 17:42:00+00:00,135.94000244140625,135.9499969482422,135.86000061035156,135.92999267578125,8474.0
2026-03-10 17:43:00+00:00,135.8800048828125,136.11000061035156,135.8800048828125,136.07000732421875,20097.0
2026-03-10 17:44:00+00:00,136.07000732421875,136.1649932861328,136.07000732421875,136.1649932861328,29204.0
2026-03-10 17:45:00+00:00,136.1649932861328,136.2100067138672,136.0800018310547,136.2100067138672,15398.0
2026-03-10 17:46:00+00:00,136.2050018310547,136.22999572753906,136.13999938964844,136.17999267578125,7207.0
2026-03-10 17:47:00+00:00,136.1649932861328,136.2100067138672,136.1199951171875,136.18679809570312,13270.0
2026-03-10 17:48:00+00:00,136.2100067138672,136.3300018310547,136.2100067138672,136.3105926513672,9996.0
2026-03-10 17:49:00+00:00,136.3300018310547,136.3300018310547,136.19500732421875,136.19500732421875,10740.0
2026-03-10 17:50:00+00:00,136.2100067138672,136.2100067138672,136.13999938964844,136.1999969482422,9144.0
2026-03-10 17:51:00+00:00,136.17999267578125,136.38999938964844,136.17999267578125,136.38999938964844,13421.0
2026-03-10 17:52:00+00:00,136.3800048828125,136.44500732421875,136.3300018310547,136.40289306640625,11693.0
2026-03-10 17:53:00+00:00,136.41000366210938,136.4499969482422,136.40499877929688,136.4199981689453,4702.0
2026-03-10 17:54:00+00:00,136.4499969482422,136.45750427246094,136.3800048828125,136.41000366210938,4126.0
2026-03-10 17:55:00+00:00,136.44000244140625,136.47900390625,136.3603973388672,136.3990020751953,11524.0
2026-03-10 17:56:00+00:00,136.3699951171875,136.3699951171875,136.27749633789062,136.30999755859375,15843.0
2026-03-10 17:57:00+00:00,136.32000732421875,136.4290008544922,136.32000732421875,136.39500427246094,5408.0
2026-03-10 17:58:00+00:00,136.39500427246094,136.52000427246094,136.39500427246094,136.52000427246094,7673.0
2026-03-10 17:59:00+00:00,136.49000549316406,136.49000549316406,136.38999938964844,136.4199981689453,10491.0
2026-03-10 18:00:00+00:00,136.4499969482422,136.4600067138672,136.38999938964844,136.38999938964844,7400.0
2026-03-10 18:01:00+00:00,136.4149932861328,136.51400756835938,136.4095001220703,136.47000122070312,18179.0
2026-03-10 18:02:00+00:00,136.47500610351562,136.48500061035156,136.34800720214844,136.34800720214844,16214.0
2026-03-10 18:03:00+00:00,136.33009338378906,136.47999572753906,136.3300018310547,136.35000610351562,18648.0
2026-03-10 18:04:00+00:00,136.35000610351562,136.43499755859375,136.30999755859375,136.4250030517578,8970.0
2026-03-10 18:05:00+00:00,136.4600067138672,136.4600067138672,136.3800048828125,136.3800048828125,10586.0
2026-03-10 18:06:00+00:00,136.43490600585938,136.485107421875,136.40499877929688,136.41000366210938,7576.0
2026-03-10 18:07:00+00:00,136.4600067138672,136.52000427246094,136.4600067138672,136.4600067138672,29855.0
2026-03-10 18:08:00+00:00,136.47999572753906,136.5,136.4600067138672,136.4600067138672,7427.0
2026-03-10 18:09:00+00:00,136.46499633789062,136.46499633789062,136.27999877929688,136.2989959716797,12694.0
2026-03-10 18:10:00+00:00,136.28500366210938,136.4199981689453,136.22000122070312,136.2449951171875,11954.0
2026-03-10 18:11:00+00:00,136.27000427246094,136.32000732421875,136.2301025390625,136.32000732421875,4274.0
2026-03-10 18:12:00+00:00,136.27499389648438,136.47000122070312,136.27499389648438,136.36000061035156,14160.0
2026-03-10 18:13:00+00:00,136.36000061035156,136.46499633789062,136.14999389648438,136.1999969482422,13657.0
2026-03-10 18:14:00+00:00,136.13999938964844,136.13999938964844,135.75,135.75,21919.0
2026-03-10 18:15:00+00:00,135.7550048828125,135.89999389648438,135.66000366210938,135.8350067138672,17705.0
2026-03-10 18:16:00+00:00,135.81500244140625,135.94000244140625,135.50010681152344,135.50010681152344,12412.0
2026-03-10 18:17:00+00:00,135.5800018310547,135.61000061035156,135.29249572753906,135.39999389648438,18822.0
2026-03-10 18:18:00+00:00,135.38999938964844,135.5749969482422,135.30499267578125,135.30499267578125,11822.0
2026-03-10 18:19:00+00:00,135.27000427246094,135.33999633789062,135.1999969482422,135.27499389648438,11676.0
2026-03-10 18:20:00+00:00,135.22000122070312,135.36000061035156,135.0800018310547,135.13999938964844,27135.0
2026-03-10 18:21:00+00:00,135.19500732421875,135.24000549316406,134.8000030517578,134.8699951171875,29638.0
2026-03-10 18:22:00+00:00,134.91000366210938,135.10000610351562,134.82000732421875,135.08999633789062,22690.0
2026-03-10 18:23:00+00:00,135.0399932861328,135.1999969482422,135.02000427246094,135.19500732421875,10528.0
2026-03-10 18:24:00+00:00,135.13499450683594,135.1999969482422,135.10000610351562,135.10000610351562,8853.0
2026-03-10 18:25:00+00:00,135.14999389648438,135.1999969482422,135.1199951171875,135.15499877929688,3995.0
2026-03-10 18:26:00+00:00,135.22000122070312,135.51499938964844,135.19000244140625,135.51499938964844,13154.0
2026-03-10 18:27:00+00:00,135.51499938964844,135.63999938964844,135.36000061035156,135.57000732421875,9942.0
2026-03-10 18:28:00+00:00,135.56500244140625,135.63999938964844,135.4600067138672,135.59249877929688,14573.0
2026-03-10 18:29:00+00:00,135.5399932861328,135.58999633789062,135.40499877929688,135.41000366210938,20586.0
2026-03-10 18:30:00+00:00,135.4499969482422,135.58999633789062,135.36000061035156,135.48880004882812,16202.0
2026-03-10 18:31:00+00:00,135.5800018310547,135.77999877929688,135.57020568847656,135.69500732421875,14160.0
2026-03-10 18:32:00+00:00,135.64999389648438,135.83999633789062,135.63999938964844,135.83999633789062,20079.0
2026-03-10 18:33:00+00:00,135.81500244140625,135.8300018310547,135.6699981689453,135.68499755859375,10864.0
2026-03-10 18:34:00+00:00,135.68499755859375,135.7769012451172,135.66000366210938,135.7769012451172,6596.0
2026-03-10 18:35:00+00:00,135.67999267578125,135.67999267578125,135.36000061035156,135.36500549316406,9861.0
2026-03-10 18:36:00+00:00,135.36000061035156,135.7100067138672,135.3300018310547,135.7100067138672,21580.0
2026-03-10 18:37:00+00:00,135.5800018310547,135.7989959716797,135.5500030517578,135.7100067138672,12828.0
2026-03-10 18:38:00+00:00,135.72000122070312,135.72000122070312,135.57000732421875,135.60000610351562,5798.0
2026-03-10 18:39:00+00:00,135.5850067138672,135.66000366210938,135.5500030517578,135.5500030517578,8319.0
2026-03-10 18:40:00+00:00,135.52499389648438,135.5998992919922,135.38999938964844,135.47999572753906,8884.0
2026-03-10 18:41:00+00:00,135.4600067138672,135.47000122070312,135.3800048828125,135.46499633789062,13601.0
2026-03-10 18:42:00+00:00,135.45010375976562,135.60000610351562,135.44290161132812,135.57000732421875,9178.0
2026-03-10 18:43:00+00:00,135.49000549316406,135.55999755859375,135.4199981689453,135.47500610351562,5548.0
2026-03-10 18:44:00+00:00,135.46499633789062,135.46499633789062,135.4199981689453,135.42999267578125,6299.0
2026-03-10 18:45:00+00:00,135.38999938964844,135.556396484375,135.3699951171875,135.41000366210938,14312.0
2026-03-10 18:46:00+00:00,135.4600067138672,135.5989990234375,135.37100219726562,135.52999877929688,7585.0
2026-03-10 18:47:00+00:00,135.548095703125,135.6999053955078,135.5399932861328,135.58999633789062,10421.0
2026-03-10 18:48:00+00:00,135.6300048828125,135.67999267578125,135.57110595703125,135.65679931640625,5310.0
2026-03-10 18:49:00+00:00,135.5800018310547,135.61000061035156,135.5,135.57000732421875,7675.0
2026-03-10 18:50:00+00:00,135.57000732421875,135.77999877929688,135.57000732421875,135.75999450683594,10279.0
2026-03-10 18:51:00+00:00,135.77999877929688,135.83999633789062,135.69000244140625,135.69000244140625,16823.0
2026-03-10 18:52:00+00:00,135.65499877929688,135.7100067138672,135.64010620117188,135.6790008544922,8969.0
2026-03-10 18:53:00+00:00,135.6199951171875,135.6199951171875,135.5050048828125,135.5449981689453,7589.0
2026-03-10 18:54:00+00:00,135.5449981689453,135.61000061035156,135.5,135.61000061035156,9602.0
2026-03-10 18:55:00+00:00,135.6199951171875,135.7100067138672,135.52999877929688,135.55999755859375,18099.0
2026-03-10 18:56:00+00:00,135.57000732421875,135.64500427246094,135.57000732421875,135.60499572753906,8159.0
2026-03-10 18:57:00+00:00,135.57000732421875,135.610107421875,135.49000549316406,135.49000549316406,29738.0
2026-03-10 18:58:00+00:00,135.47000122070312,135.5,135.44000244140625,135.47000122070312,13572.0
2026-03-10 18:59:00+00:00,135.47000122070312,135.57989501953125,135.4499969482422,135.57989501953125,16992.0
2026-03-10 19:00:00+00:00,135.5800018310547,135.58999633789062,135.47999572753906,135.49020385742188,6844.0
2026-03-10 19:01:00+00:00,135.5,135.6199951171875,135.47500610351562,135.4949951171875,11969.0
2026-03-10 19:02:00+00:00,135.4949951171875,135.50999450683594,135.39999389648438,135.41000366210938,6374.0
2026-03-10 19:03:00+00:00,135.4199981689453,135.52999877929688,135.36500549316406,135.52999877929688,11163.0
2026-03-10 19:04:00+00:00,135.5800018310547,135.6300048828125,135.47000122070312,135.50999450683594,9775.0
2026-03-10 19:05:00+00:00,135.4600067138672,135.55999755859375,135.4199981689453,135.53500366210938,10647.0
2026-03-10 19:06:00+00:00,135.5,135.5,135.3800048828125,135.41000366210938,9989.0
2026-03-10 19:07:00+00:00,135.41000366210938,135.49000549316406,135.3300018310547,135.49000549316406,16318.0
2026-03-10 19:08:00+00:00,135.5,135.5977020263672,135.4949951171875,135.55499267578125,8917.0
2026-03-10 19:09:00+00:00,135.58999633789062,135.58999633789062,135.5102996826172,135.5102996826172,8518.0
2026-03-10 19:10:00+00:00,135.52499389648438,135.52499389648438,135.44000244140625,135.50030517578125,21572.0
2026-03-10 19:11:00+00:00,135.4600067138672,135.4600067138672,135.33999633789062,135.38999938964844,12423.0
2026-03-10 19:12:00+00:00,135.39999389648438,135.42999267578125,135.3300018310547,135.34609985351562,17725.0
2026-03-10 19:13:00+00:00,135.3699951171875,135.3699951171875,135.27000427246094,135.3350067138672,18931.0
2026-03-10 19:14:00+00:00,135.3699951171875,135.48179626464844,135.35000610351562,135.4199981689453,15841.0
2026-03-10 19:15:00+00:00,135.4199981689453,135.49000549316406,135.4199981689453,135.4600067138672,10213.0
2026-03-10 19:16:00+00:00,135.44000244140625,135.52000427246094,135.3800048828125,135.48500061035156,14533.0
2026-03-10 19:17:00+00:00,135.50999450683594,135.5500946044922,135.4700927734375,135.52000427246094,8155.0
2026-03-10 19:18:00+00:00,135.5272979736328,135.71499633789062,135.51800537109375,135.69000244140625,19510.0
2026-03-10 19:19:00+00:00,135.69000244140625,135.69509887695312,135.66000366210938,135.6649932861328,14501.0
2026-03-10 19:20:00+00:00,135.63999938964844,135.7100067138672,135.50999450683594,135.5399932861328,24319.0
2026-03-10 19:21:00+00:00,135.52000427246094,135.52000427246094,135.33999633789062,135.4373016357422,14147.0
2026-03-10 19:22:00+00:00,135.41000366210938,135.59500122070312,135.41000366210938,135.5850067138672,6608.0
2026-03-10 19:23:00+00:00,135.5850067138672,135.7100067138672,135.5399932861328,135.61000061035156,17340.0
2026-03-10 19:24:00+00:00,135.58999633789062,135.58999633789062,135.5,135.52000427246094,13209.0
2026-03-10 19:25:00+00:00,135.5,135.50999450683594,135.34500122070312,135.3800048828125,16701.0
2026-03-10 19:26:00+00:00,135.3603973388672,135.3800048828125,135.11000061035156,135.15499877929688,20350.0
2026-03-10 19:27:00+00:00,135.15499877929688,135.3000030517578,135.08999633789062,135.22999572753906,15860.0
2026-03-10 19:28:00+00:00,135.22999572753906,135.25999450683594,135.13999938964844,135.21499633789062,25434.0
2026-03-10 19:29:00+00:00,135.2100067138672,135.25999450683594,135.07000732421875,135.08999633789062,13708.0
2026-03-10 19:30:00+00:00,135.1199951171875,135.1300048828125,134.9949951171875,135.02999877929688,31665.0
2026-03-10 19:31:00+00:00,135.02999877929688,135.14999389648438,134.97999572753906,135.07000732421875,43852.0
2026-03-10 19:32:00+00:00,135.0500030517578,135.0800018310547,135.0,135.0800018310547,17229.0
2026-03-10 19:33:00+00:00,135.06500244140625,135.0800018310547,134.99000549316406,135.02000427246094,13149.0
2026-03-10 19:34:00+00:00,135.0,135.21240234375,134.97000122070312,135.1300048828125,73118.0
2026-03-10 19:35:00+00:00,135.1300048828125,135.19749450683594,135.00999450683594,135.05999755859375,34067.0
2026-03-10 19:36:00+00:00,135.05560302734375,135.13999938964844,135.02000427246094,135.1199951171875,12701.0
2026-03-10 19:37:00+00:00,135.14999389648438,135.25999450683594,135.14999389648438,135.14999389648438,24595.0
2026-03-10 19:38:00+00:00,135.1699981689453,135.2100067138672,135.1300048828125,135.17999267578125,16928.0
2026-03-10 19:39:00+00:00,135.1750030517578,135.25,135.09300231933594,135.19000244140625,23385.0
2026-03-10 19:40:00+00:00,135.2100067138672,135.5500030517578,135.16000366210938,135.47999572753906,34545.0
2026-03-10 19:41:00+00:00,135.4799041748047,135.4799041748047,135.36000061035156,135.3699951171875,15846.0
2026-03-10 19:42:00+00:00,135.35000610351562,135.5399932861328,135.31239318847656,135.5399932861328,22853.0
2026-03-10 19:43:00+00:00,135.49000549316406,135.49000549316406,135.27999877929688,135.36000061035156,18760.0
2026-03-10 19:44:00+00:00,135.36000061035156,135.39500427246094,135.2550048828125,135.2550048828125,18187.0
2026-03-10 19:45:00+00:00,135.2550048828125,135.3300018310547,135.22999572753906,135.2550048828125,15543.0
2026-03-10 19:46:00+00:00,135.22999572753906,135.22999572753906,135.1199951171875,135.1300048828125,21818.0
2026-03-10 19:47:00+00:00,135.13999938964844,135.16000366210938,135.0,135.0800018310547,31474.0
2026-03-10 19:48:00+00:00,135.0399932861328,135.07000732421875,134.9499969482422,135.02999877929688,38282.0
2026-03-10 19:49:00+00:00,135.01939392089844,135.03500366210938,134.99000549316406,135.03500366210938,21235.0
2026-03-10 19:50:00+00:00,135.05999755859375,135.10000610351562,134.69000244140625,134.8350067138672,107490.0
2026-03-10 19:51:00+00:00,134.85809326171875,134.88999938964844,134.67999267578125,134.67999267578125,40748.0
2026-03-10 19:52:00+00:00,134.69000244140625,135.0,134.69000244140625,134.90499877929688,56276.0
2026-03-10 19:53:00+00:00,134.9199981689453,134.97000122070312,134.8800048828125,134.8800048828125,36760.0
2026-03-10 19:54:00+00:00,134.88999938964844,135.08999633789062,134.86000061035156,135.0050048828125,38649.0
2026-03-10 19:55:00+00:00,134.9600067138672,135.08999633789062,134.83999633789062,134.91000366210938,70335.0
2026-03-10 19:56:00+00:00,134.91000366210938,134.9499969482422,134.86000061035156,134.94500732421875,57887.0
2026-03-10 19:57:00+00:00,134.94500732421875,135.0399932861328,134.8800048828125,134.94500732421875,72225.0
2026-03-10 19:58:00+00:00,134.9499969482422,135.0399932861328,134.9499969482422,135.02499389648438,91802.0
2026-03-10 19:59:00+00:00,135.02999877929688,135.27999877929688,135.00999450683594,135.1999969482422,163352.0
2026-03-11 13:30:00+00:00,136.4499969482422,136.4499969482422,135.75,136.11000061035156,164935.0
2026-03-11 13:31:00+00:00,136.08999633789062,136.80999755859375,136.08999633789062,136.7449951171875,27083.0
2026-03-11 13:32:00+00:00,136.77000427246094,136.89999389648438,136.6199951171875,136.89999389648438,14594.0
2026-03-11 13:33:00+00:00,136.89999389648438,136.89999389648438,136.6199951171875,136.89999389648438,14373.0
2026-03-11 13:34:00+00:00,136.89999389648438,137.1300048828125,136.89999389648438,137.09500122070312,38317.0
2026-03-11 13:35:00+00:00,137.10000610351562,137.5500030517578,137.10000610351562,137.4550018310547,35169.0
2026-03-11 13:36:00+00:00,137.4199981689453,137.4199981689453,137.08999633789062,137.3699951171875,15707.0
2026-03-11 13:37:00+00:00,137.38499450683594,137.57000732421875,137.35629272460938,137.5,14376.0
2026-03-11 13:38:00+00:00,137.52499389648438,137.8000030517578,137.51600646972656,137.64500427246094,25809.0
2026-03-11 13:39:00+00:00,137.64500427246094,138.0500030517578,137.625,137.9149932861328,38157.0
2026-03-11 13:40:00+00:00,138.0,138.1999053955078,137.76499938964844,137.76499938964844,39131.0
2026-03-11 13:41:00+00:00,137.77999877929688,137.77999877929688,137.19009399414062,137.19009399414062,18042.0
2026-03-11 13:42:00+00:00,137.2899932861328,137.2899932861328,136.8300018310547,136.9600067138672,34549.0
2026-03-11 13:43:00+00:00,136.9001007080078,136.97999572753906,136.86000061035156,136.86000061035156,10672.0
2026-03-11 13:44:00+00:00,136.86000061035156,136.86000061035156,136.50999450683594,136.67999267578125,14101.0
2026-03-11 13:45:00+00:00,136.72999572753906,136.79690551757812,136.6376953125,136.76499938964844,14418.0
2026-03-11 13:46:00+00:00,136.76499938964844,136.76499938964844,136.2899932861328,136.48989868164062,19958.0
2026-03-11 13:47:00+00:00,136.39999389648438,136.4600067138672,136.31179809570312,136.38999938964844,19560.0
2026-03-11 13:48:00+00:00,136.38999938964844,136.42999267578125,136.27999877929688,136.3350067138672,15060.0
2026-03-11 13:49:00+00:00,136.3800048828125,136.4199981689453,136.32000732421875,136.34500122070312,11647.0
2026-03-11 13:50:00+00:00,136.39999389648438,136.48500061035156,136.36000061035156,136.38999938964844,15524.0
2026-03-11 13:51:00+00:00,136.3699951171875,136.3699951171875,136.1199951171875,136.32989501953125,14629.0
2026-03-11 13:52:00+00:00,136.19000244140625,136.1999053955078,136.02000427246094,136.1999053955078,9644.0
2026-03-11 13:53:00+00:00,136.1999969482422,136.4199981689453,136.14999389648438,136.22999572753906,10278.0
2026-03-11 13:54:00+00:00,136.1999969482422,136.26499938964844,136.0399932861328,136.26499938964844,14545.0
2026-03-11 13:55:00+00:00,136.26499938964844,136.3551025390625,136.00999450683594,136.19500732421875,18171.0
2026-03-11 13:56:00+00:00,136.22999572753906,136.22999572753906,136.07000732421875,136.17999267578125,18233.0
2026-03-11 13:57:00+00:00,136.1699981689453,136.25,136.1199951171875,136.2100067138672,9712.0
2026-03-11 13:58:00+00:00,136.2100067138672,136.32000732421875,136.16000366210938,136.32000732421875,10759.0
2026-03-11 13:59:00+00:00,136.32000732421875,136.35000610351562,136.17999267578125,136.27000427246094,7311.0
2026-03-11 14:00:00+00:00,136.1999969482422,136.64500427246094,136.13999938964844,136.64500427246094,21970.0
2026-03-11 14:01:00+00:00,136.64500427246094,136.69000244140625,136.36000061035156,136.44000244140625,25676.0
2026-03-11 14:02:00+00:00,136.39999389648438,136.39999389648438,136.06500244140625,136.17999267578125,14721.0
2026-03-11 14:03:00+00:00,136.21499633789062,136.21499633789062,135.92999267578125,136.0399932861328,15999.0
2026-03-11 14:04:00+00:00,136.11000061035156,136.1300048828125,135.74000549316406,135.74000549316406,27326.0
2026-03-11 14:05:00+00:00,135.74000549316406,135.97000122070312,135.74000549316406,135.88999938964844,41060.0
2026-03-11 14:06:00+00:00,136.0,136.10000610351562,135.96499633789062,136.0399932861328,11580.0
2026-03-11 14:07:00+00:00,136.0399932861328,136.10000610351562,135.94000244140625,136.00070190429688,18281.0
2026-03-11 14:08:00+00:00,135.89999389648438,135.97999572753906,135.74000549316406,135.9499969482422,16752.0
2026-03-11 14:09:00+00:00,136.0,136.16000366210938,135.89010620117188,136.16000366210938,14395.0
2026-03-11 14:10:00+00:00,136.0850067138672,136.14999389648438,135.7899932861328,135.7899932861328,11761.0
2026-03-11 14:11:00+00:00,135.8800048828125,135.88999938964844,135.64999389648438,135.71499633789062,10615.0
2026-03-11 14:12:00+00:00,135.71499633789062,135.71499633789062,135.35499572753906,135.35499572753906,25769.0
2026-03-11 14:13:00+00:00,135.38470458984375,135.38470458984375,135.14500427246094,135.14500427246094,10732.0
2026-03-11 14:14:00+00:00,135.14500427246094,135.2100067138672,135.02499389648438,135.11000061035156,60351.0
2026-03-11 14:15:00+00:00,135.1199951171875,135.27000427246094,135.1199951171875,135.22999572753906,24724.0
2026-03-11 14:16:00+00:00,135.22999572753906,135.30999755859375,135.1199951171875,135.2100067138672,15901.0
2026-03-11 14:17:00+00:00,135.21499633789062,135.21499633789062,135.0399932861328,135.07749938964844,19961.0
2026-03-11 14:18:00+00:00,135.0399932861328,135.0800018310547,134.6699981689453,135.05999755859375,44354.0
2026-03-11 14:19:00+00:00,135.11500549316406,135.3300018310547,135.11500549316406,135.19000244140625,17658.0
2026-03-11 14:20:00+00:00,135.19000244140625,135.43710327148438,135.08999633789062,135.3800048828125,25626.0
2026-03-11 14:21:00+00:00,135.375,135.5,135.35000610351562,135.39500427246094,11942.0
2026-03-11 14:22:00+00:00,135.39500427246094,135.4499969482422,135.3101043701172,135.39999389648438,10985.0
2026-03-11 14:23:00+00:00,135.38999938964844,135.39999389648438,135.14999389648438,135.1999969482422,11747.0
2026-03-11 14:24:00+00:00,135.0,135.0800018310547,134.85009765625,134.97999572753906,11813.0
2026-03-11 14:25:00+00:00,134.97999572753906,135.07000732421875,134.94500732421875,135.0050048828125,11582.0
2026-03-11 14:26:00+00:00,135.02499389648438,135.10000610351562,134.91009521484375,134.95579528808594,19762.0
2026-03-11 14:27:00+00:00,134.9199981689453,134.9199981689453,134.75999450683594,134.75999450683594,10146.0
2026-03-11 14:28:00+00:00,134.69000244140625,134.86000061035156,134.69000244140625,134.86000061035156,17369.0
2026-03-11 14:29:00+00:00,134.83999633789062,135.16000366210938,134.83999633789062,135.16000366210938,11334.0
2026-03-11 14:30:00+00:00,135.1199951171875,135.25,135.10000610351562,135.18499755859375,12940.0
2026-03-11 14:31:00+00:00,135.19000244140625,135.25999450683594,135.0,135.0,13794.0
2026-03-11 14:32:00+00:00,135.00999450683594,135.00999450683594,134.9949951171875,134.9949951171875,5162.0
2026-03-11 14:33:00+00:00,134.92999267578125,135.1199951171875,134.92999267578125,135.06500244140625,11124.0
2026-03-11 14:34:00+00:00,135.05999755859375,135.0800018310547,135.00999450683594,135.0800018310547,8072.0
2026-03-11 14:35:00+00:00,135.13999938964844,135.25,135.1199951171875,135.16000366210938,25940.0
2026-03-11 14:36:00+00:00,135.1999969482422,135.36000061035156,135.16000366210938,135.30499267578125,8442.0
2026-03-11 14:37:00+00:00,135.3699951171875,135.49000549316406,135.3699951171875,135.41000366210938,7051.0
2026-03-11 14:38:00+00:00,135.4600067138672,135.53500366210938,135.4499969482422,135.4600067138672,6408.0
2026-03-11 14:39:00+00:00,135.42999267578125,135.44000244140625,135.36000061035156,135.4250030517578,11020.0
2026-03-11 14:40:00+00:00,135.39999389648438,135.6699981689453,135.36000061035156,135.5850067138672,11135.0
2026-03-11 14:41:00+00:00,135.5850067138672,135.5850067138672,135.47999572753906,135.57000732421875,8764.0
2026-03-11 14:42:00+00:00,135.66000366210938,135.69000244140625,135.52999877929688,135.60000610351562,11021.0
2026-03-11 14:43:00+00:00,135.61000061035156,135.66000366210938,135.5500946044922,135.65499877929688,2789.0
2026-03-11 14:44:00+00:00,135.66000366210938,135.84410095214844,135.64999389648438,135.8249969482422,18550.0
2026-03-11 14:45:00+00:00,135.8000030517578,135.8000030517578,135.66000366210938,135.6750030517578,12429.0
2026-03-11 14:46:00+00:00,135.72999572753906,135.75,135.5399932861328,135.5399932861328,6237.0
2026-03-11 14:47:00+00:00,135.55999755859375,135.6699981689453,135.49000549316406,135.52000427246094,14154.0
2026-03-11 14:48:00+00:00,135.59500122070312,135.63999938964844,135.34539794921875,135.39999389648438,11386.0
2026-03-11 14:49:00+00:00,135.42999267578125,135.47500610351562,135.32000732421875,135.34500122070312,9525.0
2026-03-11 14:50:00+00:00,135.2100067138672,135.4199981689453,135.2100067138672,135.38999938964844,11056.0
2026-03-11 14:51:00+00:00,135.41000366210938,135.41000366210938,135.3300018310547,135.38999938964844,4426.0
2026-03-11 14:52:00+00:00,135.4499969482422,135.47000122070312,135.4149932861328,135.42999267578125,5285.0
2026-03-11 14:53:00+00:00,135.42010498046875,135.50999450683594,135.3800048828125,135.4824981689453,7028.0
2026-03-11 14:54:00+00:00,135.4550018310547,135.4600067138672,135.30999755859375,135.40499877929688,9942.0
2026-03-11 14:55:00+00:00,135.38999938964844,135.4499969482422,135.3000030517578,135.4499969482422,8560.0
2026-03-11 14:56:00+00:00,135.39999389648438,135.61500549316406,135.39999389648438,135.55999755859375,21086.0
2026-03-11 14:57:00+00:00,135.52999877929688,135.57000732421875,135.5,135.5570068359375,4074.0
2026-03-11 14:58:00+00:00,135.57000732421875,135.57000732421875,135.47000122070312,135.5449981689453,6771.0
2026-03-11 14:59:00+00:00,135.55499267578125,135.6300048828125,135.5399932861328,135.5749969482422,10258.0
2026-03-11 15:00:00+00:00,135.6300048828125,135.82000732421875,135.6300048828125,135.77999877929688,11592.0
2026-03-11 15:01:00+00:00,135.82000732421875,135.86000061035156,135.63999938964844,135.63999938964844,7985.0
2026-03-11 15:02:00+00:00,135.6649932861328,135.6649932861328,135.4499969482422,135.4550018310547,11313.0
2026-03-11 15:03:00+00:00,135.4199981689453,135.5399932861328,135.33999633789062,135.36000061035156,28154.0
2026-03-11 15:04:00+00:00,135.35000610351562,135.4199981689453,135.2899932861328,135.38499450683594,27206.0
2026-03-11 15:05:00+00:00,135.39500427246094,135.4199981689453,135.25,135.27999877929688,14885.0
2026-03-11 15:06:00+00:00,135.3000030517578,135.3300018310547,135.1999969482422,135.1999969482422,13664.0
2026-03-11 15:07:00+00:00,135.18800354003906,135.235107421875,135.16000366210938,135.19500732421875,24964.0
2026-03-11 15:08:00+00:00,135.1999969482422,135.24000549316406,135.16000366210938,135.2100067138672,16359.0
2026-03-11 15:09:00+00:00,135.25,135.3000030517578,135.2100067138672,135.2550048828125,9175.0
2026-03-11 15:10:00+00:00,135.2550048828125,135.41000366210938,135.13999938964844,135.19000244140625,19034.0
2026-03-11 15:11:00+00:00,135.1199951171875,135.1199951171875,134.94000244140625,134.99000549316406,15378.0
2026-03-11 15:12:00+00:00,134.9906005859375,135.0399932861328,134.75999450683594,134.75999450683594,14070.0
2026-03-11 15:13:00+00:00,134.67999267578125,134.83999633789062,134.64720153808594,134.8249969482422,10058.0
2026-03-11 15:14:00+00:00,134.7899932861328,134.9199981689453,134.75,134.86500549316406,10522.0
2026-03-11 15:15:00+00:00,134.8000030517578,134.8000030517578,134.67999267578125,134.72999572753906,9597.0
2026-03-11 15:16:00+00:00,134.66000366210938,134.75,134.60150146484375,134.6699981689453,10383.0
2026-03-11 15:17:00+00:00,134.6199951171875,134.69000244140625,134.5500030517578,134.60000610351562,18434.0
2026-03-11 15:18:00+00:00,134.60000610351562,134.74000549316406,134.55999755859375,134.72999572753906,10680.0
2026-03-11 15:19:00+00:00,134.74000549316406,134.8000030517578,134.72000122070312,134.76499938964844,8276.0
2026-03-11 15:20:00+00:00,134.8173065185547,134.9550018310547,134.78500366210938,134.9550018310547,7476.0
2026-03-11 15:21:00+00:00,134.94000244140625,134.99000549316406,134.85110473632812,134.99000549316406,8441.0
2026-03-11 15:22:00+00:00,134.860107421875,134.99000549316406,134.860107421875,134.9600067138672,9938.0
2026-03-11 15:23:00+00:00,135.0,135.1300048828125,134.99119567871094,135.125,10786.0
2026-03-11 15:24:00+00:00,135.16000366210938,135.27999877929688,135.1300048828125,135.22999572753906,9436.0
2026-03-11 15:25:00+00:00,135.2301025390625,135.2899932861328,135.17999267578125,135.1999969482422,6215.0
2026-03-11 15:26:00+00:00,135.14999389648438,135.14999389648438,135.0500030517578,135.10000610351562,9015.0
2026-03-11 15:27:00+00:00,135.0500030517578,135.0500030517578,134.9499969482422,135.03500366210938,11539.0
2026-03-11 15:28:00+00:00,135.08999633789062,135.14999389648438,135.0399932861328,135.0399932861328,7052.0
2026-03-11 15:29:00+00:00,135.05499267578125,135.08990478515625,134.97000122070312,135.02000427246094,18976.0
2026-03-11 15:30:00+00:00,135.05999755859375,135.08999633789062,134.83889770507812,134.85499572753906,10423.0
2026-03-11 15:31:00+00:00,134.8300018310547,134.8350067138672,134.67999267578125,134.7100067138672,12922.0
2026-03-11 15:32:00+00:00,134.64999389648438,134.75999450683594,134.60000610351562,134.7100067138672,20701.0
2026-03-11 15:33:00+00:00,134.7100067138672,134.7899932861328,134.67999267578125,134.71719360351562,13633.0
2026-03-11 15:34:00+00:00,134.68499755859375,134.860107421875,134.66000366210938,134.84500122070312,16849.0
2026-03-11 15:35:00+00:00,134.85000610351562,134.88999938964844,134.75999450683594,134.75999450683594,10873.0
2026-03-11 15:36:00+00:00,134.75999450683594,134.82000732421875,134.73500061035156,134.7899932861328,7534.0
2026-03-11 15:37:00+00:00,134.83999633789062,134.8699951171875,134.6999969482422,134.82000732421875,12573.0
2026-03-11 15:38:00+00:00,134.8249969482422,134.88999938964844,134.81500244140625,134.8175048828125,8423.0
2026-03-11 15:39:00+00:00,134.83999633789062,134.83999633789062,134.7100067138672,134.75999450683594,8867.0
2026-03-11 15:40:00+00:00,134.7100067138672,134.8699951171875,134.7100067138672,134.74000549316406,8519.0
2026-03-11 15:41:00+00:00,134.8000030517578,134.82000732421875,134.72000122070312,134.75999450683594,8432.0
2026-03-11 15:42:00+00:00,134.77000427246094,134.8300018310547,134.72000122070312,134.8300018310547,6763.0
2026-03-11 15:43:00+00:00,134.85000610351562,134.88999938964844,134.7100067138672,134.72999572753906,12143.0
2026-03-11 15:44:00+00:00,134.6999969482422,134.7050018310547,134.60000610351562,134.63999938964844,10833.0
2026-03-11 15:45:00+00:00,134.60000610351562,134.74000549316406,134.5500030517578,134.63999938964844,28783.0
2026-03-11 15:46:00+00:00,134.5800018310547,134.61000061035156,134.50999450683594,134.5449981689453,29153.0
2026-03-11 15:47:00+00:00,134.48500061035156,134.5500030517578,134.4199981689453,134.42999267578125,41229.0
2026-03-11 15:48:00+00:00,134.46499633789062,134.5,134.3249969482422,134.3249969482422,20066.0
2026-03-11 15:49:00+00:00,134.36500549316406,134.52999877929688,134.33999633789062,134.51499938964844,22619.0
2026-03-11 15:50:00+00:00,134.52499389648438,134.69000244140625,134.5200958251953,134.67999267578125,21686.0
2026-03-11 15:51:00+00:00,134.6999969482422,134.77999877929688,134.69000244140625,134.69000244140625,14770.0
2026-03-11 15:52:00+00:00,134.68499755859375,134.75,134.63499450683594,134.7449951171875,14730.0
2026-03-11 15:53:00+00:00,134.74000549316406,134.77499389648438,134.61000061035156,134.75,18483.0
2026-03-11 15:54:00+00:00,134.7449951171875,134.8000030517578,134.7100067138672,134.75,6976.0
2026-03-11 15:55:00+00:00,134.77499389648438,134.82000732421875,134.66000366210938,134.76499938964844,10180.0
2026-03-11 15:56:00+00:00,134.82000732421875,134.82000732421875,134.63999938964844,134.75999450683594,5435.0
2026-03-11 15:57:00+00:00,134.82000732421875,134.88999938964844,134.77999877929688,134.83999633789062,7519.0
2026-03-11 15:58:00+00:00,134.8350067138672,134.8350067138672,134.72000122070312,134.72999572753906,12925.0
2026-03-11 15:59:00+00:00,134.72500610351562,134.8000030517578,134.6999969482422,134.75,16367.0
2026-03-11 16:00:00+00:00,134.7550048828125,134.75999450683594,134.58999633789062,134.63999938964844,10730.0
2026-03-11 16:01:00+00:00,134.69000244140625,134.75,134.66000366210938,134.74000549316406,4352.0
2026-03-11 16:02:00+00:00,134.66000366210938,134.75999450683594,134.56500244140625,134.7449951171875,11366.0
2026-03-11 16:03:00+00:00,134.7449951171875,134.83999633789062,134.7301025390625,134.75999450683594,13129.0
2026-03-11 16:04:00+00:00,134.75999450683594,134.79010009765625,134.63999938964844,134.65499877929688,8897.0
2026-03-11 16:05:00+00:00,134.7198944091797,134.7198944091797,134.6199951171875,134.64500427246094,6255.0
2026-03-11 16:06:00+00:00,134.58999633789062,134.7899932861328,134.58999633789062,134.77000427246094,8720.0
2026-03-11 16:07:00+00:00,134.7799072265625,134.82000732421875,134.72999572753906,134.74000549316406,11776.0
2026-03-11 16:08:00+00:00,134.72999572753906,134.74000549316406,134.66000366210938,134.66000366210938,6225.0
2026-03-11 16:09:00+00:00,134.69000244140625,134.7899932861328,134.66000366210938,134.7899932861328,4249.0
2026-03-11 16:10:00+00:00,134.72999572753906,134.83999633789062,134.7100067138672,134.8000030517578,10880.0
2026-03-11 16:11:00+00:00,134.88999938964844,134.89999389648438,134.78500366210938,134.8000030517578,5801.0
2026-03-11 16:12:00+00:00,134.8000030517578,134.83999633789062,134.74000549316406,134.83999633789062,9812.0
2026-03-11 16:13:00+00:00,134.82000732421875,134.9499969482422,134.8000030517578,134.9499969482422,33602.0
2026-03-11 16:14:00+00:00,134.93499755859375,134.9600067138672,134.8300018310547,134.89999389648438,8515.0
2026-03-11 16:15:00+00:00,134.86500549316406,134.88999938964844,134.7899932861328,134.82000732421875,15792.0
2026-03-11 16:16:00+00:00,134.77000427246094,134.83999633789062,134.72000122070312,134.7899932861328,11684.0
2026-03-11 16:17:00+00:00,134.76499938964844,134.76499938964844,134.6300048828125,134.72000122070312,25033.0
2026-03-11 16:18:00+00:00,134.71499633789062,134.83999633789062,134.6800994873047,134.83009338378906,6544.0
2026-03-11 16:19:00+00:00,134.81500244140625,134.81500244140625,134.6300048828125,134.64999389648438,6370.0
2026-03-11 16:20:00+00:00,134.63499450683594,134.63499450683594,134.55999755859375,134.58999633789062,12658.0
2026-03-11 16:21:00+00:00,134.5850067138672,134.66000366210938,134.5500030517578,134.6300048828125,12471.0
2026-03-11 16:22:00+00:00,134.6300048828125,134.72000122070312,134.6300048828125,134.72000122070312,9370.0
2026-03-11 16:23:00+00:00,134.75,134.82000732421875,134.74000549316406,134.74000549316406,7383.0
2026-03-11 16:24:00+00:00,134.69000244140625,134.75999450683594,134.69000244140625,134.69000244140625,5179.0
2026-03-11 16:25:00+00:00,134.75,134.82000732421875,134.69000244140625,134.69000244140625,13343.0
2026-03-11 16:26:00+00:00,134.67999267578125,134.6999969482422,134.60000610351562,134.67999267578125,8386.0
2026-03-11 16:27:00+00:00,134.72000122070312,134.86000061035156,134.6999969482422,134.86000061035156,6561.0
2026-03-11 16:28:00+00:00,134.8300018310547,134.85000610351562,134.72999572753906,134.77999877929688,8689.0
2026-03-11 16:29:00+00:00,134.8000030517578,134.80999755859375,134.74000549316406,134.80999755859375,4795.0
2026-03-11 16:30:00+00:00,134.80999755859375,134.89999389648438,134.80999755859375,134.85000610351562,10322.0
2026-03-11 16:31:00+00:00,134.85499572753906,134.92999267578125,134.85499572753906,134.91000366210938,10424.0
2026-03-11 16:32:00+00:00,134.92999267578125,134.92999267578125,134.8300018310547,134.86500549316406,8740.0
2026-03-11 16:33:00+00:00,134.86500549316406,134.97000122070312,134.80999755859375,134.97000122070312,10524.0
2026-03-11 16:34:00+00:00,134.97999572753906,135.03500366210938,134.97000122070312,135.02499389648438,6707.0
2026-03-11 16:35:00+00:00,134.97000122070312,134.97999572753906,134.82000732421875,134.8699951171875,12657.0
2026-03-11 16:36:00+00:00,134.85000610351562,134.85000610351562,134.77999877929688,134.80999755859375,5173.0
2026-03-11 16:37:00+00:00,134.8300018310547,134.8699951171875,134.8300018310547,134.85000610351562,6776.0
2026-03-11 16:38:00+00:00,134.85000610351562,134.88999938964844,134.80499267578125,134.8800048828125,8627.0
2026-03-11 16:39:00+00:00,134.83999633789062,134.88999938964844,134.82000732421875,134.8800048828125,9430.0
2026-03-11 16:40:00+00:00,134.8699951171875,135.02999877929688,134.8699951171875,135.02499389648438,12162.0
2026-03-11 16:41:00+00:00,135.00999450683594,135.0399932861328,134.97999572753906,135.0399932861328,11189.0
2026-03-11 16:42:00+00:00,135.01499938964844,135.0399932861328,134.94000244140625,134.97000122070312,5587.0
2026-03-11 16:43:00+00:00,134.9600067138672,135.01499938964844,134.91000366210938,135.0050048828125,8775.0
2026-03-11 16:44:00+00:00,135.00999450683594,135.05999755859375,134.9600067138672,134.96180725097656,8406.0
2026-03-11 16:45:00+00:00,135.0,135.0,134.85499572753906,134.8800048828125,7150.0
2026-03-11 16:46:00+00:00,134.83999633789062,135.07000732421875,134.80499267578125,135.05589294433594,17253.0
2026-03-11 16:47:00+00:00,135.07000732421875,135.13999938964844,135.04159545898438,135.04159545898438,9971.0
2026-03-11 16:48:00+00:00,135.11000061035156,135.11000061035156,134.97999572753906,135.0050048828125,10810.0
2026-03-11 16:49:00+00:00,135.04989624023438,135.04989624023438,134.9499969482422,134.97000122070312,5713.0
2026-03-11 16:50:00+00:00,134.97000122070312,135.02999877929688,134.9199981689453,134.9199981689453,9338.0
2026-03-11 16:51:00+00:00,134.92190551757812,135.0,134.8800048828125,134.9600067138672,17273.0
2026-03-11 16:52:00+00:00,134.99000549316406,135.0399932861328,134.9499969482422,134.9949951171875,7967.0
2026-03-11 16:53:00+00:00,134.97999572753906,135.0500030517578,134.97999572753906,135.02000427246094,6413.0
2026-03-11 16:54:00+00:00,135.0399932861328,135.0500030517578,134.99000549316406,135.02499389648438,7024.0
2026-03-11 16:55:00+00:00,135.02499389648438,135.02999877929688,134.94000244140625,134.98500061035156,7079.0
2026-03-11 16:56:00+00:00,135.0,135.0198974609375,134.97999572753906,134.98500061035156,4752.0
2026-03-11 16:57:00+00:00,134.97999572753906,135.0500030517578,134.97999572753906,135.02999877929688,9169.0
2026-03-11 16:58:00+00:00,135.02999877929688,135.13999938964844,135.02999877929688,135.13999938964844,11873.0
2026-03-11 16:59:00+00:00,135.16000366210938,135.1699981689453,135.0601043701172,135.16000366210938,7710.0
2026-03-11 17:00:00+00:00,135.1699981689453,135.27000427246094,135.12010192871094,135.22000122070312,25659.0
2026-03-11 17:01:00+00:00,135.25,135.25,135.19000244140625,135.19000244140625,5226.0
2026-03-11 17:02:00+00:00,135.14999389648438,135.27000427246094,135.14999389648438,135.24000549316406,15570.0
2026-03-11 17:03:00+00:00,135.24000549316406,135.27999877929688,135.2100067138672,135.2100067138672,7109.0
2026-03-11 17:04:00+00:00,135.21499633789062,135.27000427246094,135.1999969482422,135.25,22740.0
2026-03-11 17:05:00+00:00,135.24000549316406,135.2899932861328,135.13999938964844,135.18499755859375,18092.0
2026-03-11 17:06:00+00:00,135.2050018310547,135.21499633789062,134.9499969482422,134.99029541015625,68639.0
2026-03-11 17:07:00+00:00,135.01499938964844,135.11000061035156,135.01499938964844,135.0800018310547,17486.0
2026-03-11 17:08:00+00:00,135.1199951171875,135.2100067138672,135.0,135.0399932861328,43733.0
2026-03-11 17:09:00+00:00,135.02000427246094,135.02000427246094,134.89999389648438,134.97000122070312,8835.0
2026-03-11 17:10:00+00:00,134.92999267578125,134.9550018310547,134.8800048828125,134.9149932861328,11971.0
2026-03-11 17:11:00+00:00,134.9499969482422,135.0500030517578,134.9499969482422,134.97000122070312,10499.0
2026-03-11 17:12:00+00:00,135.0,135.01100158691406,134.97500610351562,134.98500061035156,4661.0
2026-03-11 17:13:00+00:00,134.98500061035156,135.08999633789062,134.88999938964844,135.05999755859375,20271.0
2026-03-11 17:14:00+00:00,135.08999633789062,135.08999633789062,135.00999450683594,135.00999450683594,5099.0
2026-03-11 17:15:00+00:00,134.97999572753906,135.0800018310547,134.97999572753906,135.0800018310547,5495.0
2026-03-11 17:16:00+00:00,135.0399932861328,135.17999267578125,135.0399932861328,135.1475067138672,48487.0
2026-03-11 17:17:00+00:00,135.1300048828125,135.13499450683594,135.0500030517578,135.0500030517578,5801.0
2026-03-11 17:18:00+00:00,135.0500030517578,135.0500030517578,134.89999389648438,134.89999389648438,6048.0
2026-03-11 17:19:00+00:00,134.90699768066406,134.97000122070312,134.90699768066406,134.94500732421875,8020.0
2026-03-11 17:20:00+00:00,134.97999572753906,135.07000732421875,134.97000122070312,135.07000732421875,6928.0
2026-03-11 17:21:00+00:00,135.02000427246094,135.11000061035156,135.00999450683594,135.0500030517578,5237.0
2026-03-11 17:22:00+00:00,135.11000061035156,135.1199951171875,135.02999877929688,135.10000610351562,4438.0
2026-03-11 17:23:00+00:00,135.10000610351562,135.10000610351562,135.06500244140625,135.10000610351562,5102.0
2026-03-11 17:24:00+00:00,135.02999877929688,135.11000061035156,135.02999877929688,135.11000061035156,7169.0
2026-03-11 17:25:00+00:00,135.1199951171875,135.1649932861328,135.10000610351562,135.1300048828125,22901.0
2026-03-11 17:26:00+00:00,135.1699981689453,135.19000244140625,135.14999389648438,135.14999389648438,4212.0
2026-03-11 17:27:00+00:00,135.19000244140625,135.25,135.10000610351562,135.25,12611.0
2026-03-11 17:28:00+00:00,135.16000366210938,135.16000366210938,135.11000061035156,135.14999389648438,6519.0
2026-03-11 17:29:00+00:00,135.13999938964844,135.14999389648438,135.0800018310547,135.1199951171875,3512.0
2026-03-11 17:30:00+00:00,135.14999389648438,135.14999389648438,135.0500030517578,135.07000732421875,6937.0
2026-03-11 17:31:00+00:00,135.0500030517578,135.0500030517578,134.88999938964844,134.88999938964844,12506.0
2026-03-11 17:32:00+00:00,134.94000244140625,135.0384979248047,134.91000366210938,135.0384979248047,10250.0
2026-03-11 17:33:00+00:00,135.02000427246094,135.07000732421875,135.00999450683594,135.02499389648438,9303.0
2026-03-11 17:34:00+00:00,135.02499389648438,135.02999877929688,134.94000244140625,134.94000244140625,7278.0
2026-03-11 17:35:00+00:00,135.0,135.05999755859375,134.92999267578125,134.94509887695312,9544.0
2026-03-11 17:36:00+00:00,134.94500732421875,134.99000549316406,134.6999969482422,134.6999969482422,11445.0
2026-03-11 17:37:00+00:00,134.74000549316406,134.7449951171875,134.42999267578125,134.42999267578125,27200.0
2026-03-11 17:38:00+00:00,134.4499969482422,134.47999572753906,134.32000732421875,134.33999633789062,14222.0
2026-03-11 17:39:00+00:00,134.36000061035156,134.5800018310547,134.30999755859375,134.52999877929688,20164.0
2026-03-11 17:40:00+00:00,134.52999877929688,134.72659301757812,134.50999450683594,134.50999450683594,11784.0
2026-03-11 17:41:00+00:00,134.57000732421875,134.57000732421875,134.4199981689453,134.5050048828125,8973.0
2026-03-11 17:42:00+00:00,134.5050048828125,134.5050048828125,134.3699951171875,134.4149932861328,9158.0
2026-03-11 17:43:00+00:00,134.4149932861328,134.49989318847656,134.30999755859375,134.30999755859375,7670.0
2026-03-11 17:44:00+00:00,134.30999755859375,134.4600067138672,134.25999450683594,134.4600067138672,15253.0
2026-03-11 17:45:00+00:00,134.39999389648438,134.4199981689453,134.27999877929688,134.35000610351562,40902.0
2026-03-11 17:46:00+00:00,134.3040008544922,134.42999267578125,134.2899932861328,134.42999267578125,16194.0
2026-03-11 17:47:00+00:00,134.4499969482422,134.5500030517578,134.4499969482422,134.4615020751953,17525.0
2026-03-11 17:48:00+00:00,134.4600067138672,134.52000427246094,134.25,134.3000030517578,72888.0
2026-03-11 17:49:00+00:00,134.30999755859375,134.4499969482422,134.30999755859375,134.4499969482422,13144.0
2026-03-11 17:50:00+00:00,134.4250030517578,134.52000427246094,134.41009521484375,134.47000122070312,28406.0
2026-03-11 17:51:00+00:00,134.5399932861328,134.625,134.50999450683594,134.625,21109.0
2026-03-11 17:52:00+00:00,134.5500030517578,134.58999633789062,134.5500030517578,134.57000732421875,4607.0
2026-03-11 17:53:00+00:00,134.57000732421875,134.5800018310547,134.47999572753906,134.5800018310547,8312.0
2026-03-11 17:54:00+00:00,134.5800018310547,134.60000610351562,134.47000122070312,134.5050048828125,6733.0
2026-03-11 17:55:00+00:00,134.4600067138672,134.5,134.36000061035156,134.4499969482422,15255.0
2026-03-11 17:56:00+00:00,134.4499969482422,134.5050048828125,134.35000610351562,134.35000610351562,12346.0
2026-03-11 17:57:00+00:00,134.38999938964844,134.4600067138672,134.3300018310547,134.4250030517578,13079.0
2026-03-11 17:58:00+00:00,134.41000366210938,134.47000122070312,134.32000732421875,134.43499755859375,19485.0
2026-03-11 17:59:00+00:00,134.4250030517578,134.4250030517578,134.35000610351562,134.35499572753906,7698.0
2026-03-11 18:00:00+00:00,134.35499572753906,134.4199981689453,134.35499572753906,134.3800048828125,8671.0
2026-03-11 18:01:00+00:00,134.3800048828125,134.4499969482422,134.35000610351562,134.39500427246094,18782.0
2026-03-11 18:02:00+00:00,134.39999389648438,134.47000122070312,134.39999389648438,134.47000122070312,7992.0
2026-03-11 18:03:00+00:00,134.42999267578125,134.5399932861328,134.41000366210938,134.4600067138672,38427.0
2026-03-11 18:04:00+00:00,134.4600067138672,134.5,134.3699951171875,134.3699951171875,9380.0
2026-03-11 18:05:00+00:00,134.38999938964844,134.4499969482422,134.3350067138672,134.35000610351562,8421.0
2026-03-11 18:06:00+00:00,134.3800048828125,134.38999938964844,134.3300018310547,134.3800048828125,10467.0
2026-03-11 18:07:00+00:00,134.36000061035156,134.36000061035156,134.25,134.27999877929688,8412.0
2026-03-11 18:08:00+00:00,134.27999877929688,134.27999877929688,134.1999969482422,134.2100067138672,5978.0
2026-03-11 18:09:00+00:00,134.17999267578125,134.22000122070312,134.13999938964844,134.13999938964844,5669.0
2026-03-11 18:10:00+00:00,134.15499877929688,134.15499877929688,134.08999633789062,134.08999633789062,11507.0
2026-03-11 18:11:00+00:00,134.10000610351562,134.10000610351562,134.01010131835938,134.02000427246094,9071.0
2026-03-11 18:12:00+00:00,134.02000427246094,134.08900451660156,133.99000549316406,134.0800018310547,19467.0
2026-03-11 18:13:00+00:00,134.05499267578125,134.1199951171875,134.02000427246094,134.0850067138672,11683.0
2026-03-11 18:14:00+00:00,134.09500122070312,134.14999389648438,134.00999450683594,134.14999389648438,13791.0
2026-03-11 18:15:00+00:00,134.13999938964844,134.18960571289062,134.1199951171875,134.14999389648438,11580.0
2026-03-11 18:16:00+00:00,134.14500427246094,134.14500427246094,134.02000427246094,134.02999877929688,9736.0
2026-03-11 18:17:00+00:00,134.02999877929688,134.0500030517578,133.9600067138672,134.02499389648438,20089.0
2026-03-11 18:18:00+00:00,134.02999877929688,134.1999969482422,134.02999877929688,134.17999267578125,14942.0
2026-03-11 18:19:00+00:00,134.16000366210938,134.1999969482422,134.15220642089844,134.16000366210938,10536.0
2026-03-11 18:20:00+00:00,134.16000366210938,134.27499389648438,134.16000366210938,134.27499389648438,12121.0
2026-03-11 18:21:00+00:00,134.2720947265625,134.2899932861328,134.235595703125,134.25999450683594,9321.0
2026-03-11 18:22:00+00:00,134.26499938964844,134.26499938964844,134.14999389648438,134.22500610351562,11000.0
2026-03-11 18:23:00+00:00,134.1999969482422,134.30999755859375,134.1999969482422,134.3000030517578,9058.0
2026-03-11 18:24:00+00:00,134.3000030517578,134.3000030517578,134.19000244140625,134.2899932861328,12776.0
2026-03-11 18:25:00+00:00,134.3199005126953,134.41000366210938,134.3199005126953,134.41000366210938,8097.0
2026-03-11 18:26:00+00:00,134.40499877929688,134.55490112304688,134.38999938964844,134.49000549316406,11550.0
2026-03-11 18:27:00+00:00,134.4949951171875,134.60000610351562,134.49000549316406,134.60000610351562,6689.0
2026-03-11 18:28:00+00:00,134.60000610351562,134.69000244140625,134.57000732421875,134.610107421875,9188.0
2026-03-11 18:29:00+00:00,134.61000061035156,134.61000061035156,134.5500030517578,134.60000610351562,7696.0
2026-03-11 18:30:00+00:00,134.55999755859375,134.625,134.55999755859375,134.57000732421875,10894.0
2026-03-11 18:31:00+00:00,134.56149291992188,134.63999938964844,134.56149291992188,134.58999633789062,6651.0
2026-03-11 18:32:00+00:00,134.57000732421875,134.5749969482422,134.4600067138672,134.48500061035156,16669.0
2026-03-11 18:33:00+00:00,134.5,134.58999633789062,134.47999572753906,134.50999450683594,10480.0
2026-03-11 18:34:00+00:00,134.5,134.55999755859375,134.47999572753906,134.55999755859375,6564.0
2026-03-11 18:35:00+00:00,134.52999877929688,134.58999633789062,134.47000122070312,134.49000549316406,9166.0
2026-03-11 18:36:00+00:00,134.4600067138672,134.56900024414062,134.4600067138672,134.56900024414062,8498.0
2026-03-11 18:37:00+00:00,134.52999877929688,134.55999755859375,134.5,134.5399932861328,8396.0
2026-03-11 18:38:00+00:00,134.5,134.61500549316406,134.5,134.61500549316406,9724.0
2026-03-11 18:39:00+00:00,134.6300048828125,134.6300048828125,134.52999877929688,134.55999755859375,10766.0
2026-03-11 18:40:00+00:00,134.52999877929688,134.57000732421875,134.50999450683594,134.52499389648438,6308.0
2026-03-11 18:41:00+00:00,134.52499389648438,134.52499389648438,134.39999389648438,134.4199981689453,6138.0
2026-03-11 18:42:00+00:00,134.41000366210938,134.4250030517578,134.3699951171875,134.39999389648438,6411.0
2026-03-11 18:43:00+00:00,134.3699951171875,134.42999267578125,134.3699951171875,134.4199981689453,5524.0
2026-03-11 18:44:00+00:00,134.4199981689453,134.49000549316406,134.4199981689453,134.47999572753906,3964.0
2026-03-11 18:45:00+00:00,134.47000122070312,134.47000122070312,134.41000366210938,134.46499633789062,8833.0
2026-03-11 18:46:00+00:00,134.47999572753906,134.49000549316406,134.41000366210938,134.4149932861328,5787.0
2026-03-11 18:47:00+00:00,134.41000366210938,134.52999877929688,134.38999938964844,134.52999877929688,9656.0
2026-03-11 18:48:00+00:00,134.57000732421875,134.57000732421875,134.49000549316406,134.52130126953125,7369.0
2026-03-11 18:49:00+00:00,134.4987030029297,134.51499938964844,134.42999267578125,134.43499755859375,7637.0
2026-03-11 18:50:00+00:00,134.43499755859375,134.5198974609375,134.42010498046875,134.42010498046875,6604.0
2026-03-11 18:51:00+00:00,134.447998046875,134.5500030517578,134.447998046875,134.5500030517578,10845.0
2026-03-11 18:52:00+00:00,134.52000427246094,134.6199951171875,134.49000549316406,134.5500030517578,7738.0
2026-03-11 18:53:00+00:00,134.55499267578125,134.61000061035156,134.5399932861328,134.58999633789062,4984.0
2026-03-11 18:54:00+00:00,134.61090087890625,134.72500610351562,134.61090087890625,134.6999969482422,7698.0
2026-03-11 18:55:00+00:00,134.6999969482422,134.7899932861328,134.6999969482422,134.77999877929688,5940.0
2026-03-11 18:56:00+00:00,134.80999755859375,134.80999755859375,134.7100067138672,134.7100067138672,5912.0
2026-03-11 18:57:00+00:00,134.7100067138672,134.7100067138672,134.63999938964844,134.66000366210938,6066.0
2026-03-11 18:58:00+00:00,134.63999938964844,134.63999938964844,134.5500030517578,134.5500030517578,10744.0
2026-03-11 18:59:00+00:00,134.5500030517578,134.60000610351562,134.5399932861328,134.60000610351562,5815.0
2026-03-11 19:00:00+00:00,134.61000061035156,134.6300048828125,134.58999633789062,134.60000610351562,7438.0
2026-03-11 19:01:00+00:00,134.60499572753906,134.60499572753906,134.4499969482422,134.4499969482422,7945.0
2026-03-11 19:02:00+00:00,134.4499969482422,134.4499969482422,134.36000061035156,134.36000061035156,6832.0
2026-03-11 19:03:00+00:00,134.3300018310547,134.41000366210938,134.3300018310547,134.39999389648438,4895.0
2026-03-11 19:04:00+00:00,134.40499877929688,134.44000244140625,134.39999389648438,134.40499877929688,4133.0
2026-03-11 19:05:00+00:00,134.39999389648438,134.39999389648438,134.35000610351562,134.375,7004.0
2026-03-11 19:06:00+00:00,134.3699951171875,134.4600067138672,134.3699951171875,134.4600067138672,12402.0
2026-03-11 19:07:00+00:00,134.47999572753906,134.47999572753906,134.41000366210938,134.44000244140625,6093.0
2026-03-11 19:08:00+00:00,134.44000244140625,134.47999572753906,134.44000244140625,134.4499969482422,6439.0
2026-03-11 19:09:00+00:00,134.4199981689453,134.47999572753906,134.4105987548828,134.47000122070312,6563.0
2026-03-11 19:10:00+00:00,134.5,134.50999450683594,134.48370361328125,134.4949951171875,6056.0
2026-03-11 19:11:00+00:00,134.50999450683594,134.5500030517578,134.4499969482422,134.4499969482422,14662.0
2026-03-11 19:12:00+00:00,134.4799041748047,134.47999572753906,134.36000061035156,134.40789794921875,26558.0
2026-03-11 19:13:00+00:00,134.38999938964844,134.4199981689453,134.3300018310547,134.33070373535156,7105.0
2026-03-11 19:14:00+00:00,134.33999633789062,134.41000366210938,134.33999633789062,134.3699951171875,8692.0
2026-03-11 19:15:00+00:00,134.37989807128906,134.37989807128906,134.2949981689453,134.36000061035156,9308.0
2026-03-11 19:16:00+00:00,134.33999633789062,134.41000366210938,134.33999633789062,134.41000366210938,6360.0
2026-03-11 19:17:00+00:00,134.39759826660156,134.41000366210938,134.3000030517578,134.375,13872.0
2026-03-11 19:18:00+00:00,134.3699951171875,134.43499755859375,134.35000610351562,134.43499755859375,9447.0
2026-03-11 19:19:00+00:00,134.44500732421875,134.5,134.39500427246094,134.5,14074.0
2026-03-11 19:20:00+00:00,134.47219848632812,134.49000549316406,134.42999267578125,134.44000244140625,14711.0
2026-03-11 19:21:00+00:00,134.42999267578125,134.4600067138672,134.39999389648438,134.40139770507812,6747.0
2026-03-11 19:22:00+00:00,134.4199981689453,134.4199981689453,134.33999633789062,134.3699951171875,13104.0
2026-03-11 19:23:00+00:00,134.35499572753906,134.35499572753906,134.3000030517578,134.3350067138672,10669.0
2026-03-11 19:24:00+00:00,134.32000732421875,134.3699951171875,134.32000732421875,134.36000061035156,20532.0
2026-03-11 19:25:00+00:00,134.34500122070312,134.4199981689453,134.34500122070312,134.38999938964844,9768.0
2026-03-11 19:26:00+00:00,134.35000610351562,134.35499572753906,134.30050659179688,134.35000610351562,9425.0
2026-03-11 19:27:00+00:00,134.32000732421875,134.35000610351562,134.3000030517578,134.30999755859375,12162.0
2026-03-11 19:28:00+00:00,134.3249969482422,134.3699951171875,134.26280212402344,134.27000427246094,20184.0
2026-03-11 19:29:00+00:00,134.26300048828125,134.3300018310547,134.25999450683594,134.27999877929688,8762.0
2026-03-11 19:30:00+00:00,134.3000030517578,134.32009887695312,134.1750030517578,134.1750030517578,22933.0
2026-03-11 19:31:00+00:00,134.1699981689453,134.24000549316406,134.16000366210938,134.24000549316406,13432.0
2026-03-11 19:32:00+00:00,134.22000122070312,134.3000030517578,134.2100067138672,134.3000030517578,14279.0
2026-03-11 19:33:00+00:00,134.32000732421875,134.33999633789062,134.27980041503906,134.28500366210938,10837.0
2026-03-11 19:34:00+00:00,134.25999450683594,134.40499877929688,134.25999450683594,134.3800048828125,17389.0
2026-03-11 19:35:00+00:00,134.4149932861328,134.4250030517578,134.30999755859375,134.32000732421875,19122.0
2026-03-11 19:36:00+00:00,134.3249969482422,134.36000061035156,134.32000732421875,134.36000061035156,6187.0
2026-03-11 19:37:00+00:00,134.35989379882812,134.3699951171875,134.32000732421875,134.36000061035156,16532.0
2026-03-11 19:38:00+00:00,134.35000610351562,134.42999267578125,134.33999633789062,134.33999633789062,12233.0
2026-03-11 19:39:00+00:00,134.37989807128906,134.37989807128906,134.2803955078125,134.3397979736328,17229.0
2026-03-11 19:40:00+00:00,134.35000610351562,134.4600067138672,134.32000732421875,134.3300018310547,21952.0
2026-03-11 19:41:00+00:00,134.3000030517578,134.3350067138672,134.25,134.2550048828125,15045.0
2026-03-11 19:42:00+00:00,134.24000549316406,134.36000061035156,134.24000549316406,134.36000061035156,11679.0
2026-03-11 19:43:00+00:00,134.35000610351562,134.3800048828125,134.24949645996094,134.3000030517578,15560.0
2026-03-11 19:44:00+00:00,134.30999755859375,134.3350067138672,134.27999877929688,134.3000030517578,15142.0
2026-03-11 19:45:00+00:00,134.3000030517578,134.36000061035156,134.25,134.2550048828125,19808.0
2026-03-11 19:46:00+00:00,134.2449951171875,134.3300018310547,134.19000244140625,134.3300018310547,33994.0
2026-03-11 19:47:00+00:00,134.33999633789062,134.3800048828125,134.3000030517578,134.31500244140625,12380.0
2026-03-11 19:48:00+00:00,134.31500244140625,134.35000610351562,134.30999755859375,134.30999755859375,11632.0
2026-03-11 19:49:00+00:00,134.32000732421875,134.32139587402344,134.2899932861328,134.2949981689453,11568.0
2026-03-11 19:50:00+00:00,134.30999755859375,134.44000244140625,134.3000030517578,134.42999267578125,31220.0
2026-03-11 19:51:00+00:00,134.4199981689453,134.4199981689453,134.32000732421875,134.39999389648438,27568.0
2026-03-11 19:52:00+00:00,134.39999389648438,134.44000244140625,134.3800048828125,134.4199981689453,22822.0
2026-03-11 19:53:00+00:00,134.4199981689453,134.52000427246094,134.39999389648438,134.50999450683594,28376.0
2026-03-11 19:54:00+00:00,134.47999572753906,134.50999450683594,134.25,134.2550048828125,65576.0
2026-03-11 19:55:00+00:00,134.27000427246094,134.2899932861328,134.1300048828125,134.1699981689453,71150.0
2026-03-11 19:56:00+00:00,134.1699981689453,134.24000549316406,134.11000061035156,134.125,67837.0
2026-03-11 19:57:00+00:00,134.125,134.2100067138672,134.0800018310547,134.1649932861328,97452.0
2026-03-11 19:58:00+00:00,134.17999267578125,134.22999572753906,134.16000366210938,134.17999267578125,96514.0
2026-03-11 19:59:00+00:00,134.17999267578125,134.17999267578125,134.0800018310547,134.10000610351562,166128.0
2026-03-12 13:30:00+00:00,133.44000244140625,134.10000610351562,133.1699981689453,133.73500061035156,252431.0
2026-03-12 13:31:00+00:00,133.75,133.81500244140625,133.59500122070312,133.69000244140625,8580.0
2026-03-12 13:32:00+00:00,133.69000244140625,133.93499755859375,133.6387939453125,133.86000061035156,17319.0
2026-03-12 13:33:00+00:00,133.8699951171875,134.0399932861328,133.77000427246094,133.91990661621094,13698.0
2026-03-12 13:34:00+00:00,133.8350067138672,134.2550048828125,133.8300018310547,134.24000549316406,12615.0
2026-03-12 13:35:00+00:00,134.10000610351562,134.25,134.0449981689453,134.20750427246094,25645.0
2026-03-12 13:36:00+00:00,134.19500732421875,134.3249969482422,134.08999633789062,134.10000610351562,18967.0
2026-03-12 13:37:00+00:00,134.13999938964844,134.52000427246094,134.08999633789062,134.52000427246094,9593.0
2026-03-12 13:38:00+00:00,134.63999938964844,134.7899932861328,134.58999633789062,134.69000244140625,33878.0
2026-03-12 13:39:00+00:00,134.7100067138672,134.7100067138672,134.5500030517578,134.6199951171875,20656.0
2026-03-12 13:40:00+00:00,134.62179565429688,134.75999450683594,134.50999450683594,134.6999969482422,20297.0
2026-03-12 13:41:00+00:00,134.71499633789062,134.84500122070312,134.58999633789062,134.58999633789062,29844.0
2026-03-12 13:42:00+00:00,134.58999633789062,134.5998992919922,134.2642059326172,134.3000030517578,15124.0
2026-03-12 13:43:00+00:00,134.2899932861328,134.55999755859375,134.27000427246094,134.4781036376953,7530.0
2026-03-12 13:44:00+00:00,134.52999877929688,134.5399932861328,134.33999633789062,134.41000366210938,14519.0
2026-03-12 13:45:00+00:00,134.30999755859375,134.32000732421875,134.03709411621094,134.08749389648438,13176.0
2026-03-12 13:46:00+00:00,134.05499267578125,134.18499755859375,133.99000549316406,134.0449981689453,11403.0
2026-03-12 13:47:00+00:00,134.05999755859375,134.0800018310547,133.8800048828125,133.9499969482422,24127.0
2026-03-12 13:48:00+00:00,133.97999572753906,134.19500732421875,133.97999572753906,134.17999267578125,14446.0
2026-03-12 13:49:00+00:00,134.17999267578125,134.67999267578125,134.17999267578125,134.67999267578125,21298.0
2026-03-12 13:50:00+00:00,134.68499755859375,134.8699951171875,134.68499755859375,134.72999572753906,21264.0
2026-03-12 13:51:00+00:00,134.7449951171875,134.75999450683594,134.5800018310547,134.63499450683594,21843.0
2026-03-12 13:52:00+00:00,134.6387939453125,134.6699981689453,134.47000122070312,134.47000122070312,15548.0
2026-03-12 13:53:00+00:00,134.44000244140625,134.55999755859375,134.3699951171875,134.3699951171875,11492.0
2026-03-12 13:54:00+00:00,134.39999389648438,134.4427032470703,134.27000427246094,134.3000030517578,17289.0
2026-03-12 13:55:00+00:00,134.3498992919922,134.3498992919922,134.07000732421875,134.17999267578125,35682.0
2026-03-12 13:56:00+00:00,134.1199951171875,134.19000244140625,134.0399932861328,134.1699981689453,20269.0
2026-03-12 13:57:00+00:00,134.1999969482422,134.38999938964844,134.1999969482422,134.35499572753906,30295.0
2026-03-12 13:58:00+00:00,134.30999755859375,134.36000061035156,134.0500030517578,134.0550994873047,15399.0
2026-03-12 13:59:00+00:00,134.02000427246094,134.0800018310547,134.0,134.07000732421875,8706.0
2026-03-12 14:00:00+00:00,134.10000610351562,134.2239990234375,134.02999877929688,134.1300048828125,29295.0
2026-03-12 14:01:00+00:00,134.18499755859375,134.19500732421875,134.05999755859375,134.05999755859375,10886.0
2026-03-12 14:02:00+00:00,134.1199951171875,134.2899932861328,134.1199951171875,134.27000427246094,8913.0
2026-03-12 14:03:00+00:00,134.2899932861328,134.2899932861328,133.96339416503906,134.07000732421875,15371.0
2026-03-12 14:04:00+00:00,134.0800018310547,134.0800018310547,133.64999389648438,133.67999267578125,14192.0
2026-03-12 14:05:00+00:00,133.61000061035156,133.6898956298828,133.5399932861328,133.6898956298828,13502.0
2026-03-12 14:06:00+00:00,133.6199951171875,133.6199951171875,133.4499969482422,133.47000122070312,18509.0
2026-03-12 14:07:00+00:00,133.50050354003906,133.60000610351562,133.3699951171875,133.5,19077.0
2026-03-12 14:08:00+00:00,133.5,133.6300048828125,133.42999267578125,133.60000610351562,27623.0
2026-03-12 14:09:00+00:00,133.60000610351562,133.75,133.5399932861328,133.6750030517578,41515.0
2026-03-12 14:10:00+00:00,133.61000061035156,133.7100067138672,133.60000610351562,133.60499572753906,16411.0
2026-03-12 14:11:00+00:00,133.58999633789062,133.6300048828125,133.5500946044922,133.60499572753906,7227.0
2026-03-12 14:12:00+00:00,133.5500030517578,133.61000061035156,133.5,133.61000061035156,10586.0
2026-03-12 14:13:00+00:00,133.7100067138672,133.7100067138672,133.41000366210938,133.42449951171875,21257.0
2026-03-12 14:14:00+00:00,133.3699951171875,133.47999572753906,133.35000610351562,133.47999572753906,6963.0
2026-03-12 14:15:00+00:00,133.47999572753906,133.57000732421875,133.32000732421875,133.42999267578125,13382.0
2026-03-12 14:16:00+00:00,133.4149932861328,133.4600067138672,133.24000549316406,133.2449951171875,8207.0
2026-03-12 14:17:00+00:00,133.2238006591797,133.2449951171875,133.10499572753906,133.11000061035156,11893.0
2026-03-12 14:18:00+00:00,133.10000610351562,133.10000610351562,132.85000610351562,132.85000610351562,37758.0
2026-03-12 14:19:00+00:00,132.82000732421875,132.82000732421875,132.5800018310547,132.63510131835938,25380.0
2026-03-12 14:20:00+00:00,132.62539672851562,132.62539672851562,132.47999572753906,132.53500366210938,12357.0
2026-03-12 14:21:00+00:00,132.53500366210938,132.5399932861328,132.4499969482422,132.5399932861328,8733.0
2026-03-12 14:22:00+00:00,132.5050048828125,132.6199951171875,132.4499969482422,132.6199951171875,14003.0
2026-03-12 14:23:00+00:00,132.67999267578125,132.7100067138672,132.5850067138672,132.62750244140625,13103.0
2026-03-12 14:24:00+00:00,132.60000610351562,132.6999969482422,132.57000732421875,132.67999267578125,11420.0
2026-03-12 14:25:00+00:00,132.72999572753906,132.92990112304688,132.72999572753906,132.92990112304688,6859.0
2026-03-12 14:26:00+00:00,132.92709350585938,132.93389892578125,132.77999877929688,132.88499450683594,25849.0
2026-03-12 14:27:00+00:00,132.85000610351562,133.02000427246094,132.83999633789062,132.91000366210938,16909.0
2026-03-12 14:28:00+00:00,132.83999633789062,132.8800048828125,132.8000030517578,132.8300018310547,5209.0
2026-03-12 14:29:00+00:00,132.80499267578125,132.88999938964844,132.6300048828125,132.6999969482422,16399.0
2026-03-12 14:30:00+00:00,132.68499755859375,132.87399291992188,132.63999938964844,132.74000549316406,19950.0
2026-03-12 14:31:00+00:00,132.7799072265625,132.83999633789062,132.6999969482422,132.72000122070312,20627.0
2026-03-12 14:32:00+00:00,132.6999969482422,132.77999877929688,132.6699981689453,132.7550048828125,9565.0
2026-03-12 14:33:00+00:00,132.7550048828125,132.80999755859375,132.6699981689453,132.72000122070312,19353.0
2026-03-12 14:34:00+00:00,132.74000549316406,132.86000061035156,132.67999267578125,132.8300018310547,19641.0
2026-03-12 14:35:00+00:00,132.86000061035156,132.89999389648438,132.50999450683594,132.56500244140625,41517.0
2026-03-12 14:36:00+00:00,132.75,132.8000030517578,132.72999572753906,132.74000549316406,8747.0
2026-03-12 14:37:00+00:00,132.74000549316406,132.7949981689453,132.66000366210938,132.77000427246094,23549.0
2026-03-12 14:38:00+00:00,132.64999389648438,132.6999969482422,132.57000732421875,132.69000244140625,16076.0
2026-03-12 14:39:00+00:00,132.6999969482422,132.9199981689453,132.65499877929688,132.90829467773438,11531.0
2026-03-12 14:40:00+00:00,132.9499969482422,133.02499389648438,132.8699951171875,132.8699951171875,16337.0
2026-03-12 14:41:00+00:00,132.89999389648438,132.9600067138672,132.8000030517578,132.83999633789062,17930.0
2026-03-12 14:42:00+00:00,132.7899932861328,132.9499969482422,132.72999572753906,132.9250030517578,15215.0
2026-03-12 14:43:00+00:00,132.88999938964844,132.97000122070312,132.8509979248047,132.9302978515625,17856.0
2026-03-12 14:44:00+00:00,133.00999450683594,133.1300048828125,133.00999450683594,133.0800018310547,4724.0
2026-03-12 14:45:00+00:00,133.0800018310547,133.17999267578125,132.98500061035156,133.14830017089844,11847.0
2026-03-12 14:46:00+00:00,133.10000610351562,133.53500366210938,133.10000610351562,133.42050170898438,24025.0
2026-03-12 14:47:00+00:00,133.52000427246094,133.52999877929688,133.32000732421875,133.35000610351562,9967.0
2026-03-12 14:48:00+00:00,133.28500366210938,133.35000610351562,133.25010681152344,133.2899932861328,13181.0
2026-03-12 14:49:00+00:00,133.28500366210938,133.28500366210938,133.11000061035156,133.1649932861328,25763.0
2026-03-12 14:50:00+00:00,133.1300048828125,133.17999267578125,133.0800018310547,133.0850067138672,10469.0
2026-03-12 14:51:00+00:00,133.0850067138672,133.1300048828125,133.0,133.0,14433.0
2026-03-12 14:52:00+00:00,133.02999877929688,133.1999969482422,133.02999877929688,133.16000366210938,12223.0
2026-03-12 14:53:00+00:00,133.19000244140625,133.22999572753906,133.05999755859375,133.11000061035156,12791.0
2026-03-12 14:54:00+00:00,133.3070068359375,133.3070068359375,133.1199951171875,133.24000549316406,9664.0
2026-03-12 14:55:00+00:00,133.1699981689453,133.3300018310547,133.16000366210938,133.2899932861328,12494.0
2026-03-12 14:56:00+00:00,133.27389526367188,133.35000610351562,133.27389526367188,133.2949981689453,5479.0
2026-03-12 14:57:00+00:00,133.2949981689453,133.44000244140625,133.28500366210938,133.28500366210938,13569.0
2026-03-12 14:58:00+00:00,133.3000030517578,133.30999755859375,133.17010498046875,133.19000244140625,8418.0
2026-03-12 14:59:00+00:00,133.19000244140625,133.3699951171875,133.16000366210938,133.3699951171875,18393.0
2026-03-12 15:00:00+00:00,133.41000366210938,133.4499969482422,133.24000549316406,133.24000549316406,11750.0
2026-03-12 15:01:00+00:00,133.27999877929688,133.38999938964844,133.14999389648438,133.17999267578125,9393.0
2026-03-12 15:02:00+00:00,133.13999938964844,133.2550048828125,133.10000610351562,133.2550048828125,9575.0
2026-03-12 15:03:00+00:00,133.19000244140625,133.33999633789062,133.19000244140625,133.33999633789062,4729.0
2026-03-12 15:04:00+00:00,133.3000030517578,133.3000030517578,133.1894073486328,133.2449951171875,12768.0
2026-03-12 15:05:00+00:00,133.24899291992188,133.24899291992188,133.13999938964844,133.16360473632812,10276.0
2026-03-12 15:06:00+00:00,133.16510009765625,133.19000244140625,133.09170532226562,133.19000244140625,7173.0
2026-03-12 15:07:00+00:00,133.1699981689453,133.30999755859375,133.1699981689453,133.30999755859375,17874.0
2026-03-12 15:08:00+00:00,133.27000427246094,133.3000030517578,133.22000122070312,133.24000549316406,14987.0
2026-03-12 15:09:00+00:00,133.25999450683594,133.35000610351562,133.2550048828125,133.27000427246094,12392.0
2026-03-12 15:10:00+00:00,133.27000427246094,133.3000030517578,133.08999633789062,133.08999633789062,11890.0
2026-03-12 15:11:00+00:00,133.05999755859375,133.1300048828125,133.0500030517578,133.10499572753906,4665.0
2026-03-12 15:12:00+00:00,133.1300048828125,133.25999450683594,133.1300048828125,133.18499755859375,8407.0
2026-03-12 15:13:00+00:00,133.16000366210938,133.16000366210938,133.02000427246094,133.07000732421875,12286.0
2026-03-12 15:14:00+00:00,133.0500030517578,133.14999389648438,133.0500030517578,133.1199951171875,13003.0
2026-03-12 15:15:00+00:00,133.1199951171875,133.14999389648438,133.07000732421875,133.14999389648438,14184.0
2026-03-12 15:16:00+00:00,133.19000244140625,133.25,133.16000366210938,133.1999969482422,13562.0
2026-03-12 15:17:00+00:00,133.16009521484375,133.2899932861328,133.11000061035156,133.2899932861328,53747.0
2026-03-12 15:18:00+00:00,133.27000427246094,133.27000427246094,133.00999450683594,133.08999633789062,15489.0
2026-03-12 15:19:00+00:00,133.0749969482422,133.2100067138672,133.0749969482422,133.14999389648438,12440.0
2026-03-12 15:20:00+00:00,133.16000366210938,133.17999267578125,133.0500030517578,133.0500030517578,7268.0
2026-03-12 15:21:00+00:00,133.0399932861328,133.0399932861328,132.97000122070312,132.97999572753906,12187.0
2026-03-12 15:22:00+00:00,132.98500061035156,133.08999633789062,132.9600067138672,133.0800018310547,6307.0
2026-03-12 15:23:00+00:00,133.02000427246094,133.1300048828125,132.9949951171875,133.00999450683594,9164.0
2026-03-12 15:24:00+00:00,133.0050048828125,133.1300048828125,133.0050048828125,133.11500549316406,5929.0
2026-03-12 15:25:00+00:00,133.11500549316406,133.3699951171875,133.11000061035156,133.32000732421875,15315.0
2026-03-12 15:26:00+00:00,133.35000610351562,133.44000244140625,133.27999877929688,133.3300018310547,16556.0
2026-03-12 15:27:00+00:00,133.35000610351562,133.36000061035156,133.19000244140625,133.2801055908203,19043.0
2026-03-12 15:28:00+00:00,133.32000732421875,133.4199981689453,133.30999755859375,133.4199981689453,11020.0
2026-03-12 15:29:00+00:00,133.39999389648438,133.39999389648438,133.22999572753906,133.25,9110.0
2026-03-12 15:30:00+00:00,133.2449951171875,133.3350067138672,133.2100067138672,133.3350067138672,5012.0
2026-03-12 15:31:00+00:00,133.35000610351562,133.3800048828125,133.3000030517578,133.3300018310547,7633.0
2026-03-12 15:32:00+00:00,133.2899932861328,133.30999755859375,133.2550048828125,133.25999450683594,7741.0
2026-03-12 15:33:00+00:00,133.22000122070312,133.22000122070312,133.1300048828125,133.22000122070312,7088.0
2026-03-12 15:34:00+00:00,133.22999572753906,133.22999572753906,133.14999389648438,133.14999389648438,6829.0
2026-03-12 15:35:00+00:00,133.19500732421875,133.2100067138672,133.08999633789062,133.2100067138672,5286.0
2026-03-12 15:36:00+00:00,133.07000732421875,133.08999633789062,133.02999877929688,133.08999633789062,6509.0
2026-03-12 15:37:00+00:00,133.06500244140625,133.24000549316406,133.02000427246094,133.2100067138672,11196.0
2026-03-12 15:38:00+00:00,133.2100067138672,133.2100067138672,133.0500030517578,133.11000061035156,59986.0
2026-03-12 15:39:00+00:00,133.14999389648438,133.61000061035156,133.14999389648438,133.61000061035156,20088.0
2026-03-12 15:40:00+00:00,133.68499755859375,133.75,133.3699951171875,133.42999267578125,19718.0
2026-03-12 15:41:00+00:00,133.47000122070312,133.6092987060547,133.38999938964844,133.6092987060547,17657.0
2026-03-12 15:42:00+00:00,133.5200958251953,133.6199951171875,133.47999572753906,133.60499572753906,13131.0
2026-03-12 15:43:00+00:00,133.63999938964844,133.67999267578125,133.5399932861328,133.5399932861328,7915.0
2026-03-12 15:44:00+00:00,133.52000427246094,133.64500427246094,133.49000549316406,133.6284942626953,7600.0
2026-03-12 15:45:00+00:00,133.52999877929688,133.55999755859375,133.43499755859375,133.5500030517578,15841.0
2026-03-12 15:46:00+00:00,133.50999450683594,133.52000427246094,133.2100067138672,133.27000427246094,11023.0
2026-03-12 15:47:00+00:00,133.17999267578125,133.17999267578125,133.02999877929688,133.0800018310547,8239.0
2026-03-12 15:48:00+00:00,133.11000061035156,133.31500244140625,133.11000061035156,133.24000549316406,7221.0
2026-03-12 15:49:00+00:00,133.21499633789062,133.21499633789062,133.0800018310547,133.10000610351562,4406.0
2026-03-12 15:50:00+00:00,133.11000061035156,133.17999267578125,133.02999877929688,133.05499267578125,13440.0
2026-03-12 15:51:00+00:00,133.08999633789062,133.1199951171875,132.74000549316406,132.8000030517578,47929.0
2026-03-12 15:52:00+00:00,132.8000030517578,132.92999267578125,132.8000030517578,132.89500427246094,7974.0
2026-03-12 15:53:00+00:00,132.9600067138672,132.97999572753906,132.85000610351562,132.9492950439453,9503.0
2026-03-12 15:54:00+00:00,132.85000610351562,132.8800048828125,132.72999572753906,132.8800048828125,9084.0
2026-03-12 15:55:00+00:00,132.83999633789062,132.8800048828125,132.80999755859375,132.82000732421875,7240.0
2026-03-12 15:56:00+00:00,132.8699951171875,132.94000244140625,132.77999877929688,132.9250030517578,46600.0
2026-03-12 15:57:00+00:00,132.9199981689453,132.9199981689453,132.7050018310547,132.72999572753906,79817.0
2026-03-12 15:58:00+00:00,132.72999572753906,132.8699951171875,132.67999267578125,132.85499572753906,44785.0
2026-03-12 15:59:00+00:00,132.88999938964844,132.91000366210938,132.8249969482422,132.8249969482422,9284.0
2026-03-12 16:00:00+00:00,132.80999755859375,132.8800048828125,132.77999877929688,132.7899932861328,12677.0
2026-03-12 16:01:00+00:00,132.74000549316406,132.9199981689453,132.72999572753906,132.85000610351562,5344.0
2026-03-12 16:02:00+00:00,132.8350067138672,132.90879821777344,132.75999450683594,132.875,11310.0
2026-03-12 16:03:00+00:00,132.91000366210938,132.91000366210938,132.77999877929688,132.7899932861328,8566.0
2026-03-12 16:04:00+00:00,132.7830047607422,132.7830047607422,132.6999969482422,132.7550048828125,21729.0
2026-03-12 16:05:00+00:00,132.7550048828125,132.83999633789062,132.7449951171875,132.77000427246094,9696.0
2026-03-12 16:06:00+00:00,132.74000549316406,132.74000549316406,132.5500030517578,132.61000061035156,21720.0
2026-03-12 16:07:00+00:00,132.61000061035156,132.61000061035156,132.47999572753906,132.52000427246094,16769.0
2026-03-12 16:08:00+00:00,132.4600067138672,132.5,132.36000061035156,132.3699951171875,24487.0
2026-03-12 16:09:00+00:00,132.36000061035156,132.3800048828125,132.22999572753906,132.25,18112.0
2026-03-12 16:10:00+00:00,132.28990173339844,132.4199981689453,132.22000122070312,132.2899932861328,15172.0
2026-03-12 16:11:00+00:00,132.32000732421875,132.36000061035156,132.2949981689453,132.36000061035156,5527.0
2026-03-12 16:12:00+00:00,132.30999755859375,132.3249969482422,132.23500061035156,132.27000427246094,6464.0
2026-03-12 16:13:00+00:00,132.25999450683594,132.42999267578125,132.2100067138672,132.35499572753906,15812.0
2026-03-12 16:14:00+00:00,132.3800048828125,132.5,132.32000732421875,132.5,6460.0
2026-03-12 16:15:00+00:00,132.47000122070312,132.72999572753906,132.47000122070312,132.69000244140625,40969.0
2026-03-12 16:16:00+00:00,132.7050018310547,132.75999450683594,132.6199951171875,132.68499755859375,16373.0
2026-03-12 16:17:00+00:00,132.68499755859375,132.7100067138672,132.47500610351562,132.52000427246094,22822.0
2026-03-12 16:18:00+00:00,132.44000244140625,132.47000122070312,132.30999755859375,132.44000244140625,12882.0
2026-03-12 16:19:00+00:00,132.44000244140625,132.47000122070312,132.38999938964844,132.4600067138672,7233.0
2026-03-12 16:20:00+00:00,132.4499969482422,132.67999267578125,132.4499969482422,132.63999938964844,25501.0
2026-03-12 16:21:00+00:00,132.72000122070312,132.9199981689453,132.67999267578125,132.82000732421875,5022.0
2026-03-12 16:22:00+00:00,132.89999389648438,132.89999389648438,132.8300018310547,132.86500549316406,15627.0
2026-03-12 16:23:00+00:00,132.8699951171875,132.88999938964844,132.66000366210938,132.66000366210938,16779.0
2026-03-12 16:24:00+00:00,132.69000244140625,132.69000244140625,132.4600067138672,132.4600067138672,15616.0
2026-03-12 16:25:00+00:00,132.44500732421875,132.50999450683594,132.39500427246094,132.4550018310547,14576.0
2026-03-12 16:26:00+00:00,132.39999389648438,132.39999389648438,132.16000366210938,132.2100067138672,28928.0
2026-03-12 16:27:00+00:00,132.19000244140625,132.19000244140625,132.0399932861328,132.0399932861328,15500.0
2026-03-12 16:28:00+00:00,132.0500030517578,132.05490112304688,131.8800048828125,131.9499969482422,40062.0
2026-03-12 16:29:00+00:00,131.9199981689453,132.0,131.91000366210938,131.94500732421875,12228.0
2026-03-12 16:30:00+00:00,131.9499969482422,132.02999877929688,131.9199981689453,131.97500610351562,27563.0
2026-03-12 16:31:00+00:00,131.97500610351562,131.97500610351562,131.8800048828125,131.92999267578125,13797.0
2026-03-12 16:32:00+00:00,131.9600067138672,132.02999877929688,131.88999938964844,131.99000549316406,12870.0
2026-03-12 16:33:00+00:00,132.05999755859375,132.22999572753906,132.05999755859375,132.15499877929688,9500.0
2026-03-12 16:34:00+00:00,132.16000366210938,132.2299041748047,132.07000732421875,132.07000732421875,7360.0
2026-03-12 16:35:00+00:00,132.07000732421875,132.14500427246094,132.03500366210938,132.09500122070312,8030.0
2026-03-12 16:36:00+00:00,132.09500122070312,132.22000122070312,132.09500122070312,132.10699462890625,8446.0
2026-03-12 16:37:00+00:00,132.13999938964844,132.22999572753906,132.13999938964844,132.20750427246094,25143.0
2026-03-12 16:38:00+00:00,132.22999572753906,132.25999450683594,132.13330078125,132.2100067138672,16104.0
2026-03-12 16:39:00+00:00,132.27000427246094,132.27000427246094,132.1199951171875,132.1199951171875,7117.0
2026-03-12 16:40:00+00:00,132.08999633789062,132.13499450683594,132.0,132.02000427246094,8298.0
2026-03-12 16:41:00+00:00,131.99000549316406,132.0,131.89500427246094,131.9199981689453,11754.0
2026-03-12 16:42:00+00:00,131.9199981689453,131.97999572753906,131.9199981689453,131.9199981689453,11710.0
2026-03-12 16:43:00+00:00,131.8800048828125,131.97000122070312,131.8800048828125,131.93499755859375,9366.0
2026-03-12 16:44:00+00:00,131.91000366210938,131.9199981689453,131.85000610351562,131.91600036621094,17016.0
2026-03-12 16:45:00+00:00,131.86500549316406,131.94000244140625,131.82000732421875,131.875,11569.0
2026-03-12 16:46:00+00:00,131.82000732421875,131.82000732421875,131.64999389648438,131.6649932861328,18499.0
2026-03-12 16:47:00+00:00,131.6649932861328,131.74000549316406,131.6300048828125,131.7100067138672,10862.0
2026-03-12 16:48:00+00:00,131.75,131.77000427246094,131.6750030517578,131.77000427246094,10570.0
2026-03-12 16:49:00+00:00,131.77999877929688,131.89999389648438,131.77999877929688,131.83639526367188,18004.0
2026-03-12 16:50:00+00:00,131.84210205078125,131.92359924316406,131.8249969482422,131.92359924316406,7132.0
2026-03-12 16:51:00+00:00,131.860107421875,131.90499877929688,131.72999572753906,131.77999877929688,15520.0
2026-03-12 16:52:00+00:00,131.76499938964844,131.86000061035156,131.72000122070312,131.82000732421875,10175.0
2026-03-12 16:53:00+00:00,131.82000732421875,131.88999938964844,131.80999755859375,131.87730407714844,7705.0
2026-03-12 16:54:00+00:00,131.75999450683594,131.86000061035156,131.72000122070312,131.80499267578125,10621.0
2026-03-12 16:55:00+00:00,131.83009338378906,131.94000244140625,131.7949981689453,131.7949981689453,12804.0
2026-03-12 16:56:00+00:00,131.8000030517578,131.85000610351562,131.77999877929688,131.85000610351562,9634.0
2026-03-12 16:57:00+00:00,131.85000610351562,131.85000610351562,131.77000427246094,131.7989044189453,11245.0
2026-03-12 16:58:00+00:00,131.79949951171875,131.86000061035156,131.74000549316406,131.74000549316406,10919.0
2026-03-12 16:59:00+00:00,131.8000030517578,131.8300018310547,131.77499389648438,131.8000030517578,9079.0
2026-03-12 17:00:00+00:00,131.7899932861328,131.83999633789062,131.78500366210938,131.8291015625,6946.0
2026-03-12 17:01:00+00:00,131.81500244140625,131.88999938964844,131.81500244140625,131.83999633789062,11108.0
2026-03-12 17:02:00+00:00,131.82000732421875,131.8300018310547,131.75,131.82000732421875,19456.0
2026-03-12 17:03:00+00:00,131.8000030517578,131.8300018310547,131.7949981689453,131.7949981689453,5665.0
2026-03-12 17:04:00+00:00,131.7949981689453,131.8800048828125,131.7949981689453,131.8699951171875,11370.0
2026-03-12 17:05:00+00:00,131.83999633789062,131.89999389648438,131.77999877929688,131.8300018310547,24911.0
2026-03-12 17:06:00+00:00,131.86000061035156,131.9149932861328,131.74000549316406,131.89999389648438,19728.0
2026-03-12 17:07:00+00:00,131.9199981689453,131.9199981689453,131.85000610351562,131.8751983642578,4795.0
2026-03-12 17:08:00+00:00,131.86000061035156,131.9499969482422,131.8350067138672,131.8350067138672,11440.0
2026-03-12 17:09:00+00:00,131.8350067138672,131.86000061035156,131.6999969482422,131.73500061035156,13019.0
2026-03-12 17:10:00+00:00,131.77000427246094,131.91990661621094,131.73500061035156,131.86000061035156,14025.0
2026-03-12 17:11:00+00:00,131.8000030517578,131.8000030517578,131.72000122070312,131.72000122070312,9979.0
2026-03-12 17:12:00+00:00,131.72000122070312,131.72000122070312,131.64999389648438,131.67999267578125,7847.0
2026-03-12 17:13:00+00:00,131.6649932861328,131.72500610351562,131.59500122070312,131.60000610351562,28529.0
2026-03-12 17:14:00+00:00,131.58279418945312,131.60000610351562,131.4499969482422,131.57510375976562,34267.0
2026-03-12 17:15:00+00:00,131.6199951171875,131.63999938964844,131.57009887695312,131.6199951171875,8773.0
2026-03-12 17:16:00+00:00,131.5800018310547,131.61990356445312,131.50999450683594,131.56500244140625,6377.0
2026-03-12 17:17:00+00:00,131.52000427246094,131.55999755859375,131.50999450683594,131.52999877929688,11754.0
2026-03-12 17:18:00+00:00,131.52000427246094,131.52000427246094,131.47999572753906,131.5,8545.0
2026-03-12 17:19:00+00:00,131.49000549316406,131.49000549316406,131.39059448242188,131.4801025390625,10271.0
2026-03-12 17:20:00+00:00,131.47999572753906,131.5050048828125,131.4600067138672,131.47500610351562,9959.0
2026-03-12 17:21:00+00:00,131.5,131.5399932861328,131.5,131.5200958251953,4831.0
2026-03-12 17:22:00+00:00,131.50999450683594,131.80990600585938,131.50999450683594,131.77499389648438,12949.0
2026-03-12 17:23:00+00:00,131.7949981689453,131.7949981689453,131.67010498046875,131.72999572753906,9986.0
2026-03-12 17:24:00+00:00,131.77999877929688,131.8300018310547,131.67999267578125,131.79010009765625,13924.0
2026-03-12 17:25:00+00:00,131.80499267578125,131.80499267578125,131.6999969482422,131.76499938964844,13539.0
2026-03-12 17:26:00+00:00,131.76499938964844,131.7698974609375,131.64999389648438,131.67999267578125,5676.0
2026-03-12 17:27:00+00:00,131.68499755859375,131.7899932861328,131.68499755859375,131.73739624023438,5272.0
2026-03-12 17:28:00+00:00,131.69000244140625,131.69000244140625,131.6199951171875,131.64500427246094,19043.0
2026-03-12 17:29:00+00:00,131.60000610351562,131.75999450683594,131.57000732421875,131.72450256347656,36872.0
2026-03-12 17:30:00+00:00,131.75,131.92999267578125,131.75,131.92999267578125,16129.0
2026-03-12 17:31:00+00:00,131.93499755859375,131.9499969482422,131.7899932861328,131.8000030517578,19957.0
2026-03-12 17:32:00+00:00,131.8000030517578,131.83999633789062,131.8000030517578,131.8311004638672,11809.0
2026-03-12 17:33:00+00:00,131.8699951171875,131.8699951171875,131.77000427246094,131.8061981201172,6860.0
2026-03-12 17:34:00+00:00,131.76010131835938,131.86000061035156,131.76010131835938,131.77169799804688,9876.0
2026-03-12 17:35:00+00:00,131.77999877929688,131.9499969482422,131.77999877929688,131.93499755859375,7902.0
2026-03-12 17:36:00+00:00,131.96499633789062,132.01499938964844,131.89999389648438,131.97999572753906,15779.0
2026-03-12 17:37:00+00:00,131.91009521484375,131.97999572753906,131.91000366210938,131.94000244140625,6090.0
2026-03-12 17:38:00+00:00,131.92999267578125,131.92999267578125,131.8699951171875,131.8800048828125,2636.0
2026-03-12 17:39:00+00:00,131.875,131.94000244140625,131.86000061035156,131.91000366210938,10129.0
2026-03-12 17:40:00+00:00,131.91000366210938,131.97999572753906,131.89999389648438,131.9550018310547,11805.0
2026-03-12 17:41:00+00:00,131.9499969482422,132.0,131.82000732421875,131.82000732421875,13595.0
2026-03-12 17:42:00+00:00,131.7906036376953,131.8000030517578,131.73500061035156,131.7449951171875,16283.0
2026-03-12 17:43:00+00:00,131.69369506835938,131.69500732421875,131.52000427246094,131.5449981689453,11849.0
2026-03-12 17:44:00+00:00,131.5449981689453,131.7100067138672,131.5,131.65499877929688,16387.0
2026-03-12 17:45:00+00:00,131.65499877929688,131.65499877929688,131.5,131.5,12966.0
2026-03-12 17:46:00+00:00,131.49000549316406,131.58999633789062,131.27000427246094,131.27000427246094,249154.0
2026-03-12 17:47:00+00:00,131.35000610351562,131.44000244140625,131.33999633789062,131.39999389648438,19152.0
2026-03-12 17:48:00+00:00,131.43499755859375,131.4499969482422,131.27000427246094,131.27000427246094,18842.0
2026-03-12 17:49:00+00:00,131.32000732421875,131.35000610351562,131.27000427246094,131.27999877929688,12034.0
2026-03-12 17:50:00+00:00,131.26499938964844,131.3699951171875,131.24000549316406,131.32000732421875,35963.0
2026-03-12 17:51:00+00:00,131.3300018310547,131.36990356445312,131.27999877929688,131.3300018310547,15462.0
2026-03-12 17:52:00+00:00,131.32000732421875,131.32000732421875,131.1999969482422,131.25999450683594,9921.0
2026-03-12 17:53:00+00:00,131.24000549316406,131.27000427246094,131.1199951171875,131.1649932861328,19866.0
2026-03-12 17:54:00+00:00,131.1199951171875,131.1300048828125,131.0,131.0,37028.0
2026-03-12 17:55:00+00:00,131.01499938964844,131.0500030517578,130.86000061035156,130.8800048828125,32835.0
2026-03-12 17:56:00+00:00,130.89999389648438,130.9199981689453,130.85000610351562,130.8699951171875,17825.0
2026-03-12 17:57:00+00:00,130.9199981689453,131.00999450683594,130.91000366210938,130.98500061035156,13065.0
2026-03-12 17:58:00+00:00,130.98150634765625,131.0500030517578,130.9199981689453,131.02999877929688,15204.0
2026-03-12 17:59:00+00:00,131.08999633789062,131.08999633789062,130.97000122070312,131.0399932861328,15813.0
2026-03-12 18:00:00+00:00,131.0500030517578,131.1300048828125,130.99000549316406,131.08999633789062,12798.0
2026-03-12 18:01:00+00:00,131.0576934814453,131.11000061035156,131.0,131.05499267578125,20884.0
2026-03-12 18:02:00+00:00,131.1300048828125,131.22000122070312,131.11500549316406,131.14999389648438,17529.0
2026-03-12 18:03:00+00:00,131.17999267578125,131.27999877929688,131.1300048828125,131.25,36719.0
2026-03-12 18:04:00+00:00,131.2899932861328,131.2899932861328,131.2100067138672,131.2100067138672,8175.0
2026-03-12 18:05:00+00:00,131.2100067138672,131.25999450683594,131.17999267578125,131.1999969482422,8995.0
2026-03-12 18:06:00+00:00,131.16000366210938,131.19500732421875,131.07000732421875,131.0800018310547,8189.0
2026-03-12 18:07:00+00:00,131.10000610351562,131.2100067138672,131.0749969482422,131.17999267578125,20534.0
2026-03-12 18:08:00+00:00,131.18499755859375,131.3000030517578,131.15499877929688,131.25,7468.0
2026-03-12 18:09:00+00:00,131.27999877929688,131.2899932861328,131.22999572753906,131.22999572753906,4354.0
2026-03-12 18:10:00+00:00,131.2100067138672,131.25,131.19000244140625,131.25,10072.0
2026-03-12 18:11:00+00:00,131.27830505371094,131.32000732421875,131.2100067138672,131.28140258789062,6472.0
2026-03-12 18:12:00+00:00,131.30850219726562,131.30850219726562,131.2449951171875,131.27000427246094,6729.0
2026-03-12 18:13:00+00:00,131.2700958251953,131.30599975585938,131.2449951171875,131.26499938964844,15133.0
2026-03-12 18:14:00+00:00,131.2100067138672,131.27999877929688,131.1999969482422,131.27999877929688,4930.0
2026-03-12 18:15:00+00:00,131.27999877929688,131.3800048828125,131.27999877929688,131.3800048828125,9667.0
2026-03-12 18:16:00+00:00,131.35000610351562,131.40989685058594,131.3300018310547,131.39190673828125,7965.0
2026-03-12 18:17:00+00:00,131.3300018310547,131.38999938964844,131.32000732421875,131.34500122070312,6110.0
2026-03-12 18:18:00+00:00,131.30999755859375,131.3300018310547,131.02000427246094,131.02999877929688,51455.0
2026-03-12 18:19:00+00:00,131.0399932861328,131.07000732421875,130.89999389648438,130.92999267578125,19983.0
2026-03-12 18:20:00+00:00,130.88999938964844,131.0,130.85000610351562,130.9600067138672,22555.0
2026-03-12 18:21:00+00:00,130.9499969482422,131.02999877929688,130.9499969482422,130.97500610351562,16401.0
2026-03-12 18:22:00+00:00,130.97500610351562,131.03500366210938,130.94009399414062,131.0050048828125,18323.0
2026-03-12 18:23:00+00:00,131.02000427246094,131.0500030517578,130.97000122070312,130.97000122070312,6446.0
2026-03-12 18:24:00+00:00,131.02000427246094,131.0500030517578,130.99000549316406,130.99000549316406,7285.0
2026-03-12 18:25:00+00:00,130.97000122070312,130.97000122070312,130.91000366210938,130.91000366210938,24542.0
2026-03-12 18:26:00+00:00,130.97000122070312,130.99000549316406,130.89500427246094,130.92120361328125,5986.0
2026-03-12 18:27:00+00:00,130.90499877929688,130.97999572753906,130.83009338378906,130.83009338378906,8000.0
2026-03-12 18:28:00+00:00,130.86000061035156,130.8800048828125,130.83009338378906,130.8699951171875,7277.0
2026-03-12 18:29:00+00:00,130.89999389648438,130.99000549316406,130.89999389648438,130.99000549316406,8536.0
2026-03-12 18:30:00+00:00,131.0050048828125,131.0532989501953,130.97999572753906,131.02000427246094,9864.0
2026-03-12 18:31:00+00:00,131.02999877929688,131.0800018310547,131.00999450683594,131.01499938964844,6432.0
2026-03-12 18:32:00+00:00,131.07000732421875,131.1199951171875,131.07000732421875,131.0800018310547,7023.0
2026-03-12 18:33:00+00:00,131.07000732421875,131.07000732421875,131.0,131.0,7276.0
2026-03-12 18:34:00+00:00,131.02999877929688,131.0500030517578,130.99000549316406,131.02000427246094,12829.0
2026-03-12 18:35:00+00:00,131.02999877929688,131.02999877929688,130.9600067138672,131.0050048828125,9939.0
2026-03-12 18:36:00+00:00,130.9949951171875,130.9949951171875,130.8699951171875,130.8699951171875,10950.0
2026-03-12 18:37:00+00:00,130.8699951171875,130.91000366210938,130.77000427246094,130.7949981689453,19577.0
2026-03-12 18:38:00+00:00,130.80999755859375,130.80999755859375,130.72000122070312,130.7899932861328,7054.0
2026-03-12 18:39:00+00:00,130.7899932861328,130.86000061035156,130.77000427246094,130.81500244140625,9505.0
2026-03-12 18:40:00+00:00,130.83349609375,130.83349609375,130.6699981689453,130.6999969482422,5038.0
2026-03-12 18:41:00+00:00,130.64999389648438,130.75,130.64999389648438,130.75,14379.0
2026-03-12 18:42:00+00:00,130.79750061035156,130.8249969482422,130.7899932861328,130.81500244140625,10720.0
2026-03-12 18:43:00+00:00,130.75999450683594,130.78500366210938,130.75999450683594,130.76649475097656,4916.0
2026-03-12 18:44:00+00:00,130.77999877929688,130.7949981689453,130.74000549316406,130.7550048828125,7297.0
2026-03-12 18:45:00+00:00,130.77000427246094,130.8000030517578,130.74000549316406,130.74000549316406,6559.0
2026-03-12 18:46:00+00:00,130.6999969482422,130.78900146484375,130.6999969482422,130.75999450683594,7001.0
2026-03-12 18:47:00+00:00,130.75999450683594,130.7899932861328,130.75999450683594,130.7899932861328,11086.0
2026-03-12 18:48:00+00:00,130.77499389648438,130.8000030517578,130.75,130.75,12714.0
2026-03-12 18:49:00+00:00,130.7550048828125,130.8000030517578,130.6699981689453,130.7899932861328,11435.0
2026-03-12 18:50:00+00:00,130.77999877929688,130.9199981689453,130.77999877929688,130.9199981689453,9624.0
2026-03-12 18:51:00+00:00,130.94000244140625,131.0,130.8800048828125,130.89999389648438,11112.0
2026-03-12 18:52:00+00:00,130.91000366210938,130.96499633789062,130.88009643554688,130.89500427246094,10818.0
2026-03-12 18:53:00+00:00,130.86000061035156,130.9199981689453,130.83999633789062,130.9199981689453,9250.0
2026-03-12 18:54:00+00:00,130.8800048828125,130.91000366210938,130.86000061035156,130.88999938964844,15020.0
2026-03-12 18:55:00+00:00,130.88999938964844,130.88999938964844,130.7899932861328,130.80999755859375,31551.0
2026-03-12 18:56:00+00:00,130.82000732421875,130.82000732421875,130.72000122070312,130.72999572753906,13422.0
2026-03-12 18:57:00+00:00,130.72000122070312,130.82000732421875,130.72000122070312,130.76499938964844,10938.0
2026-03-12 18:58:00+00:00,130.77999877929688,130.84500122070312,130.77999877929688,130.82000732421875,13986.0
2026-03-12 18:59:00+00:00,130.86000061035156,130.8885955810547,130.80999755859375,130.8885955810547,9970.0
2026-03-12 19:00:00+00:00,130.84500122070312,130.9550018310547,130.80999755859375,130.9550018310547,12836.0
2026-03-12 19:01:00+00:00,131.0399932861328,131.11000061035156,130.92999267578125,130.9600067138672,14557.0
2026-03-12 19:02:00+00:00,130.92999267578125,130.94500732421875,130.875,130.94500732421875,8673.0
2026-03-12 19:03:00+00:00,130.94500732421875,130.97560119628906,130.9199981689453,130.93499755859375,8247.0
2026-03-12 19:04:00+00:00,130.9600067138672,131.07000732421875,130.9600067138672,131.07000732421875,7949.0
2026-03-12 19:05:00+00:00,131.0500030517578,131.16000366210938,131.00999450683594,131.0399932861328,15906.0
2026-03-12 19:06:00+00:00,131.0800018310547,131.1300048828125,130.9499969482422,130.9499969482422,20521.0
2026-03-12 19:07:00+00:00,130.94000244140625,130.94000244140625,130.66000366210938,130.7449951171875,19328.0
2026-03-12 19:08:00+00:00,130.74000549316406,130.88999938964844,130.74000549316406,130.8800048828125,23212.0
2026-03-12 19:09:00+00:00,130.9199981689453,130.94000244140625,130.64999389648438,130.64999389648438,21418.0
2026-03-12 19:10:00+00:00,130.63999938964844,130.77000427246094,130.6300048828125,130.75,19247.0
2026-03-12 19:11:00+00:00,130.74000549316406,130.75,130.67999267578125,130.69500732421875,14303.0
2026-03-12 19:12:00+00:00,130.67999267578125,130.72000122070312,130.61000061035156,130.66000366210938,20973.0
2026-03-12 19:13:00+00:00,130.66000366210938,130.6999969482422,130.63949584960938,130.65499877929688,13900.0
2026-03-12 19:14:00+00:00,130.6699981689453,130.72000122070312,130.63250732421875,130.71499633789062,14564.0
2026-03-12 19:15:00+00:00,130.74000549316406,130.74989318847656,130.6699981689453,130.69000244140625,16464.0
2026-03-12 19:16:00+00:00,130.69000244140625,130.78750610351562,130.68499755859375,130.74000549316406,13793.0
2026-03-12 19:17:00+00:00,130.7449951171875,130.7624969482422,130.67999267578125,130.69000244140625,10901.0
2026-03-12 19:18:00+00:00,130.6999969482422,130.7899932861328,130.6699981689453,130.78500366210938,18659.0
2026-03-12 19:19:00+00:00,130.77000427246094,130.83999633789062,130.72999572753906,130.7449951171875,15033.0
2026-03-12 19:20:00+00:00,130.74000549316406,130.78179931640625,130.72000122070312,130.75,12970.0
2026-03-12 19:21:00+00:00,130.74000549316406,130.80999755859375,130.6999969482422,130.8000030517578,13820.0
2026-03-12 19:22:00+00:00,130.84500122070312,130.8800048828125,130.7899932861328,130.8800048828125,15372.0
2026-03-12 19:23:00+00:00,130.8699951171875,130.91000366210938,130.8000030517578,130.8101043701172,22201.0
2026-03-12 19:24:00+00:00,130.81500244140625,130.82879638671875,130.67999267578125,130.72999572753906,18672.0
2026-03-12 19:25:00+00:00,130.71499633789062,130.72500610351562,130.6699981689453,130.69000244140625,14576.0
2026-03-12 19:26:00+00:00,130.7100067138672,130.8350067138672,130.7100067138672,130.80999755859375,17934.0
2026-03-12 19:27:00+00:00,130.8300018310547,130.8699951171875,130.76499938964844,130.80999755859375,16029.0
2026-03-12 19:28:00+00:00,130.80499267578125,130.90989685058594,130.8000030517578,130.8000030517578,20219.0
2026-03-12 19:29:00+00:00,130.8000030517578,130.85000610351562,130.75999450683594,130.85000610351562,15918.0
2026-03-12 19:30:00+00:00,130.86000061035156,131.0399932861328,130.84689331054688,131.02000427246094,30358.0
2026-03-12 19:31:00+00:00,131.05999755859375,131.11000061035156,130.9929962158203,131.10499572753906,17894.0
2026-03-12 19:32:00+00:00,131.08999633789062,131.10000610351562,131.07000732421875,131.0749969482422,8063.0
2026-03-12 19:33:00+00:00,131.10000610351562,131.10000610351562,131.0399932861328,131.05999755859375,14416.0
2026-03-12 19:34:00+00:00,131.0399932861328,131.07000732421875,130.9550018310547,130.9600067138672,14284.0
2026-03-12 19:35:00+00:00,130.99000549316406,131.00999450683594,130.88999938964844,130.88999938964844,18391.0
2026-03-12 19:36:00+00:00,130.88999938964844,130.94000244140625,130.88999938964844,130.9149932861328,17171.0
2026-03-12 19:37:00+00:00,130.94000244140625,131.0,130.94000244140625,130.99000549316406,15669.0
2026-03-12 19:38:00+00:00,131.0,131.0500030517578,131.0,131.02000427246094,16110.0
2026-03-12 19:39:00+00:00,131.0500030517578,131.0850067138672,131.0399932861328,131.0500030517578,17184.0
2026-03-12 19:40:00+00:00,131.06500244140625,131.06500244140625,130.92999267578125,130.94000244140625,20966.0
2026-03-12 19:41:00+00:00,130.93499755859375,130.93499755859375,130.85000610351562,130.91000366210938,33505.0
2026-03-12 19:42:00+00:00,130.91000366210938,130.9199981689453,130.8249969482422,130.88999938964844,26025.0
2026-03-12 19:43:00+00:00,130.88999938964844,130.89500427246094,130.8000030517578,130.8350067138672,26962.0
2026-03-12 19:44:00+00:00,130.82000732421875,130.9499969482422,130.82000732421875,130.94000244140625,22920.0
2026-03-12 19:45:00+00:00,130.9199981689453,130.9600067138672,130.83999633789062,130.9600067138672,25002.0
2026-03-12 19:46:00+00:00,130.9600067138672,131.0,130.89999389648438,131.0,16786.0
2026-03-12 19:47:00+00:00,131.0,131.00999450683594,130.9199981689453,130.94000244140625,25787.0
2026-03-12 19:48:00+00:00,130.92999267578125,130.97999572753906,130.91000366210938,130.97999572753906,22062.0
2026-03-12 19:49:00+00:00,130.9949951171875,131.0,130.86000061035156,130.8800048828125,21245.0
2026-03-12 19:50:00+00:00,130.91000366210938,131.0399932861328,130.86000061035156,131.02999877929688,48661.0
2026-03-12 19:51:00+00:00,131.0399932861328,131.07000732421875,131.0050048828125,131.04859924316406,36683.0
2026-03-12 19:52:00+00:00,131.0399932861328,131.08999633789062,131.0,131.08999633789062,50705.0
2026-03-12 19:53:00+00:00,131.0800018310547,131.23500061035156,131.0500030517578,131.19000244140625,45491.0
2026-03-12 19:54:00+00:00,131.19000244140625,131.22999572753906,131.1300048828125,131.21499633789062,56990.0
2026-03-12 19:55:00+00:00,131.17999267578125,131.32000732421875,131.07000732421875,131.2050018310547,75584.0
2026-03-12 19:56:00+00:00,131.2050018310547,131.2050018310547,131.14999389648438,131.19000244140625,56254.0
2026-03-12 19:57:00+00:00,131.17999267578125,131.27999877929688,131.11000061035156,131.14999389648438,95603.0
2026-03-12 19:58:00+00:00,131.16000366210938,131.22000122070312,131.16000366210938,131.17999267578125,75356.0
2026-03-12 19:59:00+00:00,131.1699981689453,131.2100067138672,131.14999389648438,131.14999389648438,171003.0
2026-03-13 13:30:00+00:00,131.35000610351562,132.24249267578125,131.35000610351562,131.8699951171875,252465.0
2026-03-13 13:31:00+00:00,131.9550018310547,132.6699981689453,131.9499969482422,132.60000610351562,15142.0
2026-03-13 13:32:00+00:00,132.52000427246094,132.88999938964844,132.4600067138672,132.86000061035156,8108.0
2026-03-13 13:33:00+00:00,132.85000610351562,132.88999938964844,132.47999572753906,132.49000549316406,27332.0
2026-03-13 13:34:00+00:00,132.57000732421875,133.0399932861328,132.43809509277344,132.83999633789062,31068.0
2026-03-13 13:35:00+00:00,132.83999633789062,133.0500030517578,132.64999389648438,132.69000244140625,35988.0
2026-03-13 13:36:00+00:00,132.75,132.97630310058594,132.74000549316406,132.8000030517578,34804.0
2026-03-13 13:37:00+00:00,132.7949981689453,132.99000549316406,132.79220581054688,132.8563995361328,23885.0
2026-03-13 13:38:00+00:00,132.86500549316406,132.89999389648438,132.52499389648438,132.7100067138672,21622.0
2026-03-13 13:39:00+00:00,132.63499450683594,132.73500061035156,132.4499969482422,132.56500244140625,19802.0
2026-03-13 13:40:00+00:00,132.55999755859375,132.69500732421875,132.2333984375,132.5399932861328,33480.0
2026-03-13 13:41:00+00:00,132.52999877929688,132.52999877929688,132.29359436035156,132.4550018310547,16823.0
2026-03-13 13:42:00+00:00,132.4199981689453,132.64999389648438,132.39999389648438,132.59500122070312,10881.0
2026-03-13 13:43:00+00:00,132.59500122070312,132.77000427246094,132.52000427246094,132.77000427246094,17387.0
2026-03-13 13:44:00+00:00,132.75999450683594,132.875,132.67999267578125,132.875,16144.0
2026-03-13 13:45:00+00:00,132.8699951171875,133.05499267578125,132.85000610351562,133.02000427246094,34291.0
2026-03-13 13:46:00+00:00,133.05499267578125,133.19000244140625,133.0,133.09500122070312,19459.0
2026-03-13 13:47:00+00:00,133.13499450683594,133.13499450683594,132.82000732421875,132.97000122070312,19811.0
2026-03-13 13:48:00+00:00,132.99899291992188,133.02000427246094,132.85000610351562,132.88999938964844,21699.0
2026-03-13 13:49:00+00:00,133.0,133.3000030517578,133.0,133.21240234375,31942.0
2026-03-13 13:50:00+00:00,133.22500610351562,133.36000061035156,133.14500427246094,133.25900268554688,32289.0
2026-03-13 13:51:00+00:00,133.25999450683594,133.4149932861328,133.15499877929688,133.15499877929688,18058.0
2026-03-13 13:52:00+00:00,133.1300048828125,133.33900451660156,132.9700927734375,132.9700927734375,13204.0
2026-03-13 13:53:00+00:00,133.00999450683594,133.1199951171875,133.00999450683594,133.10499572753906,20959.0
2026-03-13 13:54:00+00:00,133.20620727539062,133.20620727539062,133.1199951171875,133.14500427246094,9647.0
2026-03-13 13:55:00+00:00,133.11000061035156,133.17999267578125,132.9600067138672,132.97999572753906,19124.0
2026-03-13 13:56:00+00:00,132.9199981689453,133.0800018310547,132.86000061035156,133.00999450683594,14992.0
2026-03-13 13:57:00+00:00,133.01499938964844,133.0399932861328,132.94000244140625,132.9949951171875,15126.0
2026-03-13 13:58:00+00:00,133.02000427246094,133.1300048828125,133.02000427246094,133.1300048828125,6558.0
2026-03-13 13:59:00+00:00,133.09500122070312,133.09500122070312,132.9600067138672,133.0500030517578,9224.0
2026-03-13 14:00:00+00:00,133.05999755859375,133.3000030517578,133.02000427246094,133.22999572753906,18796.0
2026-03-13 14:01:00+00:00,133.1649932861328,133.1649932861328,132.96009826660156,132.98330688476562,8269.0
2026-03-13 14:02:00+00:00,133.05499267578125,133.05499267578125,132.6999969482422,132.6999969482422,12963.0
2026-03-13 14:03:00+00:00,132.6699981689453,132.74000549316406,132.60000610351562,132.61000061035156,12842.0
2026-03-13 14:04:00+00:00,132.63999938964844,132.8199005126953,132.63999938964844,132.75,6307.0
2026-03-13 14:05:00+00:00,132.7100067138672,132.7100067138672,132.57000732421875,132.6199951171875,10658.0
2026-03-13 14:06:00+00:00,132.55999755859375,132.64999389648438,132.3800048828125,132.5500030517578,14157.0
2026-03-13 14:07:00+00:00,132.55999755859375,132.6092987060547,132.49000549316406,132.5800018310547,7385.0
2026-03-13 14:08:00+00:00,132.50999450683594,132.52490234375,132.41000366210938,132.41000366210938,12552.0
2026-03-13 14:09:00+00:00,132.47000122070312,132.55999755859375,132.44000244140625,132.52999877929688,5591.0
2026-03-13 14:10:00+00:00,132.52999877929688,132.5800018310547,132.4199981689453,132.4199981689453,11520.0
2026-03-13 14:11:00+00:00,132.36000061035156,132.52000427246094,132.35000610351562,132.50999450683594,13527.0
2026-03-13 14:12:00+00:00,132.52000427246094,132.72000122070312,132.47999572753906,132.66000366210938,33088.0
2026-03-13 14:13:00+00:00,132.6999969482422,132.77999877929688,132.62010192871094,132.68499755859375,17167.0
2026-03-13 14:14:00+00:00,132.72999572753906,132.85000610351562,132.67999267578125,132.69000244140625,21255.0
2026-03-13 14:15:00+00:00,132.68499755859375,132.77999877929688,132.67999267578125,132.72999572753906,8265.0
2026-03-13 14:16:00+00:00,132.77999877929688,132.8000030517578,132.60000610351562,132.60000610351562,16785.0
2026-03-13 14:17:00+00:00,132.6300048828125,132.69000244140625,132.5500030517578,132.5500030517578,14912.0
2026-03-13 14:18:00+00:00,132.55999755859375,132.69000244140625,132.55999755859375,132.6199951171875,13199.0
2026-03-13 14:19:00+00:00,132.55999755859375,132.7100067138672,132.55999755859375,132.67999267578125,15933.0
2026-03-13 14:20:00+00:00,132.7198944091797,132.9770050048828,132.7198944091797,132.72999572753906,5411.0
2026-03-13 14:21:00+00:00,132.7100067138672,132.77000427246094,132.60899353027344,132.74000549316406,5738.0
2026-03-13 14:22:00+00:00,132.71499633789062,132.75819396972656,132.66000366210938,132.74000549316406,4739.0
2026-03-13 14:23:00+00:00,132.67999267578125,132.7100067138672,132.5800018310547,132.7100067138672,9428.0
2026-03-13 14:24:00+00:00,132.67999267578125,132.73500061035156,132.65499877929688,132.7050018310547,6007.0
2026-03-13 14:25:00+00:00,132.77000427246094,132.80999755859375,132.66000366210938,132.67010498046875,5599.0
2026-03-13 14:26:00+00:00,132.72999572753906,132.8699951171875,132.64999389648438,132.8000030517578,13664.0
2026-03-13 14:27:00+00:00,132.8699951171875,132.94000244140625,132.7935028076172,132.7935028076172,8071.0
2026-03-13 14:28:00+00:00,132.8249969482422,132.8538055419922,132.6699981689453,132.75,7571.0
2026-03-13 14:29:00+00:00,132.85000610351562,132.91000366210938,132.8000030517578,132.83999633789062,8823.0
2026-03-13 14:30:00+00:00,132.77000427246094,132.94000244140625,132.77000427246094,132.88499450683594,7571.0
2026-03-13 14:31:00+00:00,132.97999572753906,133.16000366210938,132.92999267578125,133.11000061035156,8234.0
2026-03-13 14:32:00+00:00,133.1300048828125,133.17999267578125,133.0800018310547,133.13999938964844,11659.0
2026-03-13 14:33:00+00:00,133.1699981689453,133.1999969482422,133.13999938964844,133.1999969482422,13249.0
2026-03-13 14:34:00+00:00,133.1699981689453,133.1699981689453,132.9980010986328,133.0800018310547,12195.0
2026-03-13 14:35:00+00:00,133.0800018310547,133.0800018310547,132.80999755859375,132.83999633789062,12205.0
2026-03-13 14:36:00+00:00,132.86500549316406,132.86500549316406,132.77999877929688,132.8000030517578,7131.0
2026-03-13 14:37:00+00:00,132.80499267578125,133.10000610351562,132.80499267578125,133.10000610351562,10096.0
2026-03-13 14:38:00+00:00,133.05499267578125,133.0850067138672,132.99000549316406,133.00999450683594,11321.0
2026-03-13 14:39:00+00:00,133.05999755859375,133.1300048828125,132.9499969482422,132.9499969482422,9899.0
2026-03-13 14:40:00+00:00,132.9499969482422,132.9949951171875,132.8000030517578,132.8000030517578,8673.0
2026-03-13 14:41:00+00:00,132.86000061035156,132.86000061035156,132.7100067138672,132.72000122070312,9887.0
2026-03-13 14:42:00+00:00,132.80999755859375,132.93499755859375,132.7100067138672,132.93499755859375,9611.0
2026-03-13 14:43:00+00:00,132.99000549316406,132.99000549316406,132.7100067138672,132.72000122070312,7022.0
2026-03-13 14:44:00+00:00,132.7200927734375,132.77499389648438,132.6300048828125,132.6486053466797,8485.0
2026-03-13 14:45:00+00:00,132.61000061035156,132.61000061035156,132.47999572753906,132.47999572753906,14907.0
2026-03-13 14:46:00+00:00,132.47500610351562,132.48550415039062,132.24000549316406,132.24000549316406,13110.0
2026-03-13 14:47:00+00:00,132.17999267578125,132.25,132.14999389648438,132.24000549316406,6598.0
2026-03-13 14:48:00+00:00,132.25,132.3699951171875,132.25,132.32000732421875,5367.0
2026-03-13 14:49:00+00:00,132.3249969482422,132.4600067138672,132.3249969482422,132.4499969482422,10216.0
2026-03-13 14:50:00+00:00,132.4600067138672,132.52999877929688,132.1999969482422,132.27499389648438,50770.0
2026-03-13 14:51:00+00:00,132.2550048828125,132.2799072265625,132.19500732421875,132.235107421875,6086.0
2026-03-13 14:52:00+00:00,132.23500061035156,132.2899932861328,132.16000366210938,132.2899932861328,6794.0
2026-03-13 14:53:00+00:00,132.2899932861328,132.41000366210938,132.1699981689453,132.22799682617188,10379.0
2026-03-13 14:54:00+00:00,132.25,132.25999450683594,132.22000122070312,132.24000549316406,12066.0
2026-03-13 14:55:00+00:00,132.25999450683594,132.3000030517578,132.110107421875,132.16000366210938,6685.0
2026-03-13 14:56:00+00:00,132.14999389648438,132.14999389648438,132.0406951904297,132.07009887695312,6402.0
2026-03-13 14:57:00+00:00,132.02999877929688,132.1699981689453,132.02999877929688,132.07000732421875,11630.0
2026-03-13 14:58:00+00:00,132.0500030517578,132.16000366210938,132.0399932861328,132.16000366210938,6040.0
2026-03-13 14:59:00+00:00,132.0717010498047,132.33999633789062,132.07000732421875,132.25999450683594,11755.0
2026-03-13 15:00:00+00:00,132.30499267578125,132.32000732421875,132.1800994873047,132.28500366210938,14257.0
2026-03-13 15:01:00+00:00,132.22000122070312,132.35000610351562,132.22000122070312,132.27999877929688,7169.0
2026-03-13 15:02:00+00:00,132.30999755859375,132.3249969482422,132.2899932861328,132.32000732421875,8812.0
2026-03-13 15:03:00+00:00,132.25,132.2899932861328,132.17999267578125,132.27000427246094,13712.0
2026-03-13 15:04:00+00:00,132.2100067138672,132.3000030517578,132.1699981689453,132.3000030517578,9197.0
2026-03-13 15:05:00+00:00,132.3677978515625,132.4199981689453,132.25,132.25,6177.0
2026-03-13 15:06:00+00:00,132.25,132.3000030517578,132.16000366210938,132.22999572753906,15243.0
2026-03-13 15:07:00+00:00,132.13999938964844,132.24000549316406,132.1199951171875,132.22999572753906,8361.0
2026-03-13 15:08:00+00:00,132.24000549316406,132.32000732421875,132.19500732421875,132.32000732421875,5098.0
2026-03-13 15:09:00+00:00,132.27999877929688,132.32000732421875,132.16000366210938,132.16000366210938,6630.0
2026-03-13 15:10:00+00:00,132.25999450683594,132.32000732421875,132.25999450683594,132.30999755859375,4450.0
2026-03-13 15:11:00+00:00,132.24000549316406,132.49000549316406,132.22999572753906,132.49000549316406,9358.0
2026-03-13 15:12:00+00:00,132.4600067138672,132.52000427246094,132.4600067138672,132.52000427246094,4112.0
2026-03-13 15:13:00+00:00,132.4600067138672,132.60000610351562,132.42999267578125,132.55999755859375,4703.0
2026-03-13 15:14:00+00:00,132.55499267578125,132.60000610351562,132.49000549316406,132.5399932861328,6960.0
2026-03-13 15:15:00+00:00,132.47999572753906,132.50990295410156,132.38999938964844,132.39999389648438,9882.0
2026-03-13 15:16:00+00:00,132.40499877929688,132.40499877929688,132.3699951171875,132.3699951171875,4554.0
2026-03-13 15:17:00+00:00,132.35000610351562,132.36000061035156,132.35000610351562,132.36000061035156,4640.0
2026-03-13 15:18:00+00:00,132.32000732421875,132.39999389648438,132.32000732421875,132.39999389648438,8777.0
2026-03-13 15:19:00+00:00,132.38999938964844,132.38999938964844,132.25999450683594,132.25999450683594,12858.0
2026-03-13 15:20:00+00:00,132.1999969482422,132.2550048828125,132.1501007080078,132.2050018310547,6292.0
2026-03-13 15:21:00+00:00,132.1699981689453,132.1699981689453,132.0,132.10000610351562,11956.0
2026-03-13 15:22:00+00:00,132.1300048828125,132.1649932861328,132.06500244140625,132.06500244140625,6029.0
2026-03-13 15:23:00+00:00,132.02000427246094,132.02000427246094,131.8000030517578,131.8903045654297,11099.0
2026-03-13 15:24:00+00:00,131.83999633789062,131.83999633789062,131.71319580078125,131.71319580078125,5927.0
2026-03-13 15:25:00+00:00,131.63999938964844,131.6999969482422,131.58999633789062,131.6699981689453,4186.0
2026-03-13 15:26:00+00:00,131.64559936523438,131.72999572753906,131.60000610351562,131.66050720214844,8031.0
2026-03-13 15:27:00+00:00,131.7100067138672,131.72999572753906,131.6300048828125,131.6475067138672,5692.0
2026-03-13 15:28:00+00:00,131.65499877929688,131.77999877929688,131.65499877929688,131.7100067138672,6864.0
2026-03-13 15:29:00+00:00,131.77999877929688,131.80999755859375,131.71499633789062,131.75,6191.0
2026-03-13 15:30:00+00:00,131.7899932861328,131.7899932861328,131.50010681152344,131.5500030517578,19585.0
2026-03-13 15:31:00+00:00,131.5500030517578,131.6699981689453,131.5500030517578,131.5749969482422,10820.0
2026-03-13 15:32:00+00:00,131.63999938964844,131.6699981689453,131.57000732421875,131.63999938964844,8231.0
2026-03-13 15:33:00+00:00,131.6199951171875,131.6999969482422,131.55499267578125,131.60499572753906,5975.0
2026-03-13 15:34:00+00:00,131.60499572753906,131.75,131.60499572753906,131.75,7326.0
2026-03-13 15:35:00+00:00,131.77000427246094,131.8300018310547,131.55499267578125,131.60000610351562,15571.0
2026-03-13 15:36:00+00:00,131.5500030517578,131.56500244140625,131.49000549316406,131.4949951171875,8818.0
2026-03-13 15:37:00+00:00,131.52000427246094,131.63999938964844,131.4600067138672,131.59500122070312,9013.0
2026-03-13 15:38:00+00:00,131.66000366210938,131.77999877929688,131.61500549316406,131.73500061035156,14138.0
2026-03-13 15:39:00+00:00,131.77000427246094,131.78990173339844,131.61000061035156,131.61000061035156,9037.0
2026-03-13 15:40:00+00:00,131.6649932861328,131.69000244140625,131.58999633789062,131.60000610351562,10681.0
2026-03-13 15:41:00+00:00,131.6300048828125,131.6300048828125,131.4949951171875,131.4949951171875,9542.0
2026-03-13 15:42:00+00:00,131.52999877929688,131.60890197753906,131.51499938964844,131.51499938964844,4482.0
2026-03-13 15:43:00+00:00,131.49000549316406,131.52999877929688,131.4499969482422,131.4499969482422,6717.0
2026-03-13 15:44:00+00:00,131.49000549316406,131.5800018310547,131.4550018310547,131.55999755859375,8463.0
2026-03-13 15:45:00+00:00,131.5500030517578,131.6300048828125,131.52000427246094,131.52000427246094,9287.0
2026-03-13 15:46:00+00:00,131.5500030517578,131.60000610351562,131.42999267578125,131.5800018310547,13227.0
2026-03-13 15:47:00+00:00,131.6300048828125,131.97000122070312,131.6300048828125,131.9199981689453,26274.0
2026-03-13 15:48:00+00:00,131.92999267578125,131.92999267578125,131.69500732421875,131.69500732421875,12063.0
2026-03-13 15:49:00+00:00,131.6800994873047,131.7550048828125,131.64500427246094,131.72000122070312,6938.0
2026-03-13 15:50:00+00:00,131.7949981689453,131.8699951171875,131.69500732421875,131.8000030517578,11575.0
2026-03-13 15:51:00+00:00,131.8249969482422,131.8300018310547,131.7449951171875,131.77499389648438,5034.0
2026-03-13 15:52:00+00:00,131.7100067138672,131.77999877929688,131.58999633789062,131.6750030517578,9574.0
2026-03-13 15:53:00+00:00,131.66000366210938,131.75,131.64999389648438,131.64999389648438,8843.0
2026-03-13 15:54:00+00:00,131.6884002685547,131.74000549316406,131.6884002685547,131.7050018310547,3602.0
2026-03-13 15:55:00+00:00,131.74000549316406,131.75750732421875,131.58999633789062,131.6179962158203,8909.0
2026-03-13 15:56:00+00:00,131.66000366210938,131.69000244140625,131.60000610351562,131.6750030517578,7891.0
2026-03-13 15:57:00+00:00,131.69500732421875,131.72000122070312,131.55999755859375,131.61500549316406,8637.0
2026-03-13 15:58:00+00:00,131.67999267578125,131.67999267578125,131.58009338378906,131.60000610351562,6485.0
2026-03-13 15:59:00+00:00,131.6199951171875,131.7550048828125,131.59500122070312,131.63499450683594,7760.0
2026-03-13 16:00:00+00:00,131.69000244140625,131.75999450683594,131.66000366210938,131.73500061035156,9334.0
2026-03-13 16:01:00+00:00,131.6649932861328,131.75,131.61000061035156,131.61000061035156,7640.0
2026-03-13 16:02:00+00:00,131.69000244140625,131.74000549316406,131.6060028076172,131.6060028076172,11817.0
2026-03-13 16:03:00+00:00,131.6302032470703,131.83999633789062,131.6199951171875,131.83999633789062,7400.0
2026-03-13 16:04:00+00:00,131.8300018310547,131.8699951171875,131.7949981689453,131.80499267578125,4773.0
2026-03-13 16:05:00+00:00,131.83999633789062,131.83999633789062,131.75,131.76499938964844,4929.0
2026-03-13 16:06:00+00:00,131.75999450683594,131.81500244140625,131.72000122070312,131.81500244140625,8071.0
2026-03-13 16:07:00+00:00,131.7899932861328,131.9718017578125,131.77999877929688,131.88729858398438,9599.0
2026-03-13 16:08:00+00:00,131.89500427246094,131.95889282226562,131.85499572753906,131.89219665527344,12149.0
2026-03-13 16:09:00+00:00,131.88999938964844,131.88999938964844,131.72999572753906,131.72999572753906,9744.0
2026-03-13 16:10:00+00:00,131.76499938964844,131.82000732421875,131.74000549316406,131.7449951171875,7024.0
2026-03-13 16:11:00+00:00,131.7899932861328,131.88999938964844,131.74000549316406,131.88999938964844,10695.0
2026-03-13 16:12:00+00:00,131.83999633789062,131.89999389648438,131.66000366210938,131.66000366210938,16818.0
2026-03-13 16:13:00+00:00,131.7100067138672,131.72999572753906,131.47000122070312,131.5500030517578,20880.0
2026-03-13 16:14:00+00:00,131.50999450683594,131.58999633789062,131.4550018310547,131.55999755859375,5116.0
2026-03-13 16:15:00+00:00,131.5399932861328,131.5800018310547,131.49000549316406,131.49000549316406,4675.0
2026-03-13 16:16:00+00:00,131.5,131.50999450683594,131.39999389648438,131.4499969482422,12010.0
2026-03-13 16:17:00+00:00,131.44000244140625,131.5,131.3800048828125,131.42999267578125,12785.0
2026-03-13 16:18:00+00:00,131.4499969482422,131.5399932861328,131.44500732421875,131.53500366210938,7249.0
2026-03-13 16:19:00+00:00,131.50010681152344,131.57000732421875,131.47999572753906,131.50999450683594,5298.0
2026-03-13 16:20:00+00:00,131.5,131.52000427246094,131.40499877929688,131.5050048828125,6730.0
2026-03-13 16:21:00+00:00,131.51150512695312,131.60499572753906,131.42999267578125,131.50999450683594,11618.0
2026-03-13 16:22:00+00:00,131.5800018310547,131.67999267578125,131.5800018310547,131.60000610351562,7366.0
2026-03-13 16:23:00+00:00,131.70199584960938,131.70199584960938,131.58009338378906,131.58999633789062,4082.0
2026-03-13 16:24:00+00:00,131.61500549316406,131.61500549316406,131.49000549316406,131.4949951171875,30064.0
2026-03-13 16:25:00+00:00,131.52999877929688,131.52999877929688,131.4199981689453,131.4199981689453,10719.0
2026-03-13 16:26:00+00:00,131.4600067138672,131.4600067138672,131.25,131.25,13383.0
2026-03-13 16:27:00+00:00,131.22999572753906,131.41000366210938,131.22999572753906,131.33999633789062,13182.0
2026-03-13 16:28:00+00:00,131.375,131.4499969482422,131.33999633789062,131.38999938964844,7629.0
2026-03-13 16:29:00+00:00,131.38999938964844,131.40499877929688,131.34500122070312,131.38999938964844,6287.0
2026-03-13 16:30:00+00:00,131.38999938964844,131.47500610351562,131.2949981689453,131.4600067138672,10970.0
2026-03-13 16:31:00+00:00,131.44500732421875,131.44500732421875,131.27000427246094,131.32000732421875,5738.0
2026-03-13 16:32:00+00:00,131.35499572753906,131.38999938964844,131.3000030517578,131.35000610351562,17838.0
2026-03-13 16:33:00+00:00,131.3300018310547,131.47000122070312,131.28500366210938,131.47000122070312,6141.0
2026-03-13 16:34:00+00:00,131.44000244140625,131.44000244140625,131.2899932861328,131.30499267578125,9707.0
2026-03-13 16:35:00+00:00,131.33999633789062,131.39500427246094,131.22999572753906,131.30499267578125,13247.0
2026-03-13 16:36:00+00:00,131.30999755859375,131.33999633789062,131.28500366210938,131.3300018310547,4649.0
2026-03-13 16:37:00+00:00,131.36000061035156,131.36000061035156,131.25,131.34500122070312,7109.0
2026-03-13 16:38:00+00:00,131.3300018310547,131.3800048828125,131.25,131.25,10450.0
2026-03-13 16:39:00+00:00,131.25,131.2899932861328,131.16000366210938,131.22500610351562,10342.0
2026-03-13 16:40:00+00:00,131.29510498046875,131.35000610351562,131.24000549316406,131.25999450683594,7063.0
2026-03-13 16:41:00+00:00,131.25999450683594,131.25999450683594,131.1199951171875,131.16000366210938,10857.0
2026-03-13 16:42:00+00:00,131.1649932861328,131.19000244140625,131.1649932861328,131.19000244140625,5129.0
2026-03-13 16:43:00+00:00,131.2100067138672,131.2100067138672,131.0260009765625,131.0500030517578,12068.0
2026-03-13 16:44:00+00:00,131.05999755859375,131.05999755859375,130.88999938964844,130.88999938964844,17633.0
2026-03-13 16:45:00+00:00,130.8972930908203,130.9398956298828,130.8000030517578,130.9398956298828,9671.0
2026-03-13 16:46:00+00:00,130.9199981689453,130.9199981689453,130.80999755859375,130.91990661621094,7300.0
2026-03-13 16:47:00+00:00,130.80999755859375,130.90499877929688,130.77999877929688,130.89999389648438,8514.0
2026-03-13 16:48:00+00:00,130.9499969482422,131.0594024658203,130.94500732421875,130.99000549316406,5975.0
2026-03-13 16:49:00+00:00,131.02000427246094,131.03500366210938,130.92999267578125,131.03500366210938,15808.0
2026-03-13 16:50:00+00:00,131.05999755859375,131.19000244140625,131.0,131.1699981689453,7816.0
2026-03-13 16:51:00+00:00,131.1699981689453,131.18499755859375,131.10499572753906,131.10499572753906,3534.0
2026-03-13 16:52:00+00:00,131.10000610351562,131.13999938964844,131.0050048828125,131.1199951171875,5572.0
2026-03-13 16:53:00+00:00,131.1999969482422,131.27999877929688,131.16000366210938,131.27999877929688,9159.0
2026-03-13 16:54:00+00:00,131.27999877929688,131.27999877929688,131.2100067138672,131.2100067138672,7064.0
2026-03-13 16:55:00+00:00,131.2449951171875,131.2449951171875,131.0399932861328,131.0399932861328,5468.0
2026-03-13 16:56:00+00:00,131.0399932861328,131.0399932861328,130.9199981689453,130.9199981689453,10267.0
2026-03-13 16:57:00+00:00,130.9600067138672,131.02999877929688,130.93499755859375,130.99000549316406,8176.0
2026-03-13 16:58:00+00:00,131.0500030517578,131.0500030517578,130.8300018310547,130.83999633789062,15390.0
2026-03-13 16:59:00+00:00,130.80999755859375,130.82000732421875,130.75,130.82000732421875,10062.0
2026-03-13 17:00:00+00:00,130.81500244140625,131.0399932861328,130.77499389648438,130.85499572753906,11611.0
2026-03-13 17:01:00+00:00,130.9499969482422,130.9550018310547,130.88999938964844,130.9550018310547,3027.0
2026-03-13 17:02:00+00:00,130.89999389648438,130.91000366210938,130.8000030517578,130.8300018310547,8416.0
2026-03-13 17:03:00+00:00,130.8300018310547,130.8800048828125,130.77000427246094,130.8000030517578,18094.0
2026-03-13 17:04:00+00:00,130.85000610351562,130.8699951171875,130.7899932861328,130.8249969482422,6448.0
2026-03-13 17:05:00+00:00,130.79010009765625,130.7949981689453,130.74000549316406,130.74000549316406,4583.0
2026-03-13 17:06:00+00:00,130.7899932861328,130.91000366210938,130.75999450683594,130.8699951171875,4758.0
2026-03-13 17:07:00+00:00,130.8300018310547,130.91000366210938,130.8300018310547,130.91000366210938,5859.0
2026-03-13 17:08:00+00:00,130.91000366210938,130.97000122070312,130.8800048828125,130.8800048828125,5673.0
2026-03-13 17:09:00+00:00,130.94000244140625,130.97000122070312,130.88999938964844,130.93499755859375,7707.0
2026-03-13 17:10:00+00:00,130.99000549316406,130.99000549316406,130.80499267578125,130.80499267578125,6111.0
2026-03-13 17:11:00+00:00,130.85150146484375,130.9199981689453,130.77999877929688,130.91000366210938,10060.0
2026-03-13 17:12:00+00:00,130.90499877929688,131.1300048828125,130.90499877929688,131.1300048828125,8416.0
2026-03-13 17:13:00+00:00,131.1199951171875,131.13499450683594,131.0500030517578,131.06500244140625,11722.0
2026-03-13 17:14:00+00:00,131.0399932861328,131.07000732421875,130.98500061035156,131.0399932861328,6359.0
2026-03-13 17:15:00+00:00,131.05999755859375,131.08999633789062,130.99000549316406,131.0749969482422,14624.0
2026-03-13 17:16:00+00:00,131.07510375976562,131.11000061035156,130.9499969482422,131.07000732421875,27107.0
2026-03-13 17:17:00+00:00,131.03500366210938,131.03500366210938,130.875,130.9174041748047,9454.0
2026-03-13 17:18:00+00:00,130.9499969482422,131.08999633789062,130.93499755859375,131.0,6885.0
2026-03-13 17:19:00+00:00,131.0449981689453,131.08999633789062,130.9600067138672,131.00999450683594,28000.0
2026-03-13 17:20:00+00:00,130.97000122070312,131.02499389648438,130.76499938964844,130.7899932861328,17776.0
2026-03-13 17:21:00+00:00,130.77999877929688,130.80990600585938,130.61500549316406,130.64999389648438,14188.0
2026-03-13 17:22:00+00:00,130.63999938964844,130.63999938964844,130.4199981689453,130.4199981689453,16923.0
2026-03-13 17:23:00+00:00,130.4199981689453,130.49000549316406,130.39999389648438,130.41000366210938,21593.0
2026-03-13 17:24:00+00:00,130.46499633789062,130.6300048828125,130.4149932861328,130.57000732421875,7930.0
2026-03-13 17:25:00+00:00,130.6199951171875,130.66000366210938,130.52999877929688,130.52999877929688,7580.0
2026-03-13 17:26:00+00:00,130.52000427246094,130.52000427246094,130.39999389648438,130.44500732421875,9860.0
2026-03-13 17:27:00+00:00,130.44500732421875,130.49000549316406,130.36500549316406,130.4600067138672,28982.0
2026-03-13 17:28:00+00:00,130.4600067138672,130.66000366210938,130.4600067138672,130.60499572753906,11793.0
2026-03-13 17:29:00+00:00,130.5500946044922,130.67999267578125,130.5500946044922,130.60000610351562,3724.0
2026-03-13 17:30:00+00:00,130.58999633789062,130.63499450683594,130.5,130.52999877929688,15590.0
2026-03-13 17:31:00+00:00,130.52999877929688,130.5399932861328,130.42999267578125,130.53500366210938,9734.0
2026-03-13 17:32:00+00:00,130.57000732421875,130.6199951171875,130.57000732421875,130.59500122070312,3427.0
2026-03-13 17:33:00+00:00,130.59500122070312,130.59500122070312,130.5,130.53500366210938,2623.0
2026-03-13 17:34:00+00:00,130.53500366210938,130.54510498046875,130.5,130.5,6027.0
2026-03-13 17:35:00+00:00,130.52999877929688,130.5800018310547,130.4949951171875,130.5050048828125,6445.0
2026-03-13 17:36:00+00:00,130.5399932861328,130.60000610351562,130.5,130.52000427246094,8528.0
2026-03-13 17:37:00+00:00,130.52000427246094,130.52000427246094,130.4199981689453,130.4499969482422,12573.0
2026-03-13 17:38:00+00:00,130.42999267578125,130.5,130.42010498046875,130.47000122070312,4470.0
2026-03-13 17:39:00+00:00,130.43499755859375,130.47000122070312,130.42999267578125,130.42999267578125,3417.0
2026-03-13 17:40:00+00:00,130.46499633789062,130.52999877929688,130.40499877929688,130.49000549316406,11923.0
2026-03-13 17:41:00+00:00,130.52999877929688,130.5399932861328,130.42999267578125,130.42999267578125,7343.0
2026-03-13 17:42:00+00:00,130.42999267578125,130.47999572753906,130.39999389648438,130.39999389648438,10700.0
2026-03-13 17:43:00+00:00,130.44000244140625,130.50990295410156,130.44000244140625,130.50990295410156,3361.0
2026-03-13 17:44:00+00:00,130.47500610351562,130.60000610351562,130.42010498046875,130.48500061035156,18629.0
2026-03-13 17:45:00+00:00,130.48500061035156,130.55320739746094,130.42999267578125,130.48500061035156,6226.0
2026-03-13 17:46:00+00:00,130.52000427246094,130.52000427246094,130.41000366210938,130.42999267578125,8342.0
2026-03-13 17:47:00+00:00,130.4199981689453,130.4600067138672,130.3699951171875,130.4600067138672,20820.0
2026-03-13 17:48:00+00:00,130.47999572753906,130.52000427246094,130.40499877929688,130.4499969482422,11041.0
2026-03-13 17:49:00+00:00,130.4210968017578,130.4210968017578,130.3000030517578,130.3249969482422,6681.0
2026-03-13 17:50:00+00:00,130.3498992919922,130.3498992919922,130.25,130.25,16182.0
2026-03-13 17:51:00+00:00,130.25,130.32000732421875,130.23500061035156,130.23500061035156,16911.0
2026-03-13 17:52:00+00:00,130.3300018310547,130.3607940673828,130.27999877929688,130.27999877929688,8302.0
2026-03-13 17:53:00+00:00,130.25,130.33999633789062,130.23500061035156,130.28250122070312,6431.0
2026-03-13 17:54:00+00:00,130.22000122070312,130.27000427246094,130.1699981689453,130.22999572753906,8120.0
2026-03-13 17:55:00+00:00,130.24000549316406,130.32000732421875,130.24000549316406,130.25010681152344,4224.0
2026-03-13 17:56:00+00:00,130.25,130.3300018310547,130.25,130.25750732421875,9817.0
2026-03-13 17:57:00+00:00,130.27499389648438,130.3206024169922,130.27000427246094,130.2949981689453,9600.0
2026-03-13 17:58:00+00:00,130.3300018310547,130.3300018310547,130.19500732421875,130.22500610351562,4981.0
2026-03-13 17:59:00+00:00,130.22500610351562,130.25999450683594,130.13999938964844,130.1699981689453,13548.0
2026-03-13 18:00:00+00:00,130.14999389648438,130.25999450683594,130.11000061035156,130.25999450683594,10186.0
2026-03-13 18:01:00+00:00,130.22000122070312,130.22000122070312,130.00999450683594,130.11000061035156,44662.0
2026-03-13 18:02:00+00:00,130.10000610351562,130.25999450683594,130.08999633789062,130.25999450683594,10537.0
2026-03-13 18:03:00+00:00,130.2899932861328,130.2899932861328,130.16000366210938,130.21499633789062,3508.0
2026-03-13 18:04:00+00:00,130.1699981689453,130.24000549316406,130.08999633789062,130.1999969482422,9840.0
2026-03-13 18:05:00+00:00,130.22999572753906,130.22999572753906,130.11000061035156,130.1699981689453,5936.0
2026-03-13 18:06:00+00:00,130.14999389648438,130.27000427246094,130.13499450683594,130.1699981689453,8350.0
2026-03-13 18:07:00+00:00,130.13999938964844,130.14500427246094,130.0500030517578,130.10000610351562,6859.0
2026-03-13 18:08:00+00:00,130.10000610351562,130.19000244140625,130.07000732421875,130.19000244140625,5307.0
2026-03-13 18:09:00+00:00,130.16000366210938,130.25,130.16000366210938,130.23500061035156,4877.0
2026-03-13 18:10:00+00:00,130.24319458007812,130.2899932861328,130.2100067138672,130.24000549316406,2714.0
2026-03-13 18:11:00+00:00,130.21499633789062,130.25,130.08999633789062,130.2100067138672,44357.0
2026-03-13 18:12:00+00:00,130.1999969482422,130.2100067138672,130.1300048828125,130.18499755859375,4175.0
2026-03-13 18:13:00+00:00,130.22000122070312,130.25999450683594,130.13499450683594,130.22799682617188,4522.0
2026-03-13 18:14:00+00:00,130.2100067138672,130.25999450683594,130.16000366210938,130.18499755859375,6281.0
2026-03-13 18:15:00+00:00,130.18499755859375,130.2100067138672,130.11000061035156,130.17999267578125,8539.0
2026-03-13 18:16:00+00:00,130.17999267578125,130.2666015625,130.14500427246094,130.24000549316406,6612.0
2026-03-13 18:17:00+00:00,130.23500061035156,130.25,130.10000610351562,130.15499877929688,9158.0
2026-03-13 18:18:00+00:00,130.15499877929688,130.16000366210938,130.05499267578125,130.0850067138672,12730.0
2026-03-13 18:19:00+00:00,130.11000061035156,130.1199951171875,130.0399932861328,130.0399932861328,10354.0
2026-03-13 18:20:00+00:00,130.00999450683594,130.1199951171875,129.9499969482422,130.0800018310547,52714.0
2026-03-13 18:21:00+00:00,130.0800018310547,130.1199951171875,130.0399932861328,130.08999633789062,8514.0
2026-03-13 18:22:00+00:00,130.13999938964844,130.13999938964844,130.0500030517578,130.0749969482422,6778.0
2026-03-13 18:23:00+00:00,130.0749969482422,130.08999633789062,130.0399932861328,130.08999633789062,4512.0
2026-03-13 18:24:00+00:00,130.0800018310547,130.125,130.05999755859375,130.125,7239.0
2026-03-13 18:25:00+00:00,130.16000366210938,130.22000122070312,130.13999938964844,130.17999267578125,7881.0
2026-03-13 18:26:00+00:00,130.16000366210938,130.17999267578125,130.11000061035156,130.14999389648438,6464.0
2026-03-13 18:27:00+00:00,130.17999267578125,130.17999267578125,130.09010314941406,130.1649932861328,8625.0
2026-03-13 18:28:00+00:00,130.17999267578125,130.17999267578125,130.11000061035156,130.11000061035156,4821.0
2026-03-13 18:29:00+00:00,130.17999267578125,130.2899932861328,130.1750030517578,130.25,7188.0
2026-03-13 18:30:00+00:00,130.2899932861328,130.30999755859375,130.16000366210938,130.30999755859375,8326.0
2026-03-13 18:31:00+00:00,130.27000427246094,130.3000030517578,130.22000122070312,130.26499938964844,6151.0
2026-03-13 18:32:00+00:00,130.23500061035156,130.35000610351562,130.22999572753906,130.31500244140625,8419.0
2026-03-13 18:33:00+00:00,130.27999877929688,130.33999633789062,130.22000122070312,130.22000122070312,8522.0
2026-03-13 18:34:00+00:00,130.25999450683594,130.33999633789062,130.10000610351562,130.10000610351562,32916.0
2026-03-13 18:35:00+00:00,130.14999389648438,130.14999389648438,130.0,130.0449981689453,19592.0
2026-03-13 18:36:00+00:00,130.05999755859375,130.13999938964844,129.92999267578125,129.9929962158203,51600.0
2026-03-13 18:37:00+00:00,129.92999267578125,129.9499969482422,129.8800048828125,129.89999389648438,17702.0
2026-03-13 18:38:00+00:00,129.92999267578125,129.95399475097656,129.85000610351562,129.95399475097656,15758.0
2026-03-13 18:39:00+00:00,129.89999389648438,129.9199981689453,129.85000610351562,129.86000061035156,14609.0
2026-03-13 18:40:00+00:00,129.8800048828125,129.8800048828125,129.77000427246094,129.77000427246094,15731.0
2026-03-13 18:41:00+00:00,129.75,129.80999755859375,129.69000244140625,129.72000122070312,27379.0
2026-03-13 18:42:00+00:00,129.72999572753906,129.80999755859375,129.6699981689453,129.7100067138672,15910.0
2026-03-13 18:43:00+00:00,129.7050018310547,129.8000030517578,129.7050018310547,129.75999450683594,7164.0
2026-03-13 18:44:00+00:00,129.78500366210938,129.85000610351562,129.77999877929688,129.85000610351562,10054.0
2026-03-13 18:45:00+00:00,129.8300018310547,129.88999938964844,129.75,129.8249969482422,136759.0
2026-03-13 18:46:00+00:00,129.8249969482422,129.91000366210938,129.7899932861328,129.80499267578125,18494.0
2026-03-13 18:47:00+00:00,129.8000030517578,129.90989685058594,129.7913055419922,129.85499572753906,8404.0
2026-03-13 18:48:00+00:00,129.89999389648438,129.97000122070312,129.85000610351562,129.8800048828125,8409.0
2026-03-13 18:49:00+00:00,129.86000061035156,129.88999938964844,129.75999450683594,129.81500244140625,11829.0
2026-03-13 18:50:00+00:00,129.81500244140625,129.85000610351562,129.66000366210938,129.77999877929688,23357.0
2026-03-13 18:51:00+00:00,129.77000427246094,129.7884979248047,129.66000366210938,129.7100067138672,16756.0
2026-03-13 18:52:00+00:00,129.67999267578125,129.7899932861328,129.66000366210938,129.66000366210938,10512.0
2026-03-13 18:53:00+00:00,129.67999267578125,129.67999267578125,129.5749969482422,129.6199951171875,16900.0
2026-03-13 18:54:00+00:00,129.5800018310547,129.74000549316406,129.5800018310547,129.74000549316406,24644.0
2026-03-13 18:55:00+00:00,129.69000244140625,129.72999572753906,129.60000610351562,129.64999389648438,10949.0
2026-03-13 18:56:00+00:00,129.64999389648438,129.69500732421875,129.5500030517578,129.65499877929688,15136.0
2026-03-13 18:57:00+00:00,129.65499877929688,129.65499877929688,129.58999633789062,129.6199951171875,13298.0
2026-03-13 18:58:00+00:00,129.6199951171875,129.67999267578125,129.52999877929688,129.63499450683594,26040.0
2026-03-13 18:59:00+00:00,129.63499450683594,129.6699981689453,129.5500030517578,129.58999633789062,8074.0
2026-03-13 19:00:00+00:00,129.58999633789062,129.63999938964844,129.52999877929688,129.5800018310547,146087.0
2026-03-13 19:01:00+00:00,129.59500122070312,129.64999389648438,129.5399932861328,129.60499572753906,65893.0
2026-03-13 19:02:00+00:00,129.5915985107422,129.64999389648438,129.47999572753906,129.47999572753906,19269.0
2026-03-13 19:03:00+00:00,129.47999572753906,129.50999450683594,129.4499969482422,129.4499969482422,9623.0
2026-03-13 19:04:00+00:00,129.47000122070312,129.7100067138672,129.4499969482422,129.56500244140625,45302.0
2026-03-13 19:05:00+00:00,129.5399932861328,129.5399932861328,129.4600067138672,129.50999450683594,11078.0
2026-03-13 19:06:00+00:00,129.5,129.5,129.3300018310547,129.33999633789062,19008.0
2026-03-13 19:07:00+00:00,129.3300018310547,129.4199981689453,129.27000427246094,129.3101043701172,24897.0
2026-03-13 19:08:00+00:00,129.35000610351562,129.47999572753906,129.33999633789062,129.4199981689453,17349.0
2026-03-13 19:09:00+00:00,129.44000244140625,129.5850067138672,129.40499877929688,129.52999877929688,15070.0
2026-03-13 19:10:00+00:00,129.5800018310547,129.60000610351562,129.4499969482422,129.5399932861328,36397.0
2026-03-13 19:11:00+00:00,129.55999755859375,129.60000610351562,129.4604034423828,129.4604034423828,8819.0
2026-03-13 19:12:00+00:00,129.47999572753906,129.5050048828125,129.41000366210938,129.41000366210938,18029.0
2026-03-13 19:13:00+00:00,129.4199981689453,129.47999572753906,129.38999938964844,129.47889709472656,13114.0
2026-03-13 19:14:00+00:00,129.4542999267578,129.47999572753906,129.38999938964844,129.41000366210938,9697.0
2026-03-13 19:15:00+00:00,129.42999267578125,129.69000244140625,129.42999267578125,129.66000366210938,137610.0
2026-03-13 19:16:00+00:00,129.65899658203125,129.6999969482422,129.5449981689453,129.6300048828125,33495.0
2026-03-13 19:17:00+00:00,129.6300048828125,129.72000122070312,129.58999633789062,129.6999969482422,19496.0
2026-03-13 19:18:00+00:00,129.67999267578125,129.74000549316406,129.6204071044922,129.7100067138672,13428.0
2026-03-13 19:19:00+00:00,129.74000549316406,129.89500427246094,129.72000122070312,129.72000122070312,27054.0
2026-03-13 19:20:00+00:00,129.72000122070312,129.72000122070312,129.6300048828125,129.6300048828125,20017.0
2026-03-13 19:21:00+00:00,129.61000061035156,129.61000061035156,129.4949951171875,129.56500244140625,10105.0
2026-03-13 19:22:00+00:00,129.5749969482422,129.5749969482422,129.51010131835938,129.5399932861328,8477.0
2026-03-13 19:23:00+00:00,129.5449981689453,129.57000732421875,129.47999572753906,129.5,10932.0
2026-03-13 19:24:00+00:00,129.5050048828125,129.61000061035156,129.5050048828125,129.52999877929688,11779.0
2026-03-13 19:25:00+00:00,129.55999755859375,129.55999755859375,129.4199981689453,129.44000244140625,12085.0
2026-03-13 19:26:00+00:00,129.4550018310547,129.5,129.427001953125,129.47999572753906,20651.0
2026-03-13 19:27:00+00:00,129.4600067138672,129.47000122070312,129.3800048828125,129.38999938964844,14042.0
2026-03-13 19:28:00+00:00,129.38999938964844,129.39999389648438,129.3300018310547,129.3300018310547,29607.0
2026-03-13 19:29:00+00:00,129.35000610351562,129.36500549316406,129.22000122070312,129.36000061035156,23686.0
2026-03-13 19:30:00+00:00,129.37860107421875,129.47999572753906,129.37860107421875,129.4550018310547,22988.0
2026-03-13 19:31:00+00:00,129.4550018310547,129.49000549316406,129.4149932861328,129.47999572753906,15965.0
2026-03-13 19:32:00+00:00,129.47000122070312,129.5,129.3800048828125,129.40750122070312,20593.0
2026-03-13 19:33:00+00:00,129.4499969482422,129.4499969482422,129.35000610351562,129.38999938964844,13634.0
2026-03-13 19:34:00+00:00,129.41000366210938,129.4199981689453,129.3800048828125,129.4149932861328,27723.0
2026-03-13 19:35:00+00:00,129.42999267578125,129.4499969482422,129.3300018310547,129.3300018310547,38046.0
2026-03-13 19:36:00+00:00,129.3300018310547,129.3699951171875,129.30999755859375,129.3300018310547,14360.0
2026-03-13 19:37:00+00:00,129.34500122070312,129.55499267578125,129.3300018310547,129.55499267578125,134276.0
2026-03-13 19:38:00+00:00,129.55499267578125,129.55499267578125,129.4199981689453,129.4324951171875,16567.0
2026-03-13 19:39:00+00:00,129.4250030517578,129.47000122070312,129.35000610351562,129.4499969482422,68643.0
2026-03-13 19:40:00+00:00,129.41510009765625,129.4499969482422,129.35000610351562,129.3800048828125,38800.0
2026-03-13 19:41:00+00:00,129.38999938964844,129.41000366210938,129.35000610351562,129.36500549316406,15588.0
2026-03-13 19:42:00+00:00,129.3800048828125,129.38999938964844,129.27169799804688,129.28500366210938,26789.0
2026-03-13 19:43:00+00:00,129.2899932861328,129.30999755859375,129.25,129.30999755859375,16562.0
2026-03-13 19:44:00+00:00,129.30999755859375,129.3800048828125,129.27000427246094,129.3520050048828,44886.0
2026-03-13 19:45:00+00:00,129.35000610351562,129.4199981689453,129.30599975585938,129.30599975585938,14818.0
2026-03-13 19:46:00+00:00,129.3300018310547,129.52000427246094,129.3300018310547,129.52000427246094,101930.0
2026-03-13 19:47:00+00:00,129.52999877929688,129.64999389648438,129.51499938964844,129.64999389648438,21792.0
2026-03-13 19:48:00+00:00,129.64999389648438,129.69500732421875,129.6199951171875,129.69500732421875,15292.0
2026-03-13 19:49:00+00:00,129.72999572753906,129.72999572753906,129.64999389648438,129.67999267578125,16623.0
2026-03-13 19:50:00+00:00,129.6699981689453,129.75999450683594,129.61000061035156,129.72999572753906,39442.0
2026-03-13 19:51:00+00:00,129.72999572753906,129.77000427246094,129.67999267578125,129.77000427246094,36491.0
2026-03-13 19:52:00+00:00,129.74000549316406,129.8300018310547,129.72500610351562,129.82000732421875,25358.0
2026-03-13 19:53:00+00:00,129.8000030517578,129.8800048828125,129.77499389648438,129.77999877929688,34482.0
2026-03-13 19:54:00+00:00,129.7899932861328,129.83999633789062,129.75,129.8300018310547,31097.0
2026-03-13 19:55:00+00:00,129.7899932861328,129.8000030517578,129.68499755859375,129.68499755859375,49570.0
2026-03-13 19:56:00+00:00,129.68499755859375,129.72999572753906,129.6699981689453,129.72000122070312,49213.0
2026-03-13 19:57:00+00:00,129.7100067138672,129.80999755859375,129.69000244140625,129.80499267578125,70323.0
2026-03-13 19:58:00+00:00,129.8000030517578,129.80499267578125,129.76499938964844,129.8000030517578,84106.0
2026-03-13 19:59:00+00:00,129.8000030517578,129.85000610351562,129.75,129.83999633789062,196743.0
2026-03-16 13:30:00+00:00,131.07200622558594,131.5500030517578,130.9199981689453,131.47000122070312,264976.0
2026-03-16 13:31:00+00:00,131.5500030517578,131.79989624023438,131.375,131.5800018310547,15585.0
2026-03-16 13:32:00+00:00,131.55999755859375,131.86619567871094,131.18499755859375,131.18499755859375,26539.0
2026-03-16 13:33:00+00:00,131.16000366210938,131.41299438476562,131.07000732421875,131.38999938964844,31156.0
2026-03-16 13:34:00+00:00,131.36500549316406,131.4250030517578,131.17799377441406,131.17799377441406,11602.0
2026-03-16 13:35:00+00:00,131.14999389648438,131.3699951171875,130.91000366210938,130.92999267578125,18187.0
2026-03-16 13:36:00+00:00,130.9600067138672,131.02000427246094,130.63999938964844,130.64999389648438,21852.0
2026-03-16 13:37:00+00:00,130.67999267578125,130.74000549316406,130.36000061035156,130.52000427246094,25580.0
2026-03-16 13:38:00+00:00,130.39999389648438,130.63999938964844,130.34750366210938,130.60499572753906,20471.0
2026-03-16 13:39:00+00:00,130.5399932861328,130.64999389648438,130.3800048828125,130.4199981689453,11673.0
2026-03-16 13:40:00+00:00,130.49000549316406,130.49000549316406,130.22000122070312,130.3000030517578,193512.0
2026-03-16 13:41:00+00:00,130.32839965820312,130.36000061035156,130.14999389648438,130.3000030517578,0.0
2026-03-16 13:42:00+00:00,130.2100067138672,130.2100067138672,129.8300018310547,129.97000122070312,207069.0
2026-03-16 13:43:00+00:00,129.9499969482422,130.02000427246094,129.6300048828125,129.8800048828125,0.0
2026-03-16 13:44:00+00:00,129.8699951171875,129.9398956298828,129.42999267578125,129.43499755859375,18845.0
2026-03-16 13:45:00+00:00,129.3800048828125,129.8300018310547,129.1699981689453,129.8300018310547,28012.0
2026-03-16 13:46:00+00:00,129.7200927734375,129.97999572753906,129.7200927734375,129.9149932861328,40102.0
2026-03-16 13:47:00+00:00,129.92250061035156,130.11000061035156,129.8800048828125,130.0399932861328,62884.0
2026-03-16 13:48:00+00:00,130.02499389648438,130.02499389648438,129.19000244140625,129.19129943847656,275072.0
2026-03-16 13:49:00+00:00,129.19090270996094,129.29510498046875,129.00999450683594,129.22500610351562,0.0
2026-03-16 13:50:00+00:00,129.22999572753906,129.30999755859375,128.97000122070312,128.97999572753906,32523.0
2026-03-16 13:51:00+00:00,128.96499633789062,129.0800018310547,128.96499633789062,129.03500366210938,304136.0
2026-03-16 13:52:00+00:00,129.07000732421875,129.3820037841797,128.99000549316406,129.32000732421875,0.0
2026-03-16 13:53:00+00:00,129.35499572753906,129.36000061035156,129.2100067138672,129.30999755859375,14087.0
2026-03-16 13:54:00+00:00,129.30999755859375,129.3699951171875,129.13999938964844,129.2100067138672,11774.0
2026-03-16 13:55:00+00:00,129.2449951171875,129.4550018310547,129.2100067138672,129.38999938964844,33861.0
2026-03-16 13:56:00+00:00,129.3800048828125,129.74000549316406,129.3699951171875,129.61000061035156,356082.0
2026-03-16 13:57:00+00:00,129.52999877929688,129.72500610351562,129.52999877929688,129.60000610351562,0.0
2026-03-16 13:58:00+00:00,129.6199951171875,129.72000122070312,129.47000122070312,129.72000122070312,19971.0
2026-03-16 13:59:00+00:00,129.72999572753906,129.72999572753906,129.63999938964844,129.69000244140625,6966.0
2026-03-16 14:00:00+00:00,129.72999572753906,129.75,129.39999389648438,129.6060028076172,31619.0
2026-03-16 14:01:00+00:00,129.58999633789062,129.7899932861328,129.47999572753906,129.7899932861328,11007.0
2026-03-16 14:02:00+00:00,129.8249969482422,129.9600067138672,129.77090454101562,129.91000366210938,8094.0
2026-03-16 14:03:00+00:00,129.9149932861328,129.9149932861328,129.72999572753906,129.7899932861328,8882.0
2026-03-16 14:04:00+00:00,129.76499938964844,129.8699951171875,129.72999572753906,129.8699951171875,9881.0
2026-03-16 14:05:00+00:00,129.83999633789062,129.88499450683594,129.63009643554688,129.64999389648438,10641.0
2026-03-16 14:06:00+00:00,129.68980407714844,129.6999969482422,129.55999755859375,129.67999267578125,402320.0
2026-03-16 14:07:00+00:00,129.7689971923828,129.8000030517578,129.6199951171875,129.6999969482422,0.0
2026-03-16 14:08:00+00:00,129.6999969482422,129.75,129.5800018310547,129.6699981689453,7302.0
2026-03-16 14:09:00+00:00,129.72000122070312,129.89999389648438,129.72000122070312,129.88819885253906,8870.0
2026-03-16 14:10:00+00:00,129.85000610351562,130.07000732421875,129.8300018310547,130.0500030517578,15539.0
2026-03-16 14:11:00+00:00,130.0,130.1300048828125,129.9499969482422,130.125,430429.0
2026-03-16 14:12:00+00:00,130.125,130.1300048828125,130.00999450683594,130.02000427246094,0.0
2026-03-16 14:13:00+00:00,130.0500030517578,130.14500427246094,129.91000366210938,130.14500427246094,45561.0
2026-03-16 14:14:00+00:00,130.10000610351562,130.1199951171875,129.99000549316406,130.07000732421875,10099.0
2026-03-16 14:15:00+00:00,130.0399932861328,130.22999572753906,130.0399932861328,130.22999572753906,9355.0
2026-03-16 14:16:00+00:00,130.21499633789062,130.25,129.99000549316406,130.0850067138672,20309.0
2026-03-16 14:17:00+00:00,130.0850067138672,130.10000610351562,130.02000427246094,130.0800018310547,12947.0
2026-03-16 14:18:00+00:00,130.10000610351562,130.25,130.0500030517578,130.24249267578125,11504.0
2026-03-16 14:19:00+00:00,130.27000427246094,130.31500244140625,130.11000061035156,130.1875,12437.0
2026-03-16 14:20:00+00:00,130.22999572753906,130.25,130.14999389648438,130.22000122070312,11188.0
2026-03-16 14:21:00+00:00,130.22000122070312,130.3800048828125,130.1300048828125,130.19000244140625,16933.0
2026-03-16 14:22:00+00:00,130.13999938964844,130.3350067138672,130.13499450683594,130.3249969482422,7009.0
2026-03-16 14:23:00+00:00,130.281005859375,130.4499969482422,130.1199951171875,130.1199951171875,503400.0
2026-03-16 14:24:00+00:00,130.10189819335938,130.2550048828125,130.0399932861328,130.2550048828125,0.0
2026-03-16 14:25:00+00:00,130.24000549316406,130.26499938964844,130.19500732421875,130.2100067138672,5796.0
2026-03-16 14:26:00+00:00,130.1999969482422,130.25900268554688,130.08999633789062,130.18829345703125,26410.0
2026-03-16 14:27:00+00:00,130.19000244140625,130.30999755859375,130.13999938964844,130.23500061035156,11590.0
2026-03-16 14:28:00+00:00,130.2100067138672,130.25,130.14500427246094,130.25,10307.0
2026-03-16 14:29:00+00:00,130.17999267578125,130.19020080566406,130.05999755859375,130.07000732421875,4865.0
2026-03-16 14:30:00+00:00,130.0749969482422,130.19000244140625,129.9499969482422,129.97999572753906,18106.0
2026-03-16 14:31:00+00:00,129.99000549316406,130.22999572753906,129.9499969482422,130.1699981689453,16242.0
2026-03-16 14:32:00+00:00,130.27999877929688,130.27999877929688,130.00999450683594,130.00999450683594,5214.0
2026-03-16 14:33:00+00:00,129.97999572753906,130.00999450683594,129.8699951171875,129.8699951171875,7585.0
2026-03-16 14:34:00+00:00,129.89999389648438,129.92999267578125,129.83999633789062,129.88999938964844,567097.0
2026-03-16 14:35:00+00:00,129.89999389648438,129.99000549316406,129.89999389648438,129.99000549316406,0.0
2026-03-16 14:36:00+00:00,130.02000427246094,130.31500244140625,130.02000427246094,130.27000427246094,581944.0
2026-03-16 14:37:00+00:00,130.3800048828125,130.41000366210938,130.25,130.2899932861328,0.0
2026-03-16 14:38:00+00:00,130.3000030517578,130.33999633789062,130.0355987548828,130.0355987548828,7163.0
2026-03-16 14:39:00+00:00,130.10000610351562,130.16000366210938,130.0,130.00999450683594,15230.0
2026-03-16 14:40:00+00:00,130.0500030517578,130.08859252929688,129.94000244140625,129.96499633789062,9415.0
2026-03-16 14:41:00+00:00,129.9550018310547,130.08999633789062,129.92999267578125,130.0500030517578,8169.0
2026-03-16 14:42:00+00:00,130.02000427246094,130.02000427246094,129.8300018310547,129.83999633789062,617024.0
2026-03-16 14:43:00+00:00,129.82000732421875,129.89999389648438,129.77000427246094,129.77000427246094,0.0
2026-03-16 14:44:00+00:00,129.82000732421875,129.9199981689453,129.75,129.91000366210938,631545.0
2026-03-16 14:45:00+00:00,129.93499755859375,129.9604034423828,129.8000030517578,129.80499267578125,0.0
2026-03-16 14:46:00+00:00,129.8300018310547,129.90499877929688,129.75,129.90499877929688,7002.0
2026-03-16 14:47:00+00:00,129.83999633789062,129.88819885253906,129.7100067138672,129.7100067138672,7563.0
2026-03-16 14:48:00+00:00,129.77999877929688,129.86000061035156,129.6999969482422,129.80999755859375,646706.0
2026-03-16 14:49:00+00:00,129.81500244140625,129.8800048828125,129.8000030517578,129.86000061035156,6515.0
2026-03-16 14:50:00+00:00,129.83999633789062,129.841796875,129.5500030517578,129.67999267578125,28433.0
2026-03-16 14:51:00+00:00,129.6300048828125,129.6699981689453,129.47999572753906,129.66000366210938,0.0
2026-03-16 14:52:00+00:00,129.63999938964844,129.67999267578125,129.5,129.60000610351562,13227.0
2026-03-16 14:53:00+00:00,129.63999938964844,129.72000122070312,129.63999938964844,129.66000366210938,8140.0
2026-03-16 14:54:00+00:00,129.66000366210938,129.75999450683594,129.6199951171875,129.75,16523.0
2026-03-16 14:55:00+00:00,129.7100067138672,129.7100067138672,129.39999389648438,129.52720642089844,11289.0
2026-03-16 14:56:00+00:00,129.55499267578125,129.63999938964844,129.52000427246094,129.60499572753906,711806.0
2026-03-16 14:57:00+00:00,129.58999633789062,129.6699981689453,129.5500030517578,129.61500549316406,0.0
2026-03-16 14:58:00+00:00,129.6248016357422,129.625,129.55999755859375,129.625,6885.0
2026-03-16 14:59:00+00:00,129.61000061035156,129.74989318847656,129.61000061035156,129.72000122070312,15336.0
2026-03-16 15:00:00+00:00,129.6699981689453,129.7100067138672,129.60499572753906,129.6300048828125,8050.0
2026-03-16 15:01:00+00:00,129.66000366210938,129.7100067138672,129.60000610351562,129.69000244140625,11403.0
2026-03-16 15:02:00+00:00,129.64999389648438,129.81500244140625,129.625,129.77000427246094,12884.0
2026-03-16 15:03:00+00:00,129.77999877929688,129.83999633789062,129.6699981689453,129.67999267578125,6117.0
2026-03-16 15:04:00+00:00,129.6750030517578,129.72000122070312,129.55999755859375,129.69500732421875,13307.0
2026-03-16 15:05:00+00:00,129.69000244140625,129.7100067138672,129.57000732421875,129.69000244140625,11397.0
2026-03-16 15:06:00+00:00,129.63999938964844,129.65499877929688,129.57000732421875,129.65499877929688,11257.0
2026-03-16 15:07:00+00:00,129.65499877929688,129.65499877929688,129.52000427246094,129.58999633789062,6450.0
2026-03-16 15:08:00+00:00,129.57000732421875,129.63499450683594,129.52499389648438,129.63499450683594,5529.0
2026-03-16 15:09:00+00:00,129.63999938964844,129.7100067138672,129.63999938964844,129.68499755859375,17109.0
2026-03-16 15:10:00+00:00,129.6699981689453,129.7050018310547,129.625,129.625,9456.0
2026-03-16 15:11:00+00:00,129.65499877929688,129.74000549316406,129.64010620117188,129.69500732421875,9934.0
2026-03-16 15:12:00+00:00,129.66000366210938,129.76499938964844,129.66000366210938,129.7550048828125,7635.0
2026-03-16 15:13:00+00:00,129.77000427246094,130.0500030517578,129.77000427246094,130.0500030517578,795165.0
2026-03-16 15:14:00+00:00,130.0749969482422,130.0749969482422,129.9801025390625,129.9801025390625,0.0
2026-03-16 15:15:00+00:00,129.99000549316406,130.01499938964844,129.9600067138672,129.97000122070312,5712.0
2026-03-16 15:16:00+00:00,129.98500061035156,130.0500030517578,129.94000244140625,130.02000427246094,15902.0
2026-03-16 15:17:00+00:00,130.02999877929688,130.16000366210938,130.00999450683594,130.16000366210938,8790.0
2026-03-16 15:18:00+00:00,130.2100067138672,130.25999450683594,130.2100067138672,130.22999572753906,6228.0
2026-03-16 15:19:00+00:00,130.25999450683594,130.375,130.22999572753906,130.375,5459.0
2026-03-16 15:20:00+00:00,130.3699951171875,130.49000549316406,130.30999755859375,130.44940185546875,10142.0
2026-03-16 15:21:00+00:00,130.4541015625,130.4541015625,130.3177032470703,130.3217010498047,8277.0
2026-03-16 15:22:00+00:00,130.32000732421875,130.3800048828125,130.32000732421875,130.3800048828125,9564.0
2026-03-16 15:23:00+00:00,130.33999633789062,130.39999389648438,130.33999633789062,130.38999938964844,9420.0
2026-03-16 15:24:00+00:00,130.41000366210938,130.42999267578125,130.36000061035156,130.36500549316406,7126.0
2026-03-16 15:25:00+00:00,130.33999633789062,130.3800048828125,130.30999755859375,130.33999633789062,12591.0
2026-03-16 15:26:00+00:00,130.30999755859375,130.3300018310547,130.23500061035156,130.30999755859375,6819.0
2026-03-16 15:27:00+00:00,130.30999755859375,130.38999938964844,130.2899932861328,130.33999633789062,8098.0
2026-03-16 15:28:00+00:00,130.32000732421875,130.3800048828125,130.2899932861328,130.3800048828125,840823.0
2026-03-16 15:29:00+00:00,130.3300018310547,130.3498992919922,130.27999877929688,130.34010314941406,0.0
2026-03-16 15:30:00+00:00,130.3249969482422,130.389892578125,130.2899932861328,130.2899932861328,8929.0
2026-03-16 15:31:00+00:00,130.27999877929688,130.35000610351562,130.27999877929688,130.35000610351562,852947.0
2026-03-16 15:32:00+00:00,130.35000610351562,130.35000610351562,130.25,130.26010131835938,0.0
2026-03-16 15:33:00+00:00,130.25999450683594,130.42999267578125,130.24000549316406,130.4199981689453,20688.0
2026-03-16 15:34:00+00:00,130.40499877929688,130.44000244140625,130.3000030517578,130.30999755859375,865229.0
2026-03-16 15:35:00+00:00,130.3000030517578,130.42990112304688,130.2899932861328,130.3800048828125,0.0
2026-03-16 15:36:00+00:00,130.36000061035156,130.4600067138672,130.33999633789062,130.44000244140625,4945.0
2026-03-16 15:37:00+00:00,130.38999938964844,130.42999267578125,130.36500549316406,130.3800048828125,5396.0
2026-03-16 15:38:00+00:00,130.3800048828125,130.41000366210938,130.30999755859375,130.3249969482422,5344.0
2026-03-16 15:39:00+00:00,130.3300018310547,130.39999389648438,130.32000732421875,130.39999389648438,6155.0
2026-03-16 15:40:00+00:00,130.3699951171875,130.3800048828125,130.3300018310547,130.33999633789062,5646.0
2026-03-16 15:41:00+00:00,130.33999633789062,130.35000610351562,130.2899932861328,130.35000610351562,3364.0
2026-03-16 15:42:00+00:00,130.35499572753906,130.4199981689453,130.32000732421875,130.4080047607422,11426.0
2026-03-16 15:43:00+00:00,130.4199981689453,130.5399932861328,130.39999389648438,130.51499938964844,6833.0
2026-03-16 15:44:00+00:00,130.4600067138672,130.47000122070312,130.3800048828125,130.3800048828125,7546.0
2026-03-16 15:45:00+00:00,130.3800048828125,130.38999938964844,130.3000030517578,130.30999755859375,8042.0
2026-03-16 15:46:00+00:00,130.3300018310547,130.3350067138672,130.22999572753906,130.27999877929688,15381.0
2026-03-16 15:47:00+00:00,130.2550048828125,130.33999633789062,130.2550048828125,130.27999877929688,6314.0
2026-03-16 15:48:00+00:00,130.33999633789062,130.33999633789062,130.25999450683594,130.3350067138672,6949.0
2026-03-16 15:49:00+00:00,130.2899932861328,130.4340057373047,130.25999450683594,130.27999877929688,17543.0
2026-03-16 15:50:00+00:00,130.22999572753906,130.27000427246094,129.97999572753906,130.00999450683594,15136.0
2026-03-16 15:51:00+00:00,129.99000549316406,130.14999389648438,129.98500061035156,130.1199951171875,9066.0
2026-03-16 15:52:00+00:00,130.11000061035156,130.14999389648438,130.0800018310547,130.13999938964844,7788.0
2026-03-16 15:53:00+00:00,130.11500549316406,130.19500732421875,130.0399932861328,130.1649932861328,10091.0
2026-03-16 15:54:00+00:00,130.2100067138672,130.27999877929688,130.19500732421875,130.27000427246094,931919.0
2026-03-16 15:55:00+00:00,130.24000549316406,130.24000549316406,130.16000366210938,130.1699981689453,0.0
2026-03-16 15:56:00+00:00,130.1699981689453,130.25,130.16000366210938,130.16000366210938,952113.0
2026-03-16 15:57:00+00:00,130.17999267578125,130.17999267578125,129.91000366210938,129.91000366210938,0.0
2026-03-16 15:58:00+00:00,129.9499969482422,130.00999450683594,129.85000610351562,129.99000549316406,14890.0
2026-03-16 15:59:00+00:00,129.99000549316406,130.0500030517578,129.8300018310547,129.8300018310547,6753.0
2026-03-16 16:00:00+00:00,129.8800048828125,130.05999755859375,129.8800048828125,130.0399932861328,8873.0
2026-03-16 16:01:00+00:00,130.02000427246094,130.0500030517578,129.97000122070312,130.02000427246094,6020.0
2026-03-16 16:02:00+00:00,129.9600067138672,130.02999877929688,129.9600067138672,130.02499389648438,3692.0
2026-03-16 16:03:00+00:00,130.00010681152344,130.07000732421875,129.99000549316406,130.07000732421875,6066.0
2026-03-16 16:04:00+00:00,130.0399932861328,130.0500030517578,129.89999389648438,129.89999389648438,6038.0
2026-03-16 16:05:00+00:00,129.9199981689453,129.97000122070312,129.9199981689453,129.94000244140625,3843.0
2026-03-16 16:06:00+00:00,129.93499755859375,129.99000549316406,129.9199981689453,129.97340393066406,6813.0
2026-03-16 16:07:00+00:00,129.9550018310547,130.02000427246094,129.9499969482422,130.0,6340.0
2026-03-16 16:08:00+00:00,130.02999877929688,130.0989990234375,130.02999877929688,130.07000732421875,7671.0
2026-03-16 16:09:00+00:00,130.0500030517578,130.0500030517578,129.97999572753906,130.0,4008.0
2026-03-16 16:10:00+00:00,130.0,130.13999938964844,130.0,130.1199951171875,4422.0
2026-03-16 16:11:00+00:00,130.10499572753906,130.11000061035156,129.97000122070312,130.0449981689453,7627.0
2026-03-16 16:12:00+00:00,129.99000549316406,130.0399932861328,129.9600067138672,129.99000549316406,6443.0
2026-03-16 16:13:00+00:00,129.97000122070312,130.03500366210938,129.94000244140625,129.94500732421875,7038.0
2026-03-16 16:14:00+00:00,129.94000244140625,130.0399932861328,129.91000366210938,130.0399932861328,6101.0
2026-03-16 16:15:00+00:00,130.0399932861328,130.19000244140625,130.02499389648438,130.11500549316406,7806.0
2026-03-16 16:16:00+00:00,130.11000061035156,130.19000244140625,130.0601043701172,130.18499755859375,10575.0
2026-03-16 16:17:00+00:00,130.16000366210938,130.3249969482422,130.16000366210938,130.30499267578125,8520.0
2026-03-16 16:18:00+00:00,130.25999450683594,130.32000732421875,130.25,130.3000030517578,7879.0
2026-03-16 16:19:00+00:00,130.31500244140625,130.31500244140625,130.13510131835938,130.13510131835938,6916.0
2026-03-16 16:20:00+00:00,130.11000061035156,130.1699981689453,130.05999755859375,130.16510009765625,15046.0
2026-03-16 16:21:00+00:00,130.1699981689453,130.22999572753906,130.1199951171875,130.1300048828125,4845.0
2026-03-16 16:22:00+00:00,130.16000366210938,130.22999572753906,130.14999389648438,130.15499877929688,5039.0
2026-03-16 16:23:00+00:00,130.14999389648438,130.25999450683594,130.14999389648438,130.25999450683594,11913.0
2026-03-16 16:24:00+00:00,130.25,130.25,130.08999633789062,130.16000366210938,8548.0
2026-03-16 16:25:00+00:00,130.14999389648438,130.14999389648438,130.1300048828125,130.14500427246094,3644.0
2026-03-16 16:26:00+00:00,130.15289306640625,130.19000244140625,130.125,130.1750030517578,5829.0
2026-03-16 16:27:00+00:00,130.19000244140625,130.2169952392578,130.0500030517578,130.07000732421875,7793.0
2026-03-16 16:28:00+00:00,130.08999633789062,130.17999267578125,130.08999633789062,130.1300048828125,9186.0
2026-03-16 16:29:00+00:00,130.110107421875,130.1230926513672,130.05999755859375,130.05999755859375,4551.0
2026-03-16 16:30:00+00:00,130.13999938964844,130.1649932861328,130.05999755859375,130.08999633789062,4544.0
2026-03-16 16:31:00+00:00,130.05999755859375,130.11000061035156,130.0,130.05499267578125,6229.0
2026-03-16 16:32:00+00:00,130.02999877929688,130.1199951171875,129.97000122070312,129.97000122070312,5162.0
2026-03-16 16:33:00+00:00,129.9499969482422,130.0050048828125,129.9199981689453,130.0050048828125,6692.0
2026-03-16 16:34:00+00:00,129.98500061035156,130.10000610351562,129.9499969482422,130.0500030517578,8755.0
2026-03-16 16:35:00+00:00,130.0500030517578,130.19500732421875,130.0449981689453,130.17999267578125,1091289.0
2026-03-16 16:36:00+00:00,130.1300048828125,130.1999969482422,130.11000061035156,130.139892578125,0.0
2026-03-16 16:37:00+00:00,130.1201934814453,130.2100067138672,130.1201934814453,130.2100067138672,2328.0
2026-03-16 16:38:00+00:00,130.14999389648438,130.3000030517578,130.14999389648438,130.3000030517578,4102.0
2026-03-16 16:39:00+00:00,130.2949981689453,130.30499267578125,130.22149658203125,130.22149658203125,4596.0
2026-03-16 16:40:00+00:00,130.25,130.25259399414062,130.19000244140625,130.19000244140625,5490.0
2026-03-16 16:41:00+00:00,130.218994140625,130.3000030517578,130.1999969482422,130.2899932861328,3896.0
2026-03-16 16:42:00+00:00,130.3115997314453,130.4199981689453,130.2899932861328,130.3800048828125,5697.0
2026-03-16 16:43:00+00:00,130.35499572753906,130.3800048828125,130.27999877929688,130.28500366210938,3858.0
2026-03-16 16:44:00+00:00,130.27000427246094,130.27999877929688,130.22000122070312,130.25,5288.0
2026-03-16 16:45:00+00:00,130.19000244140625,130.25999450683594,130.1300048828125,130.1999969482422,17626.0
2026-03-16 16:46:00+00:00,130.22999572753906,130.2899932861328,130.2100067138672,130.2899932861328,6208.0
2026-03-16 16:47:00+00:00,130.2899932861328,130.2899932861328,130.02000427246094,130.02000427246094,15015.0
2026-03-16 16:48:00+00:00,130.0500030517578,130.11500549316406,130.0050048828125,130.11500549316406,6312.0
2026-03-16 16:49:00+00:00,130.13999938964844,130.25999450683594,130.13999938964844,130.2449951171875,6580.0
2026-03-16 16:50:00+00:00,130.2449951171875,130.36000061035156,130.2100067138672,130.36000061035156,8584.0
2026-03-16 16:51:00+00:00,130.36000061035156,130.4550018310547,130.33999633789062,130.4550018310547,4572.0
2026-03-16 16:52:00+00:00,130.4550018310547,130.47900390625,130.3699951171875,130.375,7143.0
2026-03-16 16:53:00+00:00,130.3800048828125,130.44000244140625,130.35000610351562,130.44000244140625,7068.0
2026-03-16 16:54:00+00:00,130.3800048828125,130.3800048828125,130.22500610351562,130.22500610351562,4252.0
2026-03-16 16:55:00+00:00,130.2100067138672,130.27000427246094,130.2100067138672,130.22000122070312,7318.0
2026-03-16 16:56:00+00:00,130.1999969482422,130.2550048828125,130.14999389648438,130.1999969482422,14351.0
2026-03-16 16:57:00+00:00,130.1999969482422,130.26499938964844,130.11000061035156,130.13999938964844,14442.0
2026-03-16 16:58:00+00:00,130.1999969482422,130.2050018310547,130.13999938964844,130.2050018310547,5292.0
2026-03-16 16:59:00+00:00,130.19000244140625,130.1999969482422,130.11000061035156,130.14999389648438,18873.0
2026-03-16 17:00:00+00:00,130.16000366210938,130.39999389648438,130.14999389648438,130.39999389648438,23858.0
2026-03-16 17:01:00+00:00,130.3699951171875,130.38999938964844,130.25999450683594,130.35000610351562,10246.0
2026-03-16 17:02:00+00:00,130.3509063720703,130.49000549316406,130.3300018310547,130.3300018310547,11368.0
2026-03-16 17:03:00+00:00,130.36000061035156,130.4600067138672,130.30999755859375,130.30999755859375,5772.0
2026-03-16 17:04:00+00:00,130.33990478515625,130.33990478515625,130.16009521484375,130.16009521484375,6319.0
2026-03-16 17:05:00+00:00,130.1999969482422,130.32989501953125,130.16000366210938,130.27999877929688,6893.0
2026-03-16 17:06:00+00:00,130.2559051513672,130.2559051513672,130.19000244140625,130.25,6531.0
2026-03-16 17:07:00+00:00,130.23500061035156,130.2602996826172,130.10000610351562,130.10000610351562,7195.0
2026-03-16 17:08:00+00:00,130.1199951171875,130.1699981689453,130.1199951171875,130.1699981689453,4299.0
2026-03-16 17:09:00+00:00,130.16000366210938,130.21499633789062,130.1300048828125,130.1300048828125,7608.0
2026-03-16 17:10:00+00:00,130.11000061035156,130.27000427246094,130.11000061035156,130.26499938964844,7093.0
2026-03-16 17:11:00+00:00,130.25999450683594,130.2899932861328,130.25,130.2899932861328,2002.0
2026-03-16 17:12:00+00:00,130.24000549316406,130.32000732421875,130.22999572753906,130.30999755859375,4866.0
2026-03-16 17:13:00+00:00,130.35499572753906,130.3800048828125,130.32000732421875,130.3800048828125,5378.0
2026-03-16 17:14:00+00:00,130.3800048828125,130.3800048828125,130.22999572753906,130.2449951171875,4467.0
2026-03-16 17:15:00+00:00,130.22999572753906,130.22999572753906,130.06500244140625,130.0850067138672,1241062.0
2026-03-16 17:16:00+00:00,130.0500030517578,130.1031951904297,130.0399932861328,130.0500030517578,0.0
2026-03-16 17:17:00+00:00,130.0399932861328,130.17979431152344,130.0399932861328,130.13999938964844,6733.0
2026-03-16 17:18:00+00:00,130.15499877929688,130.1999969482422,130.11500549316406,130.17999267578125,4168.0
2026-03-16 17:19:00+00:00,130.1750030517578,130.22999572753906,130.1750030517578,130.17999267578125,4852.0
2026-03-16 17:20:00+00:00,130.17999267578125,130.22999572753906,130.1750030517578,130.22999572753906,6537.0
2026-03-16 17:21:00+00:00,130.22500610351562,130.24000549316406,130.15499877929688,130.15499877929688,10070.0
2026-03-16 17:22:00+00:00,130.1300048828125,130.2100067138672,130.1300048828125,130.1999969482422,1268272.0
2026-03-16 17:23:00+00:00,130.22500610351562,130.3000030517578,130.2100067138672,130.2100067138672,0.0
2026-03-16 17:24:00+00:00,130.22000122070312,130.22999572753906,130.1501007080078,130.15499877929688,5985.0
2026-03-16 17:25:00+00:00,130.1199951171875,130.1199951171875,130.05999755859375,130.0800018310547,3973.0
2026-03-16 17:26:00+00:00,130.05999755859375,130.13999938964844,130.05999755859375,130.13499450683594,9226.0
2026-03-16 17:27:00+00:00,130.11090087890625,130.11500549316406,130.00999450683594,130.02000427246094,16413.0
2026-03-16 17:28:00+00:00,130.00999450683594,130.07000732421875,130.00999450683594,130.0399932861328,4720.0
2026-03-16 17:29:00+00:00,130.02999877929688,130.0399932861328,130.0,130.02999877929688,3983.0
2026-03-16 17:30:00+00:00,130.0500030517578,130.11000061035156,130.0301055908203,130.05999755859375,7397.0
2026-03-16 17:31:00+00:00,130.05999755859375,130.07000732421875,130.0301055908203,130.0301055908203,5345.0
2026-03-16 17:32:00+00:00,130.02000427246094,130.0500030517578,130.0,130.02000427246094,9787.0
2026-03-16 17:33:00+00:00,130.0050048828125,130.02540588378906,129.77000427246094,129.7899932861328,11261.0
2026-03-16 17:34:00+00:00,129.7899932861328,129.82899475097656,129.74000549316406,129.74000549316406,8409.0
2026-03-16 17:35:00+00:00,129.72000122070312,129.77879333496094,129.67999267578125,129.74000549316406,14563.0
2026-03-16 17:36:00+00:00,129.7550048828125,129.8249969482422,129.72999572753906,129.72999572753906,5323.0
2026-03-16 17:37:00+00:00,129.7100067138672,129.75990295410156,129.64059448242188,129.72999572753906,10078.0
2026-03-16 17:38:00+00:00,129.74000549316406,129.85000610351562,129.70010375976562,129.81500244140625,9721.0
2026-03-16 17:39:00+00:00,129.81500244140625,129.86500549316406,129.8000030517578,129.8300018310547,9660.0
2026-03-16 17:40:00+00:00,129.8867950439453,129.88999938964844,129.75999450683594,129.8000030517578,8564.0
2026-03-16 17:41:00+00:00,129.79200744628906,129.85000610351562,129.72000122070312,129.72000122070312,9897.0
2026-03-16 17:42:00+00:00,129.72000122070312,129.77999877929688,129.6300048828125,129.6300048828125,11529.0
2026-03-16 17:43:00+00:00,129.6300048828125,129.67999267578125,129.4600067138672,129.47000122070312,31179.0
2026-03-16 17:44:00+00:00,129.4499969482422,129.5500030517578,129.4011993408203,129.5,26185.0
2026-03-16 17:45:00+00:00,129.5,129.52000427246094,129.41000366210938,129.4600067138672,30552.0
2026-03-16 17:46:00+00:00,129.4550018310547,129.52999877929688,129.4550018310547,129.49000549316406,11159.0
2026-03-16 17:47:00+00:00,129.50750732421875,129.5800018310547,129.50750732421875,129.56500244140625,7256.0
2026-03-16 17:48:00+00:00,129.55999755859375,129.57000732421875,129.47999572753906,129.48500061035156,5483.0
2026-03-16 17:49:00+00:00,129.47000122070312,129.51499938964844,129.47000122070312,129.50999450683594,3833.0
2026-03-16 17:50:00+00:00,129.5,129.51499938964844,129.4600067138672,129.51499938964844,12497.0
2026-03-16 17:51:00+00:00,129.55999755859375,129.83999633789062,129.55999755859375,129.77999877929688,19198.0
2026-03-16 17:52:00+00:00,129.77870178222656,129.8000030517578,129.72999572753906,129.77999877929688,10645.0
2026-03-16 17:53:00+00:00,129.8300018310547,129.8699951171875,129.8249969482422,129.85000610351562,4744.0
2026-03-16 17:54:00+00:00,129.8101043701172,129.81959533691406,129.74000549316406,129.74000549316406,5030.0
2026-03-16 17:55:00+00:00,129.72000122070312,129.74000549316406,129.66000366210938,129.74000549316406,9765.0
2026-03-16 17:56:00+00:00,129.73500061035156,129.74000549316406,129.6199951171875,129.64599609375,21215.0
2026-03-16 17:57:00+00:00,129.64999389648438,129.75999450683594,129.64999389648438,129.75,16694.0
2026-03-16 17:58:00+00:00,129.77000427246094,129.81900024414062,129.7050018310547,129.74000549316406,15113.0
2026-03-16 17:59:00+00:00,129.77000427246094,129.80499267578125,129.72000122070312,129.77499389648438,6995.0
2026-03-16 18:00:00+00:00,129.77000427246094,129.8000030517578,129.75010681152344,129.75999450683594,7435.0
2026-03-16 18:01:00+00:00,129.75999450683594,129.84280395507812,129.72000122070312,129.7899932861328,11165.0
2026-03-16 18:02:00+00:00,129.82000732421875,129.88999938964844,129.82000732421875,129.860107421875,4270.0
2026-03-16 18:03:00+00:00,129.8800048828125,129.90499877929688,129.86000061035156,129.90499877929688,3197.0
2026-03-16 18:04:00+00:00,129.89500427246094,130.0399932861328,129.87010192871094,130.00999450683594,16535.0
2026-03-16 18:05:00+00:00,130.08999633789062,130.1199951171875,130.0399932861328,130.11199951171875,20875.0
2026-03-16 18:06:00+00:00,130.125,130.2100067138672,130.125,130.1999969482422,6922.0
2026-03-16 18:07:00+00:00,130.18899536132812,130.1999969482422,130.0800018310547,130.1999969482422,12425.0
2026-03-16 18:08:00+00:00,130.16000366210938,130.22000122070312,130.0800018310547,130.0800018310547,8604.0
2026-03-16 18:09:00+00:00,130.07000732421875,130.16000366210938,129.94000244140625,130.0,29674.0
2026-03-16 18:10:00+00:00,129.99000549316406,130.05999755859375,129.99000549316406,130.02000427246094,21506.0
2026-03-16 18:11:00+00:00,130.0,130.0749969482422,129.9600067138672,130.0399932861328,9391.0
2026-03-16 18:12:00+00:00,130.0500030517578,130.0500030517578,129.9600067138672,130.00999450683594,13816.0
2026-03-16 18:13:00+00:00,130.00999450683594,130.01010131835938,129.97999572753906,130.0050048828125,4154.0
2026-03-16 18:14:00+00:00,130.0050048828125,130.0050048828125,129.97999572753906,129.99000549316406,6609.0
2026-03-16 18:15:00+00:00,129.99000549316406,130.0894012451172,129.93499755859375,129.94000244140625,19703.0
2026-03-16 18:16:00+00:00,129.92999267578125,130.0050048828125,129.91000366210938,130.0050048828125,5860.0
2026-03-16 18:17:00+00:00,129.97999572753906,129.9949951171875,129.92100524902344,129.9499969482422,11047.0
2026-03-16 18:18:00+00:00,129.92999267578125,129.93499755859375,129.85000610351562,129.86500549316406,7311.0
2026-03-16 18:19:00+00:00,129.86500549316406,129.9199981689453,129.8300018310547,129.8300018310547,6695.0
2026-03-16 18:20:00+00:00,129.86900329589844,129.89999389648438,129.86000061035156,129.87620544433594,5357.0
2026-03-16 18:21:00+00:00,129.85000610351562,129.98500061035156,129.85000610351562,129.88999938964844,10077.0
2026-03-16 18:22:00+00:00,129.92999267578125,129.95179748535156,129.91000366210938,129.91000366210938,4117.0
2026-03-16 18:23:00+00:00,129.8903045654297,130.0050048828125,129.8903045654297,129.98500061035156,7602.0
2026-03-16 18:24:00+00:00,129.9600067138672,129.97999572753906,129.8260040283203,129.83999633789062,7926.0
2026-03-16 18:25:00+00:00,129.82000732421875,129.8350067138672,129.7899932861328,129.79299926757812,9622.0
2026-03-16 18:26:00+00:00,129.8000030517578,129.80999755859375,129.75999450683594,129.76499938964844,15285.0
2026-03-16 18:27:00+00:00,129.76499938964844,129.81500244140625,129.76499938964844,129.81500244140625,1622519.0
2026-03-16 18:28:00+00:00,129.80499267578125,129.91000366210938,129.74000549316406,129.91000366210938,0.0
2026-03-16 18:29:00+00:00,129.88999938964844,129.9499969482422,129.88999938964844,129.89500427246094,7290.0
2026-03-16 18:30:00+00:00,129.89500427246094,129.9199981689453,129.8350067138672,129.86500549316406,14657.0
2026-03-16 18:31:00+00:00,129.8699951171875,129.8699951171875,129.74000549316406,129.80999755859375,20174.0
2026-03-16 18:32:00+00:00,129.82000732421875,129.8800048828125,129.8000030517578,129.86000061035156,10620.0
2026-03-16 18:33:00+00:00,129.86000061035156,129.92999267578125,129.8249969482422,129.92999267578125,7888.0
2026-03-16 18:34:00+00:00,129.9600067138672,129.97900390625,129.82000732421875,129.8256072998047,16533.0
2026-03-16 18:35:00+00:00,129.91070556640625,129.97000122070312,129.89500427246094,129.92010498046875,4614.0
2026-03-16 18:36:00+00:00,129.9199981689453,129.99000549316406,129.89010620117188,129.99000549316406,9782.0
2026-03-16 18:37:00+00:00,129.97999572753906,130.02000427246094,129.9600067138672,130.02000427246094,9582.0
2026-03-16 18:38:00+00:00,130.00999450683594,130.10000610351562,129.99000549316406,130.0749969482422,18236.0
2026-03-16 18:39:00+00:00,130.07510375976562,130.1300048828125,130.0500030517578,130.125,5935.0
2026-03-16 18:40:00+00:00,130.1300048828125,130.1699981689453,130.1300048828125,130.16000366210938,5280.0
2026-03-16 18:41:00+00:00,130.13999938964844,130.24000549316406,130.13999938964844,130.24000549316406,7626.0
2026-03-16 18:42:00+00:00,130.24000549316406,130.26499938964844,130.1199951171875,130.1199951171875,8653.0
2026-03-16 18:43:00+00:00,130.16000366210938,130.17999267578125,130.1300048828125,130.15499877929688,6487.0
2026-03-16 18:44:00+00:00,130.13009643554688,130.25999450683594,130.13009643554688,130.25,2712.0
2026-03-16 18:45:00+00:00,130.26499938964844,130.26499938964844,130.19000244140625,130.22439575195312,5305.0
2026-03-16 18:46:00+00:00,130.2100067138672,130.25,130.0449981689453,130.10000610351562,14607.0
2026-03-16 18:47:00+00:00,130.06500244140625,130.08990478515625,130.0,130.0771942138672,9490.0
2026-03-16 18:48:00+00:00,130.0500030517578,130.14500427246094,130.0500030517578,130.12750244140625,7136.0
2026-03-16 18:49:00+00:00,130.14500427246094,130.16000366210938,130.1199951171875,130.1199951171875,3124.0
2026-03-16 18:50:00+00:00,130.11000061035156,130.11000061035156,129.97999572753906,130.02000427246094,5321.0
2026-03-16 18:51:00+00:00,130.02000427246094,130.02999877929688,129.99000549316406,130.0,4658.0
2026-03-16 18:52:00+00:00,129.99000549316406,130.02000427246094,129.98599243164062,130.0050048828125,7936.0
2026-03-16 18:53:00+00:00,129.99000549316406,130.07000732421875,129.97000122070312,130.0489959716797,9081.0
2026-03-16 18:54:00+00:00,130.00999450683594,130.02999877929688,129.99929809570312,130.02000427246094,4042.0
2026-03-16 18:55:00+00:00,129.99000549316406,129.99029541015625,129.90499877929688,129.90499877929688,8100.0
2026-03-16 18:56:00+00:00,129.90499877929688,129.9250030517578,129.8000030517578,129.82000732421875,15035.0
2026-03-16 18:57:00+00:00,129.79010009765625,129.8459930419922,129.74000549316406,129.74000549316406,8509.0
2026-03-16 18:58:00+00:00,129.75,129.77999877929688,129.72000122070312,129.74000549316406,12034.0
2026-03-16 18:59:00+00:00,129.77000427246094,129.78550720214844,129.72000122070312,129.77999877929688,7504.0
2026-03-16 19:00:00+00:00,129.789794921875,129.8699951171875,129.7200927734375,129.85000610351562,17199.0
2026-03-16 19:01:00+00:00,129.85000610351562,129.88999938964844,129.79750061035156,129.81500244140625,8095.0
2026-03-16 19:02:00+00:00,129.8300018310547,129.8699951171875,129.8000030517578,129.82000732421875,5056.0
2026-03-16 19:03:00+00:00,129.79600524902344,129.85000610351562,129.75,129.85000610351562,5968.0
2026-03-16 19:04:00+00:00,129.8000030517578,129.83999633789062,129.8000030517578,129.80999755859375,5981.0
2026-03-16 19:05:00+00:00,129.80999755859375,129.8300018310547,129.7100067138672,129.71499633789062,10906.0
2026-03-16 19:06:00+00:00,129.73500061035156,129.7550048828125,129.72000122070312,129.7550048828125,6268.0
2026-03-16 19:07:00+00:00,129.73390197753906,129.80999755859375,129.73390197753906,129.75999450683594,7751.0
2026-03-16 19:08:00+00:00,129.75999450683594,129.8300018310547,129.7100067138672,129.75999450683594,14800.0
2026-03-16 19:09:00+00:00,129.77499389648438,130.19009399414062,129.77499389648438,130.19009399414062,30904.0
2026-03-16 19:10:00+00:00,130.25,130.41990661621094,130.07000732421875,130.0800018310547,24465.0
2026-03-16 19:11:00+00:00,130.05999755859375,130.05999755859375,129.9149932861328,129.9499969482422,27050.0
2026-03-16 19:12:00+00:00,129.97000122070312,129.97000122070312,129.74000549316406,129.74000549316406,24066.0
2026-03-16 19:13:00+00:00,129.75999450683594,129.75999450683594,129.57000732421875,129.57000732421875,23424.0
2026-03-16 19:14:00+00:00,129.61990356445312,129.6636962890625,129.61990356445312,129.66000366210938,10214.0
2026-03-16 19:15:00+00:00,129.6300048828125,129.67999267578125,129.60000610351562,129.67999267578125,16390.0
2026-03-16 19:16:00+00:00,129.6750030517578,129.74000549316406,129.67010498046875,129.69549560546875,7601.0
2026-03-16 19:17:00+00:00,129.72000122070312,129.72999572753906,129.69000244140625,129.7100067138672,6023.0
2026-03-16 19:18:00+00:00,129.72999572753906,129.72999572753906,129.55999755859375,129.55999755859375,8080.0
2026-03-16 19:19:00+00:00,129.56500244140625,129.64999389648438,129.52000427246094,129.64999389648438,15382.0
2026-03-16 19:20:00+00:00,129.66000366210938,129.66000366210938,129.4499969482422,129.55999755859375,33553.0
2026-03-16 19:21:00+00:00,129.5800018310547,129.58999633789062,129.47000122070312,129.48500061035156,12257.0
2026-03-16 19:22:00+00:00,129.47169494628906,129.47999572753906,129.38999938964844,129.47999572753906,14126.0
2026-03-16 19:23:00+00:00,129.47000122070312,129.52999877929688,129.4199981689453,129.4499969482422,15837.0
2026-03-16 19:24:00+00:00,129.4499969482422,129.6649932861328,129.4499969482422,129.56500244140625,13633.0
2026-03-16 19:25:00+00:00,129.5800018310547,129.58999633789062,129.4499969482422,129.4499969482422,13403.0
2026-03-16 19:26:00+00:00,129.447998046875,129.4698944091797,129.3800048828125,129.38499450683594,1917965.0
2026-03-16 19:27:00+00:00,129.38499450683594,129.38999938964844,129.3300018310547,129.38999938964844,0.0
2026-03-16 19:28:00+00:00,129.39999389648438,129.40499877929688,129.35000610351562,129.39500427246094,7513.0
2026-03-16 19:29:00+00:00,129.375,129.6300048828125,129.375,129.5800018310547,12154.0
2026-03-16 19:30:00+00:00,129.58999633789062,129.61000061035156,129.4499969482422,129.5,15789.0
2026-03-16 19:31:00+00:00,129.52999877929688,129.6300048828125,129.47999572753906,129.5749969482422,1954335.0
2026-03-16 19:32:00+00:00,129.57000732421875,129.69000244140625,129.55999755859375,129.64999389648438,0.0
2026-03-16 19:33:00+00:00,129.6199951171875,129.6300048828125,129.5800018310547,129.58999633789062,10035.0
2026-03-16 19:34:00+00:00,129.5800018310547,129.60000610351562,129.5399932861328,129.58999633789062,16523.0
2026-03-16 19:35:00+00:00,129.60000610351562,129.61000061035156,129.5399932861328,129.5399932861328,9276.0
2026-03-16 19:36:00+00:00,129.57000732421875,129.625,129.53500366210938,129.58999633789062,10207.0
2026-03-16 19:37:00+00:00,129.61000061035156,129.6300048828125,129.5399932861328,129.5500030517578,12999.0
2026-03-16 19:38:00+00:00,129.55499267578125,129.60499572753906,129.52000427246094,129.55999755859375,13030.0
2026-03-16 19:39:00+00:00,129.55999755859375,129.55999755859375,129.5,129.50999450683594,8337.0
2026-03-16 19:40:00+00:00,129.50999450683594,129.5399932861328,129.47500610351562,129.52999877929688,36354.0
2026-03-16 19:41:00+00:00,129.52000427246094,129.5500030517578,129.3699951171875,129.3800048828125,2024113.0
2026-03-16 19:42:00+00:00,129.41000366210938,129.4149932861328,129.2899932861328,129.33749389648438,0.0
2026-03-16 19:43:00+00:00,129.3300018310547,129.3300018310547,129.27999877929688,129.31500244140625,12309.0
2026-03-16 19:44:00+00:00,129.31500244140625,129.33999633789062,129.24000549316406,129.25,14882.0
2026-03-16 19:45:00+00:00,129.29510498046875,129.38999938964844,129.2949981689453,129.30999755859375,17671.0
2026-03-16 19:46:00+00:00,129.33090209960938,129.38999938964844,129.3300018310547,129.38999938964844,14676.0
2026-03-16 19:47:00+00:00,129.3800048828125,129.41000366210938,129.35000610351562,129.39999389648438,14122.0
2026-03-16 19:48:00+00:00,129.4199981689453,129.4720001220703,129.38999938964844,129.39500427246094,14577.0
2026-03-16 19:49:00+00:00,129.38999938964844,129.47000122070312,129.3699951171875,129.40499877929688,27293.0
2026-03-16 19:50:00+00:00,129.3699951171875,129.3699951171875,129.1999969482422,129.24000549316406,27689.0
2026-03-16 19:51:00+00:00,129.22999572753906,129.35000610351562,129.22000122070312,129.33070373535156,25034.0
2026-03-16 19:52:00+00:00,129.3300018310547,129.49000549316406,129.31069946289062,129.4600067138672,19884.0
2026-03-16 19:53:00+00:00,129.4600067138672,129.53500366210938,129.44000244140625,129.49000549316406,17564.0
2026-03-16 19:54:00+00:00,129.5,129.5,129.3000030517578,129.3300018310547,28292.0
2026-03-16 19:55:00+00:00,129.41000366210938,129.4600067138672,129.3800048828125,129.42999267578125,49661.0
2026-03-16 19:56:00+00:00,129.4199981689453,129.47999572753906,129.3907012939453,129.47000122070312,33265.0
2026-03-16 19:57:00+00:00,129.47000122070312,129.48500061035156,129.41000366210938,129.41000366210938,43302.0
2026-03-16 19:58:00+00:00,129.4199981689453,129.49000549316406,129.39999389648438,129.41000366210938,62482.0
2026-03-16 19:59:00+00:00,129.41000366210938,129.47999572753906,129.36000061035156,129.3800048828125,119435.0
2026-03-17 13:30:00+00:00,133.52000427246094,134.0,132.6999969482422,133.8928985595703,446750.0
2026-03-17 13:31:00+00:00,133.8249969482422,134.0500030517578,133.17999267578125,133.52000427246094,50282.0
2026-03-17 13:32:00+00:00,133.53500366210938,133.67999267578125,133.16000366210938,133.42999267578125,233773.0
2026-03-17 13:33:00+00:00,133.4499969482422,133.52000427246094,132.83009338378906,132.9600067138672,0.0
2026-03-17 13:34:00+00:00,132.9499969482422,133.0,132.72000122070312,132.8625030517578,31045.0
2026-03-17 13:35:00+00:00,132.82000732421875,133.77999877929688,132.82000732421875,133.67999267578125,35934.0
2026-03-17 13:36:00+00:00,133.72999572753906,133.7949981689453,133.38999938964844,133.38999938964844,33671.0
2026-03-17 13:37:00+00:00,133.47000122070312,133.5399932861328,133.3000030517578,133.42999267578125,20216.0
2026-03-17 13:38:00+00:00,133.39999389648438,133.55999755859375,133.3000030517578,133.52499389648438,44714.0
2026-03-17 13:39:00+00:00,133.49000549316406,133.6699981689453,133.42010498046875,133.47999572753906,338656.0
2026-03-17 13:40:00+00:00,133.55999755859375,133.6300048828125,133.1649932861328,133.1649932861328,49858.0
2026-03-17 13:41:00+00:00,133.1649932861328,133.52999877929688,133.1649932861328,133.3800048828125,0.0
2026-03-17 13:42:00+00:00,133.36749267578125,133.49000549316406,132.75,132.75999450683594,43947.0
2026-03-17 13:43:00+00:00,132.80999755859375,133.1199951171875,132.7100067138672,133.02999877929688,447420.0
2026-03-17 13:44:00+00:00,133.05990600585938,133.08999633789062,132.77000427246094,132.88999938964844,0.0
2026-03-17 13:45:00+00:00,132.89999389648438,133.4600067138672,132.86000061035156,133.27499389648438,38540.0
2026-03-17 13:46:00+00:00,133.3000030517578,133.4499969482422,132.80499267578125,132.92999267578125,437417.0
2026-03-17 13:47:00+00:00,132.9250030517578,132.92999267578125,132.7100067138672,132.92999267578125,0.0
2026-03-17 13:48:00+00:00,132.92999267578125,132.96409606933594,132.7899932861328,132.91000366210938,17431.0
2026-03-17 13:49:00+00:00,132.91000366210938,133.05999755859375,132.91000366210938,133.0124969482422,9899.0
2026-03-17 13:50:00+00:00,132.9600067138672,133.10000610351562,132.92999267578125,132.96009826660156,8702.0
2026-03-17 13:51:00+00:00,133.00999450683594,133.08999633789062,132.72000122070312,132.73269653320312,11206.0
2026-03-17 13:52:00+00:00,132.76499938964844,132.89999389648438,132.75999450683594,132.8350067138672,451953.0
2026-03-17 13:53:00+00:00,132.8350067138672,132.94000244140625,132.75,132.77000427246094,0.0
2026-03-17 13:54:00+00:00,132.75,132.93499755859375,132.75,132.8800048828125,17263.0
2026-03-17 13:55:00+00:00,132.8699951171875,132.8800048828125,132.63999938964844,132.77999877929688,25564.0
2026-03-17 13:56:00+00:00,132.74000549316406,132.77499389648438,132.5,132.5850067138672,23791.0
2026-03-17 13:57:00+00:00,132.5850067138672,132.60000610351562,132.32000732421875,132.43499755859375,28400.0
2026-03-17 13:58:00+00:00,132.4149932861328,132.52099609375,132.36720275878906,132.47999572753906,10394.0
2026-03-17 13:59:00+00:00,132.42999267578125,132.49000549316406,132.3300018310547,132.43499755859375,11965.0
2026-03-17 14:00:00+00:00,132.43499755859375,132.43499755859375,132.25,132.33999633789062,10102.0
2026-03-17 14:01:00+00:00,132.31500244140625,132.3800048828125,132.0399932861328,132.16000366210938,25408.0
2026-03-17 14:02:00+00:00,132.1699981689453,132.42999267578125,132.1699981689453,132.35940551757812,20403.0
2026-03-17 14:03:00+00:00,132.23500061035156,132.23500061035156,131.7949981689453,131.9600067138672,18800.0
2026-03-17 14:04:00+00:00,131.9600067138672,132.13999938964844,131.875,132.13999938964844,20805.0
2026-03-17 14:05:00+00:00,132.05999755859375,132.13999938964844,131.9600067138672,132.10000610351562,597399.0
2026-03-17 14:06:00+00:00,132.10330200195312,132.22999572753906,132.10000610351562,132.19500732421875,0.0
2026-03-17 14:07:00+00:00,132.19000244140625,132.39999389648438,132.1199951171875,132.36000061035156,610379.0
2026-03-17 14:08:00+00:00,132.36000061035156,132.3800048828125,132.0106964111328,132.125,40993.0
2026-03-17 14:09:00+00:00,132.1300048828125,132.25,132.07000732421875,132.25,0.0
2026-03-17 14:10:00+00:00,132.22000122070312,132.27999877929688,132.0,132.0500030517578,654993.0
2026-03-17 14:11:00+00:00,132.09500122070312,132.25,132.02000427246094,132.0500030517578,0.0
2026-03-17 14:12:00+00:00,132.06500244140625,132.11000061035156,131.9801025390625,132.11000061035156,16383.0
2026-03-17 14:13:00+00:00,132.11000061035156,132.1699981689453,131.97999572753906,132.07000732421875,19746.0
2026-03-17 14:14:00+00:00,132.07000732421875,132.11000061035156,131.96499633789062,131.96499633789062,19318.0
2026-03-17 14:15:00+00:00,131.9600067138672,132.0399932861328,131.94000244140625,131.9600067138672,680360.0
2026-03-17 14:16:00+00:00,131.9600067138672,131.9600067138672,131.7760009765625,131.88999938964844,0.0
2026-03-17 14:17:00+00:00,131.9199981689453,131.9199981689453,131.75,131.75,686220.0
2026-03-17 14:18:00+00:00,131.77000427246094,131.8800048828125,131.7550048828125,131.87350463867188,0.0
2026-03-17 14:19:00+00:00,131.8699951171875,131.9149932861328,131.8300018310547,131.9149932861328,7218.0
2026-03-17 14:20:00+00:00,131.88999938964844,132.0050048828125,131.8300018310547,131.92999267578125,9673.0
2026-03-17 14:21:00+00:00,131.92999267578125,131.92999267578125,131.64999389648438,131.8300018310547,708729.0
2026-03-17 14:22:00+00:00,131.8350067138672,132.0352020263672,131.7899932861328,131.86500549316406,0.0
2026-03-17 14:23:00+00:00,131.8800048828125,131.89999389648438,131.7899932861328,131.86000061035156,9962.0
2026-03-17 14:24:00+00:00,131.82249450683594,131.8699951171875,131.75999450683594,131.84500122070312,5589.0
2026-03-17 14:25:00+00:00,131.82000732421875,131.94000244140625,131.77999877929688,131.77999877929688,10262.0
2026-03-17 14:26:00+00:00,131.7949981689453,131.9698944091797,131.77000427246094,131.92999267578125,15384.0
2026-03-17 14:27:00+00:00,131.92999267578125,132.02000427246094,131.89999389648438,131.89999389648438,15357.0
2026-03-17 14:28:00+00:00,131.88499450683594,131.94000244140625,131.86000061035156,131.92999267578125,10863.0
2026-03-17 14:29:00+00:00,131.9149932861328,131.96499633789062,131.8300018310547,131.96499633789062,6099.0
2026-03-17 14:30:00+00:00,132.0,132.1199951171875,131.97999572753906,132.01499938964844,752430.0
2026-03-17 14:31:00+00:00,132.0050048828125,132.03990173339844,131.85000610351562,131.9199981689453,0.0
2026-03-17 14:32:00+00:00,131.9499969482422,132.01980590820312,131.92999267578125,131.98500061035156,756967.0
2026-03-17 14:33:00+00:00,131.93499755859375,132.07000732421875,131.93499755859375,132.06300354003906,0.0
2026-03-17 14:34:00+00:00,132.0800018310547,132.1699981689453,132.0399932861328,132.1699981689453,19175.0
2026-03-17 14:35:00+00:00,132.1999969482422,132.35000610351562,132.14999389648438,132.32000732421875,17145.0
2026-03-17 14:36:00+00:00,132.30999755859375,132.3699951171875,132.0800018310547,132.11000061035156,23408.0
2026-03-17 14:37:00+00:00,132.0800018310547,132.11500549316406,132.02000427246094,132.0780029296875,7637.0
2026-03-17 14:38:00+00:00,132.05499267578125,132.05499267578125,131.80999755859375,131.86000061035156,6685.0
2026-03-17 14:39:00+00:00,131.80999755859375,131.9398956298828,131.75,131.91000366210938,801414.0
2026-03-17 14:40:00+00:00,131.9398956298828,131.97000122070312,131.86000061035156,131.88999938964844,0.0
2026-03-17 14:41:00+00:00,131.83999633789062,132.05999755859375,131.83999633789062,132.05999755859375,26767.0
2026-03-17 14:42:00+00:00,132.0800018310547,132.16000366210938,131.96499633789062,132.0,10359.0
2026-03-17 14:43:00+00:00,132.0050048828125,132.2274932861328,132.0050048828125,132.2274932861328,818736.0
2026-03-17 14:44:00+00:00,132.19000244140625,132.24000549316406,132.19000244140625,132.2100067138672,0.0
2026-03-17 14:45:00+00:00,132.2100067138672,132.30999755859375,132.1999969482422,132.2899932861328,8093.0
2026-03-17 14:46:00+00:00,132.32000732421875,132.44000244140625,132.1699981689453,132.30999755859375,53664.0
2026-03-17 14:47:00+00:00,132.30999755859375,132.39999389648438,132.28500366210938,132.32000732421875,10323.0
2026-03-17 14:48:00+00:00,132.3300018310547,132.3800048828125,132.2899932861328,132.3300018310547,17019.0
2026-03-17 14:49:00+00:00,132.36000061035156,132.42999267578125,132.2899932861328,132.3300018310547,16211.0
2026-03-17 14:50:00+00:00,132.3249969482422,132.36000061035156,132.13999938964844,132.14999389648438,11787.0
2026-03-17 14:51:00+00:00,132.08999633789062,132.1999053955078,132.02999877929688,132.13999938964844,9383.0
2026-03-17 14:52:00+00:00,132.15499877929688,132.1999053955078,132.1199951171875,132.15499877929688,14729.0
2026-03-17 14:53:00+00:00,132.16000366210938,132.17999267578125,132.0500030517578,132.1060028076172,19556.0
2026-03-17 14:54:00+00:00,132.08999633789062,132.1999969482422,132.0500030517578,132.1199951171875,12788.0
2026-03-17 14:55:00+00:00,132.0850067138672,132.1300048828125,132.0500030517578,132.08999633789062,11250.0
2026-03-17 14:56:00+00:00,132.03179931640625,132.1999969482422,131.94500732421875,131.94500732421875,934790.0
2026-03-17 14:57:00+00:00,131.92999267578125,131.98300170898438,131.8699951171875,131.9250030517578,16443.0
2026-03-17 14:58:00+00:00,131.9429931640625,131.96400451660156,131.7899932861328,131.7899932861328,0.0
2026-03-17 14:59:00+00:00,131.7978057861328,131.8800048828125,131.75999450683594,131.81500244140625,20475.0
2026-03-17 15:00:00+00:00,131.80999755859375,131.88999938964844,131.75,131.75999450683594,10820.0
2026-03-17 15:01:00+00:00,131.72999572753906,131.84500122070312,131.72000122070312,131.82000732421875,7280.0
2026-03-17 15:02:00+00:00,131.8350067138672,131.83999633789062,131.77999877929688,131.8000030517578,9180.0
2026-03-17 15:03:00+00:00,131.7949981689453,131.80999755859375,131.6999969482422,131.70010375976562,9483.0
2026-03-17 15:04:00+00:00,131.75,131.8300018310547,131.6529998779297,131.68499755859375,11739.0
2026-03-17 15:05:00+00:00,131.72999572753906,131.80299377441406,131.6699981689453,131.77000427246094,9023.0
2026-03-17 15:06:00+00:00,131.75,131.75,131.6300048828125,131.6750030517578,24379.0
2026-03-17 15:07:00+00:00,131.63999938964844,131.86000061035156,131.622802734375,131.86000061035156,13392.0
2026-03-17 15:08:00+00:00,131.8249969482422,131.94000244140625,131.7899932861328,131.83999633789062,12112.0
2026-03-17 15:09:00+00:00,131.83999633789062,131.83999633789062,131.67999267578125,131.67999267578125,963366.0
2026-03-17 15:10:00+00:00,131.6999969482422,131.875,131.610107421875,131.86500549316406,0.0
2026-03-17 15:11:00+00:00,131.86000061035156,131.92999267578125,131.83999633789062,131.86500549316406,8662.0
2026-03-17 15:12:00+00:00,131.86500549316406,131.91000366210938,131.75999450683594,131.81500244140625,11595.0
2026-03-17 15:13:00+00:00,131.81500244140625,131.88999938964844,131.7899932861328,131.88999938964844,3965.0
2026-03-17 15:14:00+00:00,131.91000366210938,132.05999755859375,131.91000366210938,132.0399932861328,16673.0
2026-03-17 15:15:00+00:00,132.02999877929688,132.32000732421875,132.02999877929688,132.30999755859375,20765.0
2026-03-17 15:16:00+00:00,132.27999877929688,132.58999633789062,132.27999877929688,132.50999450683594,18174.0
2026-03-17 15:17:00+00:00,132.49000549316406,132.5500030517578,132.3000030517578,132.39999389648438,52056.0
2026-03-17 15:18:00+00:00,132.44500732421875,132.50999450683594,132.32000732421875,132.375,17986.0
2026-03-17 15:19:00+00:00,132.4199981689453,132.52999877929688,132.4001007080078,132.50999450683594,8502.0
2026-03-17 15:20:00+00:00,132.5,132.6300048828125,132.4199981689453,132.4199981689453,9898.0
2026-03-17 15:21:00+00:00,132.4499969482422,132.4499969482422,132.27999877929688,132.2899932861328,1025882.0
2026-03-17 15:22:00+00:00,132.26499938964844,132.41000366210938,132.26499938964844,132.39999389648438,0.0
2026-03-17 15:23:00+00:00,132.42999267578125,132.44000244140625,132.2899932861328,132.3292999267578,1043451.0
2026-03-17 15:24:00+00:00,132.27499389648438,132.33990478515625,132.22000122070312,132.33990478515625,6237.0
2026-03-17 15:25:00+00:00,132.3350067138672,132.49989318847656,132.3350067138672,132.42999267578125,0.0
2026-03-17 15:26:00+00:00,132.42999267578125,132.44000244140625,132.16000366210938,132.2100067138672,1046316.0
2026-03-17 15:27:00+00:00,132.23989868164062,132.23989868164062,132.16000366210938,132.22999572753906,0.0
2026-03-17 15:28:00+00:00,132.22000122070312,132.3000030517578,132.21400451660156,132.27000427246094,14904.0
2026-03-17 15:29:00+00:00,132.24000549316406,132.25999450683594,132.13999938964844,132.1699981689453,7548.0
2026-03-17 15:30:00+00:00,132.1999969482422,132.22000122070312,132.05999755859375,132.09500122070312,4380.0
2026-03-17 15:31:00+00:00,132.1300048828125,132.1300048828125,132.0850067138672,132.0850067138672,7475.0
2026-03-17 15:32:00+00:00,132.08999633789062,132.08999633789062,131.99000549316406,132.05499267578125,7293.0
2026-03-17 15:33:00+00:00,132.05999755859375,132.08999633789062,131.77999877929688,131.83999633789062,27761.0
2026-03-17 15:34:00+00:00,131.8800048828125,131.94500732421875,131.77000427246094,131.77000427246094,16344.0
2026-03-17 15:35:00+00:00,131.80499267578125,131.92999267578125,131.80499267578125,131.80999755859375,10650.0
2026-03-17 15:36:00+00:00,131.7899932861328,131.86500549316406,131.77000427246094,131.77000427246094,14206.0
2026-03-17 15:37:00+00:00,131.74000549316406,131.74000549316406,131.5399932861328,131.63499450683594,29292.0
2026-03-17 15:38:00+00:00,131.63499450683594,131.75999450683594,131.63499450683594,131.72999572753906,8062.0
2026-03-17 15:39:00+00:00,131.72999572753906,131.8350067138672,131.7100067138672,131.7899932861328,7574.0
2026-03-17 15:40:00+00:00,131.77000427246094,131.8300018310547,131.72999572753906,131.77999877929688,4976.0
2026-03-17 15:41:00+00:00,131.77999877929688,131.8350067138672,131.76499938964844,131.77000427246094,3998.0
2026-03-17 15:42:00+00:00,131.85000610351562,131.88999938964844,131.80999755859375,131.83999633789062,16129.0
2026-03-17 15:43:00+00:00,131.83999633789062,131.97999572753906,131.83999633789062,131.9600067138672,18284.0
2026-03-17 15:44:00+00:00,131.94000244140625,132.0399932861328,131.9199981689453,132.0399932861328,8733.0
2026-03-17 15:45:00+00:00,132.0399932861328,132.0399932861328,131.95599365234375,131.97000122070312,15570.0
2026-03-17 15:46:00+00:00,131.97000122070312,131.99000549316406,131.85000610351562,131.85000610351562,1181391.0
2026-03-17 15:47:00+00:00,131.84500122070312,131.97000122070312,131.7899932861328,131.9600067138672,0.0
2026-03-17 15:48:00+00:00,131.94500732421875,131.97999572753906,131.8800048828125,131.88999938964844,6291.0
2026-03-17 15:49:00+00:00,131.88999938964844,131.90499877929688,131.82000732421875,131.8800048828125,12594.0
2026-03-17 15:50:00+00:00,131.9600067138672,131.99000549316406,131.92999267578125,131.94000244140625,5302.0
2026-03-17 15:51:00+00:00,131.94000244140625,131.98989868164062,131.8699951171875,131.9499969482422,13612.0
2026-03-17 15:52:00+00:00,131.94500732421875,131.97000122070312,131.8249969482422,131.835205078125,9872.0
2026-03-17 15:53:00+00:00,131.8350067138672,131.9149932861328,131.8300018310547,131.8300018310547,6183.0
2026-03-17 15:54:00+00:00,131.83999633789062,131.90499877929688,131.82000732421875,131.85499572753906,9687.0
2026-03-17 15:55:00+00:00,131.8300018310547,131.83999633789062,131.74000549316406,131.80499267578125,6534.0
2026-03-17 15:56:00+00:00,131.80999755859375,131.90989685058594,131.7899932861328,131.81500244140625,4429.0
2026-03-17 15:57:00+00:00,131.8699951171875,131.8699951171875,131.77000427246094,131.81500244140625,7904.0
2026-03-17 15:58:00+00:00,131.8300018310547,131.86000061035156,131.75999450683594,131.86000061035156,4541.0
2026-03-17 15:59:00+00:00,131.8800048828125,131.94000244140625,131.80999755859375,131.8699951171875,8208.0
2026-03-17 16:00:00+00:00,131.82000732421875,131.85499572753906,131.7100067138672,131.74000549316406,7512.0
2026-03-17 16:01:00+00:00,131.75999450683594,131.77330017089844,131.66000366210938,131.74000549316406,9565.0
2026-03-17 16:02:00+00:00,131.72000122070312,131.73500061035156,131.52999877929688,131.52999877929688,11725.0
2026-03-17 16:03:00+00:00,131.56500244140625,131.58999633789062,131.44000244140625,131.4600067138672,25595.0
2026-03-17 16:04:00+00:00,131.4600067138672,131.5800018310547,131.4600067138672,131.53500366210938,18714.0
2026-03-17 16:05:00+00:00,131.52499389648438,131.5850067138672,131.43499755859375,131.48500061035156,25769.0
2026-03-17 16:06:00+00:00,131.50999450683594,131.5399932861328,131.42999267578125,131.44129943847656,12383.0
2026-03-17 16:07:00+00:00,131.44500732421875,131.49000549316406,131.36000061035156,131.42999267578125,16541.0
2026-03-17 16:08:00+00:00,131.43499755859375,131.58999633789062,131.43499755859375,131.52000427246094,12646.0
2026-03-17 16:09:00+00:00,131.47000122070312,131.57000732421875,131.4499969482422,131.5050048828125,9149.0
2026-03-17 16:10:00+00:00,131.5500030517578,131.6199951171875,131.5,131.60000610351562,19803.0
2026-03-17 16:11:00+00:00,131.60000610351562,131.79989624023438,131.60000610351562,131.75999450683594,10941.0
2026-03-17 16:12:00+00:00,131.72000122070312,131.75,131.6699981689453,131.6699981689453,16657.0
2026-03-17 16:13:00+00:00,131.6699981689453,131.68499755859375,131.5850067138672,131.6300048828125,8515.0
2026-03-17 16:14:00+00:00,131.61000061035156,131.6199951171875,131.5749969482422,131.60000610351562,5095.0
2026-03-17 16:15:00+00:00,131.63999938964844,131.7100067138672,131.61000061035156,131.7100067138672,18046.0
2026-03-17 16:16:00+00:00,131.7100067138672,131.7949981689453,131.64999389648438,131.77499389648438,13599.0
2026-03-17 16:17:00+00:00,131.80999755859375,131.93499755859375,131.7899932861328,131.93499755859375,7430.0
2026-03-17 16:18:00+00:00,131.93499755859375,132.2100067138672,131.9250030517578,132.1999969482422,19044.0
2026-03-17 16:19:00+00:00,132.2050018310547,132.27499389648438,132.0500030517578,132.27499389648438,22064.0
2026-03-17 16:20:00+00:00,132.26499938964844,132.26499938964844,132.14500427246094,132.16000366210938,8564.0
2026-03-17 16:21:00+00:00,132.1300048828125,132.13499450683594,131.92999267578125,132.0449981689453,10734.0
2026-03-17 16:22:00+00:00,132.07000732421875,132.08999633789062,132.02499389648438,132.0500030517578,3281.0
2026-03-17 16:23:00+00:00,132.02000427246094,132.02000427246094,131.89999389648438,131.90499877929688,3899.0
2026-03-17 16:24:00+00:00,131.89999389648438,131.92999267578125,131.83999633789062,131.89999389648438,11297.0
2026-03-17 16:25:00+00:00,131.8800048828125,131.9499969482422,131.875,131.875,9028.0
2026-03-17 16:26:00+00:00,131.8300018310547,131.89999389648438,131.7899932861328,131.86160278320312,18347.0
2026-03-17 16:27:00+00:00,131.875,131.91000366210938,131.78500366210938,131.80999755859375,11887.0
2026-03-17 16:28:00+00:00,131.8000030517578,131.83599853515625,131.6999969482422,131.7449951171875,10047.0
2026-03-17 16:29:00+00:00,131.74000549316406,131.77999877929688,131.74000549316406,131.76499938964844,3238.0
2026-03-17 16:30:00+00:00,131.69000244140625,131.72000122070312,131.69000244140625,131.7050018310547,2183.0
2026-03-17 16:31:00+00:00,131.72000122070312,131.75,131.6300048828125,131.75,6016.0
2026-03-17 16:32:00+00:00,131.75,131.7949981689453,131.71499633789062,131.71499633789062,5761.0
2026-03-17 16:33:00+00:00,131.75,131.77999877929688,131.7100067138672,131.76499938964844,6945.0
2026-03-17 16:34:00+00:00,131.72999572753906,131.8800048828125,131.64999389648438,131.8800048828125,36765.0
2026-03-17 16:35:00+00:00,131.9250030517578,131.97000122070312,131.9250030517578,131.97000122070312,3185.0
2026-03-17 16:36:00+00:00,131.9600067138672,131.96929931640625,131.8300018310547,131.85000610351562,8085.0
2026-03-17 16:37:00+00:00,131.81500244140625,131.81500244140625,131.74000549316406,131.7519989013672,3588.0
2026-03-17 16:38:00+00:00,131.72000122070312,131.72000122070312,131.63999938964844,131.63999938964844,5944.0
2026-03-17 16:39:00+00:00,131.63999938964844,131.6999969482422,131.5800018310547,131.5850067138672,21163.0
2026-03-17 16:40:00+00:00,131.61000061035156,131.6999969482422,131.61000061035156,131.61000061035156,13062.0
2026-03-17 16:41:00+00:00,131.5800018310547,131.5800018310547,131.52999877929688,131.5500030517578,4161.0
2026-03-17 16:42:00+00:00,131.57000732421875,131.63999938964844,131.55499267578125,131.63999938964844,3205.0
2026-03-17 16:43:00+00:00,131.63999938964844,131.77999877929688,131.63999938964844,131.69000244140625,13806.0
2026-03-17 16:44:00+00:00,131.67999267578125,131.77499389648438,131.67999267578125,131.77499389648438,8125.0
2026-03-17 16:45:00+00:00,131.75,131.78500366210938,131.75,131.78500366210938,1352334.0
2026-03-17 16:46:00+00:00,131.7969970703125,131.83999633789062,131.75,131.77999877929688,0.0
2026-03-17 16:47:00+00:00,131.82000732421875,131.82000732421875,131.6999969482422,131.72000122070312,16940.0
2026-03-17 16:48:00+00:00,131.74000549316406,131.7799072265625,131.69500732421875,131.74000549316406,8792.0
2026-03-17 16:49:00+00:00,131.73500061035156,131.77999877929688,131.72000122070312,131.74000549316406,3388.0
2026-03-17 16:50:00+00:00,131.71719360351562,131.75,131.69000244140625,131.74000549316406,12874.0
2026-03-17 16:51:00+00:00,131.74000549316406,131.86000061035156,131.74000549316406,131.83999633789062,9229.0
2026-03-17 16:52:00+00:00,131.85000610351562,131.9499969482422,131.83999633789062,131.84019470214844,10860.0
2026-03-17 16:53:00+00:00,131.83999633789062,131.86000061035156,131.83999633789062,131.86000061035156,2812.0
2026-03-17 16:54:00+00:00,131.86000061035156,131.89990234375,131.80999755859375,131.8300018310547,11725.0
2026-03-17 16:55:00+00:00,131.80999755859375,131.8800048828125,131.8000030517578,131.8800048828125,6992.0
2026-03-17 16:56:00+00:00,131.8699951171875,132.00999450683594,131.85000610351562,131.93499755859375,16630.0
2026-03-17 16:57:00+00:00,131.92999267578125,131.94000244140625,131.83999633789062,131.85499572753906,7287.0
2026-03-17 16:58:00+00:00,131.85499572753906,131.8800048828125,131.69000244140625,131.75,86854.0
2026-03-17 16:59:00+00:00,131.75,131.8000030517578,131.7200927734375,131.7220001220703,7243.0
2026-03-17 17:00:00+00:00,131.72000122070312,131.86000061035156,131.72000122070312,131.77000427246094,13172.0
2026-03-17 17:01:00+00:00,131.77999877929688,131.89999389648438,131.77999877929688,131.89999389648438,4535.0
2026-03-17 17:02:00+00:00,131.92999267578125,132.14999389648438,131.90980529785156,132.14999389648438,7831.0
2026-03-17 17:03:00+00:00,132.16000366210938,132.24000549316406,132.13999938964844,132.20750427246094,8021.0
2026-03-17 17:04:00+00:00,132.24989318847656,132.27499389648438,132.1199951171875,132.13999938964844,23958.0
2026-03-17 17:05:00+00:00,132.11000061035156,132.13999938964844,132.0800018310547,132.13999938964844,8392.0
2026-03-17 17:06:00+00:00,132.13999938964844,132.1649932861328,132.0399932861328,132.15859985351562,9823.0
2026-03-17 17:07:00+00:00,132.11500549316406,132.11500549316406,131.97999572753906,132.0399932861328,16338.0
2026-03-17 17:08:00+00:00,132.02000427246094,132.05999755859375,131.9709930419922,132.05999755859375,7330.0
2026-03-17 17:09:00+00:00,132.05499267578125,132.05499267578125,131.97999572753906,131.97999572753906,1960.0
2026-03-17 17:10:00+00:00,131.98500061035156,132.01499938964844,131.83999633789062,131.85499572753906,8018.0
2026-03-17 17:11:00+00:00,131.8300018310547,131.8699951171875,131.82009887695312,131.8699951171875,6300.0
2026-03-17 17:12:00+00:00,131.875,131.9199981689453,131.83999633789062,131.85499572753906,12088.0
2026-03-17 17:13:00+00:00,131.85499572753906,131.8800048828125,131.8300018310547,131.86000061035156,13388.0
2026-03-17 17:14:00+00:00,131.86000061035156,131.9149932861328,131.85499572753906,131.88999938964844,12473.0
2026-03-17 17:15:00+00:00,131.87879943847656,131.88999938964844,131.77999877929688,131.77999877929688,6918.0
2026-03-17 17:16:00+00:00,131.77999877929688,131.80499267578125,131.72000122070312,131.80499267578125,14440.0
2026-03-17 17:17:00+00:00,131.7949981689453,131.83999633789062,131.7200927734375,131.7449951171875,11099.0
2026-03-17 17:18:00+00:00,131.7899932861328,131.88999938964844,131.7899932861328,131.88999938964844,13899.0
2026-03-17 17:19:00+00:00,131.88999938964844,131.91990661621094,131.80999755859375,131.82000732421875,10878.0
2026-03-17 17:20:00+00:00,131.8249969482422,131.8300018310547,131.74000549316406,131.75,6598.0
2026-03-17 17:21:00+00:00,131.7449951171875,131.77999877929688,131.74000549316406,131.77999877929688,4699.0
2026-03-17 17:22:00+00:00,131.77999877929688,131.82989501953125,131.75999450683594,131.81500244140625,11744.0
2026-03-17 17:23:00+00:00,131.8000030517578,131.8800048828125,131.8000030517578,131.86500549316406,8258.0
2026-03-17 17:24:00+00:00,131.86500549316406,131.86599731445312,131.8280029296875,131.8300018310547,5033.0
2026-03-17 17:25:00+00:00,131.82000732421875,131.85000610351562,131.7899932861328,131.7899932861328,6834.0
2026-03-17 17:26:00+00:00,131.77000427246094,131.83999633789062,131.77000427246094,131.83999633789062,8555.0
2026-03-17 17:27:00+00:00,131.84500122070312,131.8699951171875,131.8350067138672,131.8350067138672,4530.0
2026-03-17 17:28:00+00:00,131.86000061035156,131.86000061035156,131.7050018310547,131.74989318847656,21664.0
2026-03-17 17:29:00+00:00,131.72500610351562,131.72500610351562,131.60000610351562,131.6300048828125,21230.0
2026-03-17 17:30:00+00:00,131.61000061035156,131.61000061035156,131.57769775390625,131.61000061035156,3803.0
2026-03-17 17:31:00+00:00,131.6199951171875,131.6199951171875,131.47999572753906,131.55799865722656,12692.0
2026-03-17 17:32:00+00:00,131.55999755859375,131.5749969482422,131.50999450683594,131.5749969482422,5329.0
2026-03-17 17:33:00+00:00,131.55999755859375,131.55999755859375,131.51499938964844,131.5399932861328,4245.0
2026-03-17 17:34:00+00:00,131.50999450683594,131.52999877929688,131.4949951171875,131.52999877929688,6240.0
2026-03-17 17:35:00+00:00,131.53500366210938,131.6699981689453,131.47999572753906,131.63499450683594,10788.0
2026-03-17 17:36:00+00:00,131.6300048828125,131.75999450683594,131.6300048828125,131.72999572753906,7987.0
2026-03-17 17:37:00+00:00,131.72999572753906,131.83999633789062,131.72000122070312,131.80499267578125,5122.0
2026-03-17 17:38:00+00:00,131.83999633789062,131.86500549316406,131.8000946044922,131.8000946044922,5314.0
2026-03-17 17:39:00+00:00,131.85499572753906,131.85499572753906,131.82000732421875,131.83999633789062,2936.0
2026-03-17 17:40:00+00:00,131.85000610351562,131.86500549316406,131.77999877929688,131.7899932861328,7438.0
2026-03-17 17:41:00+00:00,131.7899932861328,131.89999389648438,131.75,131.88499450683594,12142.0
2026-03-17 17:42:00+00:00,131.8699951171875,131.875,131.82000732421875,131.85000610351562,6409.0
2026-03-17 17:43:00+00:00,131.84249877929688,131.84500122070312,131.7209930419922,131.7209930419922,4633.0
2026-03-17 17:44:00+00:00,131.74000549316406,131.8300018310547,131.67849731445312,131.67849731445312,10285.0
2026-03-17 17:45:00+00:00,131.75,131.75,131.66400146484375,131.66400146484375,11549.0
2026-03-17 17:46:00+00:00,131.63999938964844,131.77000427246094,131.63999938964844,131.77000427246094,5405.0
2026-03-17 17:47:00+00:00,131.6999969482422,131.71099853515625,131.6699981689453,131.67999267578125,7779.0
2026-03-17 17:48:00+00:00,131.6999969482422,131.83999633789062,131.6999969482422,131.7899932861328,19295.0
2026-03-17 17:49:00+00:00,131.78500366210938,131.78500366210938,131.7200927734375,131.75999450683594,1569625.0
2026-03-17 17:50:00+00:00,131.7550048828125,131.7550048828125,131.6999969482422,131.6999969482422,0.0
2026-03-17 17:51:00+00:00,131.6999969482422,131.75,131.69000244140625,131.74000549316406,5100.0
2026-03-17 17:52:00+00:00,131.77000427246094,131.86000061035156,131.7550048828125,131.85499572753906,8361.0
2026-03-17 17:53:00+00:00,131.85000610351562,131.89999389648438,131.74009704589844,131.74009704589844,6655.0
2026-03-17 17:54:00+00:00,131.74000549316406,131.80499267578125,131.74000549316406,131.7949981689453,4002.0
2026-03-17 17:55:00+00:00,131.77000427246094,131.7899932861328,131.74000549316406,131.76499938964844,3699.0
2026-03-17 17:56:00+00:00,131.77499389648438,131.78500366210938,131.75999450683594,131.78500366210938,4921.0
2026-03-17 17:57:00+00:00,131.77999877929688,131.7899932861328,131.67999267578125,131.69500732421875,13250.0
2026-03-17 17:58:00+00:00,131.6800994873047,131.7100067138672,131.6699981689453,131.6699981689453,1586197.0
2026-03-17 17:59:00+00:00,131.63999938964844,131.6649932861328,131.6199951171875,131.6649932861328,0.0
2026-03-17 18:00:00+00:00,131.6699981689453,131.69000244140625,131.6199951171875,131.6199951171875,6428.0
2026-03-17 18:01:00+00:00,131.61000061035156,131.61500549316406,131.55999755859375,131.56500244140625,5147.0
2026-03-17 18:02:00+00:00,131.58999633789062,131.6999969482422,131.58999633789062,131.6999969482422,8378.0
2026-03-17 18:03:00+00:00,131.6999969482422,131.75,131.69000244140625,131.7100067138672,7900.0
2026-03-17 18:04:00+00:00,131.74000549316406,131.77999877929688,131.7209930419922,131.75999450683594,6935.0
2026-03-17 18:05:00+00:00,131.75999450683594,131.75999450683594,131.64999389648438,131.6999969482422,6235.0
2026-03-17 18:06:00+00:00,131.68499755859375,131.8000030517578,131.63499450683594,131.8000030517578,11322.0
2026-03-17 18:07:00+00:00,131.7801055908203,131.97999572753906,131.7801055908203,131.9499969482422,8501.0
2026-03-17 18:08:00+00:00,131.92999267578125,131.99000549316406,131.86000061035156,131.92999267578125,10462.0
2026-03-17 18:09:00+00:00,131.9250030517578,131.97500610351562,131.9250030517578,131.9521026611328,3194.0
2026-03-17 18:10:00+00:00,132.0,132.02000427246094,131.9600067138672,131.99000549316406,7385.0
2026-03-17 18:11:00+00:00,131.97000122070312,132.00999450683594,131.89999389648438,132.0050048828125,11000.0
2026-03-17 18:12:00+00:00,131.9949951171875,132.05499267578125,131.9499969482422,131.9600067138672,5120.0
2026-03-17 18:13:00+00:00,131.9499969482422,132.00750732421875,131.94000244140625,131.94000244140625,6262.0
2026-03-17 18:14:00+00:00,131.9149932861328,131.97999572753906,131.9149932861328,131.97000122070312,5677.0
2026-03-17 18:15:00+00:00,131.97999572753906,132.0,131.95010375976562,131.9600067138672,7746.0
2026-03-17 18:16:00+00:00,131.94000244140625,131.98500061035156,131.92999267578125,131.98500061035156,4275.0
2026-03-17 18:17:00+00:00,131.9600067138672,131.9600067138672,131.8990936279297,131.92999267578125,6384.0
2026-03-17 18:18:00+00:00,131.9199981689453,131.97000122070312,131.8800048828125,131.88499450683594,6287.0
2026-03-17 18:19:00+00:00,131.88499450683594,131.91000366210938,131.83999633789062,131.8800048828125,19364.0
2026-03-17 18:20:00+00:00,131.8800048828125,131.9199981689453,131.7100067138672,131.74000549316406,18744.0
2026-03-17 18:21:00+00:00,131.75999450683594,131.7899932861328,131.67999267578125,131.67999267578125,7578.0
2026-03-17 18:22:00+00:00,131.72999572753906,131.72999572753906,131.66000366210938,131.7100067138672,6612.0
2026-03-17 18:23:00+00:00,131.6699981689453,131.72000122070312,131.625,131.625,5578.0
2026-03-17 18:24:00+00:00,131.625,131.63499450683594,131.50999450683594,131.52000427246094,6480.0
2026-03-17 18:25:00+00:00,131.5,131.5399932861328,131.39999389648438,131.41000366210938,6400.0
2026-03-17 18:26:00+00:00,131.41000366210938,131.49000549316406,131.40499877929688,131.47999572753906,3380.0
2026-03-17 18:27:00+00:00,131.4300994873047,131.5449981689453,131.4300994873047,131.50999450683594,3962.0
2026-03-17 18:28:00+00:00,131.5,131.64500427246094,131.5,131.625,5895.0
2026-03-17 18:29:00+00:00,131.63499450683594,131.67999267578125,131.58999633789062,131.61000061035156,5605.0
2026-03-17 18:30:00+00:00,131.59500122070312,131.6300048828125,131.55499267578125,131.55499267578125,4434.0
2026-03-17 18:31:00+00:00,131.57000732421875,131.5800018310547,131.55999755859375,131.56320190429688,5266.0
2026-03-17 18:32:00+00:00,131.55999755859375,131.58999633789062,131.5,131.5850067138672,4370.0
2026-03-17 18:33:00+00:00,131.55499267578125,131.75,131.5500030517578,131.67999267578125,21254.0
2026-03-17 18:34:00+00:00,131.6699981689453,131.6699981689453,131.64500427246094,131.64999389648438,7798.0
2026-03-17 18:35:00+00:00,131.6300048828125,131.64999389648438,131.5800018310547,131.6300048828125,8725.0
2026-03-17 18:36:00+00:00,131.59170532226562,131.63999938964844,131.58999633789062,131.63999938964844,4785.0
2026-03-17 18:37:00+00:00,131.63999938964844,131.63999938964844,131.58999633789062,131.61500549316406,3444.0
2026-03-17 18:38:00+00:00,131.60009765625,131.64999389648438,131.60009765625,131.64999389648438,4233.0
2026-03-17 18:39:00+00:00,131.63499450683594,131.64999389648438,131.59500122070312,131.61000061035156,8262.0
2026-03-17 18:40:00+00:00,131.57000732421875,131.5749969482422,131.49009704589844,131.50999450683594,9331.0
2026-03-17 18:41:00+00:00,131.50999450683594,131.50999450683594,131.41000366210938,131.5050048828125,8357.0
2026-03-17 18:42:00+00:00,131.51499938964844,131.63999938964844,131.50999450683594,131.6199951171875,6590.0
2026-03-17 18:43:00+00:00,131.6300048828125,131.75999450683594,131.6300048828125,131.75999450683594,8196.0
2026-03-17 18:44:00+00:00,131.74000549316406,131.74139404296875,131.66000366210938,131.7100067138672,5560.0
2026-03-17 18:45:00+00:00,131.7100067138672,131.72000122070312,131.67999267578125,131.6999969482422,4628.0
2026-03-17 18:46:00+00:00,131.67999267578125,131.6999969482422,131.66000366210938,131.68499755859375,3875.0
2026-03-17 18:47:00+00:00,131.75999450683594,131.80499267578125,131.7200927734375,131.7200927734375,10854.0
2026-03-17 18:48:00+00:00,131.74000549316406,131.7899932861328,131.72000122070312,131.77000427246094,6240.0
2026-03-17 18:49:00+00:00,131.7899932861328,131.7899932861328,131.75999450683594,131.77999877929688,6360.0
2026-03-17 18:50:00+00:00,131.77499389648438,131.77499389648438,131.7100067138672,131.76499938964844,8712.0
2026-03-17 18:51:00+00:00,131.75999450683594,131.88999938964844,131.75,131.8699951171875,11165.0
2026-03-17 18:52:00+00:00,131.8699951171875,131.89999389648438,131.8000946044922,131.80999755859375,10357.0
2026-03-17 18:53:00+00:00,131.8300018310547,131.875,131.7899932861328,131.82000732421875,11788.0
2026-03-17 18:54:00+00:00,131.7899932861328,131.83999633789062,131.7899932861328,131.8300018310547,5664.0
2026-03-17 18:55:00+00:00,131.8300018310547,131.8300018310547,131.77999877929688,131.80999755859375,5548.0
2026-03-17 18:56:00+00:00,131.80999755859375,131.86000061035156,131.7899932861328,131.84500122070312,7307.0
2026-03-17 18:57:00+00:00,131.8249969482422,131.85899353027344,131.7949981689453,131.84500122070312,4955.0
2026-03-17 18:58:00+00:00,131.84500122070312,131.8699951171875,131.8000030517578,131.8699951171875,6150.0
2026-03-17 18:59:00+00:00,131.88600158691406,131.99000549316406,131.86000061035156,131.97999572753906,6408.0
2026-03-17 19:00:00+00:00,131.99000549316406,132.0146026611328,131.92999267578125,132.0,11194.0
2026-03-17 19:01:00+00:00,132.02000427246094,132.05999755859375,131.88999938964844,131.91000366210938,15631.0
2026-03-17 19:02:00+00:00,131.94000244140625,131.94000244140625,131.61000061035156,131.63499450683594,67982.0
2026-03-17 19:03:00+00:00,131.6199951171875,131.69000244140625,131.57000732421875,131.69000244140625,10577.0
2026-03-17 19:04:00+00:00,131.6999969482422,131.6999969482422,131.6300048828125,131.64500427246094,12033.0
2026-03-17 19:05:00+00:00,131.6199951171875,131.63999938964844,131.5500030517578,131.5500030517578,9468.0
2026-03-17 19:06:00+00:00,131.55499267578125,131.55499267578125,131.47999572753906,131.5,7026.0
2026-03-17 19:07:00+00:00,131.5299072265625,131.5500030517578,131.49569702148438,131.52499389648438,7833.0
2026-03-17 19:08:00+00:00,131.5399932861328,131.5800018310547,131.52940368652344,131.5399932861328,6246.0
2026-03-17 19:09:00+00:00,131.55999755859375,131.6199951171875,131.5449981689453,131.60000610351562,12443.0
2026-03-17 19:10:00+00:00,131.60499572753906,131.60499572753906,131.55499267578125,131.56500244140625,8694.0
2026-03-17 19:11:00+00:00,131.5749969482422,131.5749969482422,131.52000427246094,131.52499389648438,5309.0
2026-03-17 19:12:00+00:00,131.52499389648438,131.56500244140625,131.52090454101562,131.5500030517578,8305.0
2026-03-17 19:13:00+00:00,131.53500366210938,131.64999389648438,131.53500366210938,131.60499572753906,8106.0
2026-03-17 19:14:00+00:00,131.60499572753906,131.60499572753906,131.50999450683594,131.52000427246094,15740.0
2026-03-17 19:15:00+00:00,131.52000427246094,131.6999969482422,131.47999572753906,131.69000244140625,23953.0
2026-03-17 19:16:00+00:00,131.67999267578125,131.72000122070312,131.6699981689453,131.7050018310547,9443.0
2026-03-17 19:17:00+00:00,131.6699981689453,131.73989868164062,131.63999938964844,131.7100067138672,13667.0
2026-03-17 19:18:00+00:00,131.7100067138672,131.7100067138672,131.60000610351562,131.63999938964844,18091.0
2026-03-17 19:19:00+00:00,131.6199951171875,131.69500732421875,131.6199951171875,131.6199951171875,11853.0
2026-03-17 19:20:00+00:00,131.63999938964844,131.63999938964844,131.58999633789062,131.63499450683594,7471.0
2026-03-17 19:21:00+00:00,131.6199951171875,131.72999572753906,131.61790466308594,131.66000366210938,10278.0
2026-03-17 19:22:00+00:00,131.6699981689453,131.73989868164062,131.64999389648438,131.68099975585938,8880.0
2026-03-17 19:23:00+00:00,131.6875,131.7698974609375,131.6875,131.74000549316406,23110.0
2026-03-17 19:24:00+00:00,131.73500061035156,131.75,131.67999267578125,131.69000244140625,15572.0
2026-03-17 19:25:00+00:00,131.6824951171875,131.7050018310547,131.64500427246094,131.64500427246094,6594.0
2026-03-17 19:26:00+00:00,131.64999389648438,131.72999572753906,131.61000061035156,131.7100067138672,12113.0
2026-03-17 19:27:00+00:00,131.7100067138672,131.72000122070312,131.6699981689453,131.6699981689453,8073.0
2026-03-17 19:28:00+00:00,131.64999389648438,131.6999969482422,131.60000610351562,131.61500549316406,18674.0
2026-03-17 19:29:00+00:00,131.5800018310547,131.6219024658203,131.5601043701172,131.60000610351562,14081.0
2026-03-17 19:30:00+00:00,131.5800018310547,131.6199951171875,131.57000732421875,131.5800018310547,11465.0
2026-03-17 19:31:00+00:00,131.5749969482422,131.64500427246094,131.57000732421875,131.63499450683594,12443.0
2026-03-17 19:32:00+00:00,131.63999938964844,131.66000366210938,131.58999633789062,131.58999633789062,9282.0
2026-03-17 19:33:00+00:00,131.60000610351562,131.625,131.60000610351562,131.61000061035156,9575.0
2026-03-17 19:34:00+00:00,131.61000061035156,131.6199951171875,131.53500366210938,131.53500366210938,27081.0
2026-03-17 19:35:00+00:00,131.5399932861328,131.5749969482422,131.47999572753906,131.5260009765625,11628.0
2026-03-17 19:36:00+00:00,131.50999450683594,131.55999755859375,131.5,131.52000427246094,13550.0
2026-03-17 19:37:00+00:00,131.5800018310547,131.64999389648438,131.55999755859375,131.60000610351562,19355.0
2026-03-17 19:38:00+00:00,131.58999633789062,131.58999633789062,131.48899841308594,131.48899841308594,12691.0
2026-03-17 19:39:00+00:00,131.5,131.52000427246094,131.44000244140625,131.47000122070312,20177.0
2026-03-17 19:40:00+00:00,131.47999572753906,131.56500244140625,131.47000122070312,131.52999877929688,15024.0
2026-03-17 19:41:00+00:00,131.5399932861328,131.64999389648438,131.44500732421875,131.4499969482422,31138.0
2026-03-17 19:42:00+00:00,131.4499969482422,131.48989868164062,131.39999389648438,131.4550018310547,22324.0
2026-03-17 19:43:00+00:00,131.4550018310547,131.5050048828125,131.43499755859375,131.5,16452.0
2026-03-17 19:44:00+00:00,131.4949951171875,131.4949951171875,131.4279022216797,131.4600067138672,11593.0
2026-03-17 19:45:00+00:00,131.47000122070312,131.5449981689453,131.4600067138672,131.53500366210938,11363.0
2026-03-17 19:46:00+00:00,131.52000427246094,131.5399932861328,131.48500061035156,131.52999877929688,8580.0
2026-03-17 19:47:00+00:00,131.50999450683594,131.5500030517578,131.45010375976562,131.4853973388672,28176.0
2026-03-17 19:48:00+00:00,131.46499633789062,131.5303955078125,131.45120239257812,131.5,13384.0
2026-03-17 19:49:00+00:00,131.47999572753906,131.48500061035156,131.4499969482422,131.4600067138672,9926.0
2026-03-17 19:50:00+00:00,131.47999572753906,131.50999450683594,131.17999267578125,131.1999969482422,38028.0
2026-03-17 19:51:00+00:00,131.1999969482422,131.42999267578125,131.1999969482422,131.35000610351562,25609.0
2026-03-17 19:52:00+00:00,131.35000610351562,131.4508056640625,131.3300018310547,131.44000244140625,30429.0
2026-03-17 19:53:00+00:00,131.43499755859375,131.44000244140625,131.30999755859375,131.3699951171875,35414.0
2026-03-17 19:54:00+00:00,131.35000610351562,131.63999938964844,131.3419952392578,131.625,42421.0
2026-03-17 19:55:00+00:00,131.58999633789062,131.6199951171875,131.47000122070312,131.4949951171875,47152.0
2026-03-17 19:56:00+00:00,131.49000549316406,131.50999450683594,131.4199981689453,131.4499969482422,41693.0
2026-03-17 19:57:00+00:00,131.4499969482422,131.5850067138672,131.39999389648438,131.5500030517578,57944.0
2026-03-17 19:58:00+00:00,131.5500030517578,131.55999755859375,131.47999572753906,131.4949951171875,71021.0
2026-03-17 19:59:00+00:00,131.4949951171875,131.60000610351562,131.47500610351562,131.5399932861328,169274.0
2026-03-18 13:30:00+00:00,130.72999572753906,132.47999572753906,130.69000244140625,132.25,227497.0
2026-03-18 13:31:00+00:00,132.2100067138672,132.25250244140625,131.875,131.92999267578125,0.0
2026-03-18 13:32:00+00:00,131.92999267578125,132.25,131.89999389648438,132.10499572753906,80052.0
2026-03-18 13:33:00+00:00,132.125,132.125,131.5749969482422,131.72000122070312,33904.0
2026-03-18 13:34:00+00:00,131.7100067138672,131.99000549316406,131.63999938964844,131.99000549316406,17887.0
2026-03-18 13:35:00+00:00,131.9250030517578,132.36000061035156,131.9250030517578,132.36000061035156,31905.0
2026-03-18 13:36:00+00:00,132.39999389648438,132.6999969482422,132.39999389648438,132.61500549316406,21533.0
2026-03-18 13:37:00+00:00,132.61500549316406,132.61500549316406,132.39500427246094,132.39999389648438,32189.0
2026-03-18 13:38:00+00:00,132.42999267578125,132.5800018310547,132.25999450683594,132.31500244140625,23656.0
2026-03-18 13:39:00+00:00,132.24000549316406,132.24000549316406,131.9550018310547,132.08999633789062,11883.0
2026-03-18 13:40:00+00:00,132.1031036376953,132.34500122070312,132.02000427246094,132.3000030517578,31706.0
2026-03-18 13:41:00+00:00,132.3000030517578,132.43499755859375,132.11000061035156,132.11000061035156,224659.0
2026-03-18 13:42:00+00:00,132.11000061035156,132.47999572753906,132.11000061035156,132.47999572753906,0.0
2026-03-18 13:43:00+00:00,132.4250030517578,132.52000427246094,132.36000061035156,132.39999389648438,41875.0
2026-03-18 13:44:00+00:00,132.47999572753906,132.5500030517578,132.36500549316406,132.5500030517578,10910.0
2026-03-18 13:45:00+00:00,132.52000427246094,132.52000427246094,132.3300018310547,132.46499633789062,33098.0
2026-03-18 13:46:00+00:00,132.47000122070312,132.73500061035156,132.41000366210938,132.7100067138672,13967.0
2026-03-18 13:47:00+00:00,132.6999969482422,132.70989990234375,132.5500030517578,132.63999938964844,16429.0
2026-03-18 13:48:00+00:00,132.63999938964844,132.64999389648438,132.5500030517578,132.5500030517578,293413.0
2026-03-18 13:49:00+00:00,132.58999633789062,132.64999389648438,132.5050048828125,132.5500030517578,0.0
2026-03-18 13:50:00+00:00,132.5500030517578,132.55999755859375,132.38499450683594,132.38499450683594,8984.0
2026-03-18 13:51:00+00:00,132.44000244140625,132.4499969482422,131.85000610351562,131.85000610351562,317210.0
2026-03-18 13:52:00+00:00,131.875,131.8800048828125,131.73089599609375,131.8300018310547,0.0
2026-03-18 13:53:00+00:00,131.77999877929688,131.8350067138672,131.74000549316406,131.77000427246094,10906.0
2026-03-18 13:54:00+00:00,131.7100067138672,131.75999450683594,131.63999938964844,131.72000122070312,339566.0
2026-03-18 13:55:00+00:00,131.74000549316406,131.92999267578125,131.74000549316406,131.8249969482422,0.0
2026-03-18 13:56:00+00:00,131.85499572753906,131.88999938964844,131.6199951171875,131.6199951171875,13204.0
2026-03-18 13:57:00+00:00,131.61000061035156,131.85000610351562,131.61000061035156,131.69000244140625,10511.0
2026-03-18 13:58:00+00:00,131.6999969482422,131.8800048828125,131.6999969482422,131.86000061035156,383051.0
2026-03-18 13:59:00+00:00,131.86000061035156,132.03500366210938,131.86000061035156,132.03500366210938,0.0
2026-03-18 14:00:00+00:00,132.02999877929688,132.02999877929688,131.72500610351562,131.76499938964844,16033.0
2026-03-18 14:01:00+00:00,131.8300018310547,132.01499938964844,131.8300018310547,131.9949951171875,11507.0
2026-03-18 14:02:00+00:00,131.9199981689453,131.9199981689453,131.5850067138672,131.5850067138672,13953.0
2026-03-18 14:03:00+00:00,131.5749969482422,131.63999938964844,131.5500030517578,131.6199951171875,18172.0
2026-03-18 14:04:00+00:00,131.625,131.6374969482422,131.34500122070312,131.34500122070312,13700.0
2026-03-18 14:05:00+00:00,131.3300018310547,131.45550537109375,131.27999877929688,131.3300018310547,22346.0
2026-03-18 14:06:00+00:00,131.31500244140625,131.35000610351562,131.23500061035156,131.30999755859375,10229.0
2026-03-18 14:07:00+00:00,131.27999877929688,131.3300018310547,131.19000244140625,131.3300018310547,8519.0
2026-03-18 14:08:00+00:00,131.32000732421875,131.36000061035156,131.25,131.35000610351562,7884.0
2026-03-18 14:09:00+00:00,131.36990356445312,131.3800048828125,131.25999450683594,131.32000732421875,19330.0
2026-03-18 14:10:00+00:00,131.25,131.25,130.97999572753906,130.98500061035156,24854.0
2026-03-18 14:11:00+00:00,130.99000549316406,131.0,130.61000061035156,130.76010131835938,35543.0
2026-03-18 14:12:00+00:00,130.77499389648438,130.80999755859375,130.6300048828125,130.6300048828125,13602.0
2026-03-18 14:13:00+00:00,130.64500427246094,130.7899932861328,130.5449981689453,130.5449981689453,17160.0
2026-03-18 14:14:00+00:00,130.5500030517578,130.66000366210938,130.52499389648438,130.5399932861328,13347.0
2026-03-18 14:15:00+00:00,130.5399932861328,130.59500122070312,130.4600067138672,130.58990478515625,12638.0
2026-03-18 14:16:00+00:00,130.5399932861328,130.74989318847656,130.51010131835938,130.6300048828125,12786.0
2026-03-18 14:17:00+00:00,130.63999938964844,130.6999969482422,130.59500122070312,130.6300048828125,18425.0
2026-03-18 14:18:00+00:00,130.6300048828125,130.74000549316406,130.6300048828125,130.69500732421875,12197.0
2026-03-18 14:19:00+00:00,130.74000549316406,130.8000030517578,130.7050018310547,130.7050018310547,13299.0
2026-03-18 14:20:00+00:00,130.72000122070312,130.75999450683594,130.62249755859375,130.72999572753906,538156.0
2026-03-18 14:21:00+00:00,130.69000244140625,130.75999450683594,130.66000366210938,130.74000549316406,0.0
2026-03-18 14:22:00+00:00,130.6999969482422,130.7899932861328,130.66000366210938,130.74000549316406,7823.0
2026-03-18 14:23:00+00:00,130.76499938964844,130.91990661621094,130.72999572753906,130.91990661621094,544090.0
2026-03-18 14:24:00+00:00,130.89500427246094,130.92999267578125,130.75999450683594,130.75999450683594,0.0
2026-03-18 14:25:00+00:00,130.77999877929688,130.77999877929688,130.55499267578125,130.55499267578125,9919.0
2026-03-18 14:26:00+00:00,130.60009765625,130.61000061035156,130.4600067138672,130.5050048828125,14921.0
2026-03-18 14:27:00+00:00,130.5,130.5850067138672,130.4801025390625,130.52000427246094,12125.0
2026-03-18 14:28:00+00:00,130.5,130.60499572753906,130.4783935546875,130.49000549316406,576799.0
2026-03-18 14:29:00+00:00,130.4949951171875,130.60000610351562,130.3699951171875,130.41900634765625,0.0
2026-03-18 14:30:00+00:00,130.39999389648438,130.5800018310547,130.39999389648438,130.52999877929688,9568.0
2026-03-18 14:31:00+00:00,130.52000427246094,130.55999755859375,130.5,130.5399932861328,6782.0
2026-03-18 14:32:00+00:00,130.58999633789062,130.8000030517578,130.5800018310547,130.8000030517578,9181.0
2026-03-18 14:33:00+00:00,130.74000549316406,130.81500244140625,130.7050018310547,130.80499267578125,7962.0
2026-03-18 14:34:00+00:00,130.89999389648438,130.91900634765625,130.61000061035156,130.69000244140625,11834.0
2026-03-18 14:35:00+00:00,130.74989318847656,130.81460571289062,130.72000122070312,130.76499938964844,631711.0
2026-03-18 14:36:00+00:00,130.76499938964844,130.82000732421875,130.7100067138672,130.77499389648438,0.0
2026-03-18 14:37:00+00:00,130.77499389648438,130.7899932861328,130.6999969482422,130.6999969482422,6731.0
2026-03-18 14:38:00+00:00,130.67999267578125,130.84500122070312,130.67999267578125,130.81500244140625,18663.0
2026-03-18 14:39:00+00:00,130.7899932861328,130.8350067138672,130.74000549316406,130.77000427246094,12104.0
2026-03-18 14:40:00+00:00,130.77000427246094,130.80999755859375,130.72999572753906,130.80499267578125,5270.0
2026-03-18 14:41:00+00:00,130.77999877929688,130.83079528808594,130.72000122070312,130.74000549316406,14413.0
2026-03-18 14:42:00+00:00,130.75999450683594,130.86000061035156,130.66000366210938,130.66000366210938,10768.0
2026-03-18 14:43:00+00:00,130.69000244140625,130.69000244140625,130.5500030517578,130.61000061035156,7176.0
2026-03-18 14:44:00+00:00,130.61000061035156,130.66990661621094,130.5399932861328,130.58999633789062,8193.0
2026-03-18 14:45:00+00:00,130.58999633789062,130.82000732421875,130.5850067138672,130.7550048828125,14934.0
2026-03-18 14:46:00+00:00,130.76499938964844,130.76499938964844,130.6300048828125,130.67999267578125,13019.0
2026-03-18 14:47:00+00:00,130.6999969482422,130.82000732421875,130.6999969482422,130.82000732421875,9849.0
2026-03-18 14:48:00+00:00,130.90499877929688,130.9149932861328,130.69500732421875,130.69500732421875,12813.0
2026-03-18 14:49:00+00:00,130.69000244140625,130.73880004882812,130.61500549316406,130.73880004882812,710583.0
2026-03-18 14:50:00+00:00,130.74000549316406,130.85830688476562,130.73500061035156,130.8300018310547,0.0
2026-03-18 14:51:00+00:00,130.80999755859375,130.95550537109375,130.80999755859375,130.875,18450.0
2026-03-18 14:52:00+00:00,130.8699951171875,130.8800048828125,130.8000030517578,130.83999633789062,11041.0
2026-03-18 14:53:00+00:00,130.82000732421875,130.88999938964844,130.77499389648438,130.88499450683594,44072.0
2026-03-18 14:54:00+00:00,130.88999938964844,130.99000549316406,130.83999633789062,130.8699951171875,17818.0
2026-03-18 14:55:00+00:00,130.83999633789062,130.88999938964844,130.79010009765625,130.86500549316406,754009.0
2026-03-18 14:56:00+00:00,130.875,130.8800048828125,130.80999755859375,130.8300018310547,0.0
2026-03-18 14:57:00+00:00,130.8000030517578,130.82000732421875,130.74000549316406,130.75999450683594,765385.0
2026-03-18 14:58:00+00:00,130.7550048828125,130.8800048828125,130.6699981689453,130.797607421875,0.0
2026-03-18 14:59:00+00:00,130.80999755859375,130.91000366210938,130.77499389648438,130.8699951171875,11157.0
2026-03-18 15:00:00+00:00,130.875,130.9199981689453,130.7949981689453,130.89999389648438,19663.0
2026-03-18 15:01:00+00:00,130.8699951171875,130.88999938964844,130.7899932861328,130.7899932861328,798771.0
2026-03-18 15:02:00+00:00,130.78500366210938,130.7899932861328,130.61500549316406,130.6649932861328,0.0
2026-03-18 15:03:00+00:00,130.6699981689453,130.6699981689453,130.4600067138672,130.6699981689453,32670.0
2026-03-18 15:04:00+00:00,130.67999267578125,130.72000122070312,130.6300048828125,130.7100067138672,9301.0
2026-03-18 15:05:00+00:00,130.72999572753906,131.0,130.72999572753906,130.94500732421875,13453.0
2026-03-18 15:06:00+00:00,130.92999267578125,131.10000610351562,130.9290008544922,131.10000610351562,8986.0
2026-03-18 15:07:00+00:00,131.1300048828125,131.16990661621094,131.02000427246094,131.14500427246094,8986.0
2026-03-18 15:08:00+00:00,131.14430236816406,131.14999389648438,131.0399932861328,131.0399932861328,7814.0
2026-03-18 15:09:00+00:00,131.02499389648438,131.0399932861328,130.98500061035156,131.02000427246094,11159.0
2026-03-18 15:10:00+00:00,131.01499938964844,131.01499938964844,130.85499572753906,130.93499755859375,13020.0
2026-03-18 15:11:00+00:00,130.89999389648438,130.96499633789062,130.88999938964844,130.94000244140625,12041.0
2026-03-18 15:12:00+00:00,130.94000244140625,130.94000244140625,130.8800048828125,130.9199981689453,10463.0
2026-03-18 15:13:00+00:00,130.91000366210938,130.91000366210938,130.77000427246094,130.77000427246094,9710.0
2026-03-18 15:14:00+00:00,130.77999877929688,130.8300018310547,130.63999938964844,130.77999877929688,25101.0
2026-03-18 15:15:00+00:00,130.7899932861328,130.94000244140625,130.7899932861328,130.81500244140625,915147.0
2026-03-18 15:16:00+00:00,130.81100463867188,130.9550018310547,130.81100463867188,130.89999389648438,26644.0
2026-03-18 15:17:00+00:00,130.89999389648438,130.9499969482422,130.85499572753906,130.91000366210938,0.0
2026-03-18 15:18:00+00:00,130.91000366210938,130.91250610351562,130.74049377441406,130.74049377441406,9355.0
2026-03-18 15:19:00+00:00,130.75,130.8300018310547,130.75,130.8300018310547,14338.0
2026-03-18 15:20:00+00:00,130.8300018310547,130.8800048828125,130.8000030517578,130.8000030517578,8557.0
2026-03-18 15:21:00+00:00,130.75999450683594,130.75999450683594,130.5438995361328,130.64999389648438,15670.0
2026-03-18 15:22:00+00:00,130.63999938964844,130.66000366210938,130.57000732421875,130.64999389648438,11257.0
2026-03-18 15:23:00+00:00,130.66000366210938,130.75999450683594,130.66000366210938,130.72999572753906,10451.0
2026-03-18 15:24:00+00:00,130.74000549316406,130.77000427246094,130.66000366210938,130.69000244140625,16852.0
2026-03-18 15:25:00+00:00,130.7050018310547,130.7449951171875,130.60499572753906,130.7050018310547,985076.0
2026-03-18 15:26:00+00:00,130.7100067138672,130.75,130.7100067138672,130.74000549316406,11427.0
2026-03-18 15:27:00+00:00,130.7449951171875,130.7449951171875,130.6199951171875,130.72500610351562,35694.0
2026-03-18 15:28:00+00:00,130.73500061035156,130.7449951171875,130.6300048828125,130.66000366210938,0.0
2026-03-18 15:29:00+00:00,130.6300048828125,130.88499450683594,130.6300048828125,130.8800048828125,15750.0
2026-03-18 15:30:00+00:00,130.89999389648438,130.97999572753906,130.8699951171875,130.88999938964844,10436.0
2026-03-18 15:31:00+00:00,130.89500427246094,130.94000244140625,130.85000610351562,130.9340057373047,996262.0
2026-03-18 15:32:00+00:00,130.9600067138672,131.0,130.94000244140625,130.99000549316406,0.0
2026-03-18 15:33:00+00:00,131.0,131.00999450683594,130.82000732421875,130.9949951171875,30488.0
2026-03-18 15:34:00+00:00,130.97999572753906,131.02999877929688,130.88999938964844,130.89010620117188,8887.0
2026-03-18 15:35:00+00:00,130.9250030517578,130.9499969482422,130.86000061035156,130.89999389648438,10148.0
2026-03-18 15:36:00+00:00,130.89999389648438,130.9600067138672,130.88999938964844,130.88999938964844,9120.0
2026-03-18 15:37:00+00:00,130.91000366210938,131.02000427246094,130.88999938964844,130.97500610351562,9006.0
2026-03-18 15:38:00+00:00,131.0,131.02999877929688,130.94000244140625,130.94000244140625,12646.0
2026-03-18 15:39:00+00:00,130.94500732421875,130.9499969482422,130.91000366210938,130.94000244140625,5220.0
2026-03-18 15:40:00+00:00,130.9199981689453,130.97999572753906,130.88999938964844,130.88999938964844,8934.0
2026-03-18 15:41:00+00:00,130.90499877929688,130.97999572753906,130.8800048828125,130.88999938964844,1046343.0
2026-03-18 15:42:00+00:00,130.9199981689453,130.9499969482422,130.88999938964844,130.89999389648438,0.0
2026-03-18 15:43:00+00:00,130.91000366210938,130.96499633789062,130.85000610351562,130.86000061035156,9027.0
2026-03-18 15:44:00+00:00,130.89999389648438,130.9600067138672,130.860107421875,130.9199981689453,1054360.0
2026-03-18 15:45:00+00:00,130.89999389648438,130.92999267578125,130.8699951171875,130.9199981689453,0.0
2026-03-18 15:46:00+00:00,130.94500732421875,130.9600067138672,130.82000732421875,130.82000732421875,1066177.0
2026-03-18 15:47:00+00:00,130.85000610351562,131.0,130.85000610351562,131.0,0.0
2026-03-18 15:48:00+00:00,131.02000427246094,131.02000427246094,130.9600067138672,130.9600067138672,4943.0
2026-03-18 15:49:00+00:00,130.9499969482422,131.01499938964844,130.90499877929688,131.01499938964844,9369.0
2026-03-18 15:50:00+00:00,131.01499938964844,131.0399932861328,130.92999267578125,130.94500732421875,9231.0
2026-03-18 15:51:00+00:00,130.94500732421875,131.0,130.8300018310547,130.92010498046875,10453.0
2026-03-18 15:52:00+00:00,130.92999267578125,131.00999450683594,130.92999267578125,130.99000549316406,6024.0
2026-03-18 15:53:00+00:00,130.97000122070312,130.99310302734375,130.94000244140625,130.99000549316406,10299.0
2026-03-18 15:54:00+00:00,130.99000549316406,131.11000061035156,130.99000549316406,131.11000061035156,13356.0
2026-03-18 15:55:00+00:00,131.11000061035156,131.17999267578125,131.08999633789062,131.10499572753906,10460.0
2026-03-18 15:56:00+00:00,131.08999633789062,131.08999633789062,131.02999877929688,131.07000732421875,6551.0
2026-03-18 15:57:00+00:00,131.0800018310547,131.0850067138672,130.9199981689453,130.92999267578125,4924.0
2026-03-18 15:58:00+00:00,130.93499755859375,130.9600067138672,130.88999938964844,130.94000244140625,9762.0
2026-03-18 15:59:00+00:00,130.94500732421875,130.97999572753906,130.9199981689453,130.9600067138672,8011.0
2026-03-18 16:00:00+00:00,130.9499969482422,131.02999877929688,130.9499969482422,130.99000549316406,6046.0
2026-03-18 16:01:00+00:00,131.0,131.0399932861328,130.94500732421875,130.96499633789062,7022.0
2026-03-18 16:02:00+00:00,130.97999572753906,130.9949951171875,130.94500732421875,130.9600067138672,6144.0
2026-03-18 16:03:00+00:00,130.96499633789062,131.00999450683594,130.96499633789062,130.99000549316406,4046.0
2026-03-18 16:04:00+00:00,130.99749755859375,131.1199951171875,130.9949951171875,131.11500549316406,10000.0
2026-03-18 16:05:00+00:00,131.10000610351562,131.16000366210938,131.06500244140625,131.13999938964844,12843.0
2026-03-18 16:06:00+00:00,131.13999938964844,131.2100067138672,131.1199951171875,131.19000244140625,13584.0
2026-03-18 16:07:00+00:00,131.1750030517578,131.1750030517578,130.97000122070312,131.0,12116.0
2026-03-18 16:08:00+00:00,130.99000549316406,131.0800018310547,130.94000244140625,131.0500030517578,9334.0
2026-03-18 16:09:00+00:00,131.02999877929688,131.02999877929688,130.97000122070312,130.99000549316406,6430.0
2026-03-18 16:10:00+00:00,130.99000549316406,131.07000732421875,130.97999572753906,131.07000732421875,15662.0
2026-03-18 16:11:00+00:00,131.08999633789062,131.11000061035156,131.00999450683594,131.00999450683594,11655.0
2026-03-18 16:12:00+00:00,130.99000549316406,131.0500030517578,130.97000122070312,131.0399932861328,7574.0
2026-03-18 16:13:00+00:00,131.03500366210938,131.10499572753906,131.03500366210938,131.0800018310547,7396.0
2026-03-18 16:14:00+00:00,131.07000732421875,131.0800018310547,131.0399932861328,131.0399932861328,5171.0
2026-03-18 16:15:00+00:00,131.0449981689453,131.10000610351562,130.9949951171875,131.0,12137.0
2026-03-18 16:16:00+00:00,130.97250366210938,131.0399932861328,130.94000244140625,131.0399932861328,12509.0
2026-03-18 16:17:00+00:00,131.0399932861328,131.07000732421875,130.98500061035156,130.99000549316406,10601.0
2026-03-18 16:18:00+00:00,130.99000549316406,131.02499389648438,130.96499633789062,131.0,7947.0
2026-03-18 16:19:00+00:00,130.99000549316406,131.07000732421875,130.91000366210938,131.07000732421875,15143.0
2026-03-18 16:20:00+00:00,131.0800018310547,131.10000610351562,131.00999450683594,131.00999450683594,8866.0
2026-03-18 16:21:00+00:00,130.99000549316406,131.0500030517578,130.99000549316406,131.0399932861328,6669.0
2026-03-18 16:22:00+00:00,131.05499267578125,131.25,131.05499267578125,131.1999969482422,13478.0
2026-03-18 16:23:00+00:00,131.23500061035156,131.26499938964844,131.19000244140625,131.2100067138672,10762.0
2026-03-18 16:24:00+00:00,131.1999969482422,131.24530029296875,131.15499877929688,131.15499877929688,10436.0
2026-03-18 16:25:00+00:00,131.1699981689453,131.17999267578125,130.97000122070312,130.97000122070312,9969.0
2026-03-18 16:26:00+00:00,130.97000122070312,130.99989318847656,130.9199981689453,130.9575958251953,8491.0
2026-03-18 16:27:00+00:00,130.97000122070312,130.97999572753906,130.9499969482422,130.97999572753906,3586.0
2026-03-18 16:28:00+00:00,130.9949951171875,131.05999755859375,130.9600067138672,130.9600067138672,16129.0
2026-03-18 16:29:00+00:00,130.9635009765625,130.99000549316406,130.94000244140625,130.9499969482422,5049.0
2026-03-18 16:30:00+00:00,130.9199981689453,130.9600067138672,130.91000366210938,130.94000244140625,2616.0
2026-03-18 16:31:00+00:00,130.9250030517578,130.97500610351562,130.88999938964844,130.96499633789062,4557.0
2026-03-18 16:32:00+00:00,130.92999267578125,130.92999267578125,130.8699951171875,130.90699768066406,5507.0
2026-03-18 16:33:00+00:00,130.8699951171875,130.92999267578125,130.75,130.77999877929688,14009.0
2026-03-18 16:34:00+00:00,130.7949981689453,130.8300018310547,130.74000549316406,130.76499938964844,5423.0
2026-03-18 16:35:00+00:00,130.74000549316406,130.7449951171875,130.71499633789062,130.71499633789062,4496.0
2026-03-18 16:36:00+00:00,130.72999572753906,130.83700561523438,130.72500610351562,130.75999450683594,12464.0
2026-03-18 16:37:00+00:00,130.75999450683594,130.77000427246094,130.69000244140625,130.75999450683594,9382.0
2026-03-18 16:38:00+00:00,130.75999450683594,130.7899932861328,130.71499633789062,130.71499633789062,7415.0
2026-03-18 16:39:00+00:00,130.72000122070312,130.75999450683594,130.6999969482422,130.75999450683594,3566.0
2026-03-18 16:40:00+00:00,130.74000549316406,130.7899932861328,130.6699981689453,130.6699981689453,5081.0
2026-03-18 16:41:00+00:00,130.68499755859375,130.77000427246094,130.68499755859375,130.76499938964844,4497.0
2026-03-18 16:42:00+00:00,130.77999877929688,130.77999877929688,130.72999572753906,130.74000549316406,4868.0
2026-03-18 16:43:00+00:00,130.74000549316406,130.7458038330078,130.6999969482422,130.72500610351562,4050.0
2026-03-18 16:44:00+00:00,130.7100067138672,130.7949981689453,130.7100067138672,130.7949981689453,4132.0
2026-03-18 16:45:00+00:00,130.7899932861328,130.83999633789062,130.75999450683594,130.8300018310547,3671.0
2026-03-18 16:46:00+00:00,130.86000061035156,130.86000061035156,130.8000030517578,130.80999755859375,7472.0
2026-03-18 16:47:00+00:00,130.8000030517578,130.80999755859375,130.75,130.75,4508.0
2026-03-18 16:48:00+00:00,130.7449951171875,130.82000732421875,130.71499633789062,130.72000122070312,5814.0
2026-03-18 16:49:00+00:00,130.7218017578125,130.72999572753906,130.6999969482422,130.72000122070312,9429.0
2026-03-18 16:50:00+00:00,130.72000122070312,130.77999877929688,130.6999969482422,130.77999877929688,1396015.0
2026-03-18 16:51:00+00:00,130.77049255371094,130.82000732421875,130.75999450683594,130.75999450683594,0.0
2026-03-18 16:52:00+00:00,130.77999877929688,130.8300018310547,130.7530059814453,130.8300018310547,6391.0
2026-03-18 16:53:00+00:00,130.8300018310547,130.9499969482422,130.8300018310547,130.93499755859375,6936.0
2026-03-18 16:54:00+00:00,130.9199981689453,130.9980010986328,130.91000366210938,130.99000549316406,3226.0
2026-03-18 16:55:00+00:00,130.9949951171875,131.0,130.9600067138672,130.98500061035156,4064.0
2026-03-18 16:56:00+00:00,130.97000122070312,131.00999450683594,130.97000122070312,130.98500061035156,5673.0
2026-03-18 16:57:00+00:00,130.99000549316406,131.02999877929688,130.96090698242188,131.00999450683594,10360.0
2026-03-18 16:58:00+00:00,130.97500610351562,130.99000549316406,130.95069885253906,130.9600067138672,5592.0
2026-03-18 16:59:00+00:00,130.9499969482422,130.9550018310547,130.86000061035156,130.868896484375,6057.0
2026-03-18 17:00:00+00:00,130.8800048828125,130.9199981689453,130.81700134277344,130.81700134277344,4679.0
2026-03-18 17:01:00+00:00,130.82000732421875,130.82000732421875,130.7100067138672,130.74000549316406,11551.0
2026-03-18 17:02:00+00:00,130.77000427246094,130.8000030517578,130.76499938964844,130.8000030517578,1434960.0
2026-03-18 17:03:00+00:00,130.80999755859375,130.8800048828125,130.77999877929688,130.77999877929688,0.0
2026-03-18 17:04:00+00:00,130.78500366210938,130.8800048828125,130.77999877929688,130.86000061035156,4041.0
2026-03-18 17:05:00+00:00,130.85000610351562,130.85000610351562,130.7899932861328,130.7899932861328,2825.0
2026-03-18 17:06:00+00:00,130.77999877929688,130.92999267578125,130.77999877929688,130.92999267578125,10953.0
2026-03-18 17:07:00+00:00,130.9199981689453,130.97999572753906,130.91000366210938,130.97999572753906,4063.0
2026-03-18 17:08:00+00:00,131.02999877929688,131.05999755859375,131.00999450683594,131.00999450683594,6564.0
2026-03-18 17:09:00+00:00,131.0800018310547,131.1199951171875,131.05999755859375,131.1199951171875,3663.0
2026-03-18 17:10:00+00:00,131.13999938964844,131.16000366210938,131.13999938964844,131.16000366210938,2506.0
2026-03-18 17:11:00+00:00,131.14500427246094,131.1479949951172,131.11000061035156,131.11000061035156,5133.0
2026-03-18 17:12:00+00:00,131.1300048828125,131.16000366210938,131.1009979248047,131.16000366210938,6177.0
2026-03-18 17:13:00+00:00,131.1999969482422,131.22000122070312,131.1750030517578,131.17999267578125,2669.0
2026-03-18 17:14:00+00:00,131.17999267578125,131.2100067138672,131.17999267578125,131.2100067138672,2537.0
2026-03-18 17:15:00+00:00,131.2353973388672,131.2353973388672,131.1999969482422,131.20010375976562,5460.0
2026-03-18 17:16:00+00:00,131.22999572753906,131.27999877929688,131.2100067138672,131.24000549316406,6873.0
2026-03-18 17:17:00+00:00,131.23500061035156,131.3000030517578,131.1699981689453,131.1699981689453,8280.0
2026-03-18 17:18:00+00:00,131.1699981689453,131.22500610351562,131.13999938964844,131.1699981689453,7844.0
2026-03-18 17:19:00+00:00,131.19000244140625,131.25,131.17999267578125,131.22999572753906,5116.0
2026-03-18 17:20:00+00:00,131.25,131.25,131.16000366210938,131.17999267578125,6738.0
2026-03-18 17:21:00+00:00,131.18499755859375,131.30499267578125,131.18499755859375,131.24000549316406,15616.0
2026-03-18 17:22:00+00:00,131.22999572753906,131.22999572753906,131.16000366210938,131.22000122070312,5329.0
2026-03-18 17:23:00+00:00,131.1999969482422,131.25999450683594,131.1699981689453,131.25999450683594,5588.0
2026-03-18 17:24:00+00:00,131.27000427246094,131.31500244140625,131.27000427246094,131.2899932861328,4302.0
2026-03-18 17:25:00+00:00,131.27000427246094,131.2899932861328,131.25,131.2899932861328,6598.0
2026-03-18 17:26:00+00:00,131.31500244140625,131.38999938964844,131.2899932861328,131.33999633789062,5215.0
2026-03-18 17:27:00+00:00,131.3300018310547,131.3300018310547,131.29010009765625,131.3300018310547,3612.0
2026-03-18 17:28:00+00:00,131.33999633789062,131.38099670410156,131.33999633789062,131.36000061035156,3173.0
2026-03-18 17:29:00+00:00,131.33999633789062,131.33999633789062,131.32000732421875,131.33999633789062,6396.0
2026-03-18 17:30:00+00:00,131.3699951171875,131.3699951171875,131.27000427246094,131.27000427246094,4512.0
2026-03-18 17:31:00+00:00,131.25999450683594,131.27999877929688,131.18499755859375,131.18499755859375,5337.0
2026-03-18 17:32:00+00:00,131.2100067138672,131.35000610351562,131.2100067138672,131.30999755859375,4728.0
2026-03-18 17:33:00+00:00,131.2899932861328,131.33999633789062,131.2899932861328,131.33999633789062,3261.0
2026-03-18 17:34:00+00:00,131.3350067138672,131.38999938964844,131.3350067138672,131.3699951171875,6451.0
2026-03-18 17:35:00+00:00,131.38999938964844,131.39999389648438,131.3800048828125,131.3800048828125,1568606.0
2026-03-18 17:36:00+00:00,131.3800048828125,131.42999267578125,131.36000061035156,131.4199981689453,0.0
2026-03-18 17:37:00+00:00,131.4199981689453,131.47000122070312,131.3948974609375,131.42999267578125,2832.0
2026-03-18 17:38:00+00:00,131.42999267578125,131.4600067138672,131.41000366210938,131.4499969482422,3783.0
2026-03-18 17:39:00+00:00,131.4499969482422,131.47000122070312,131.42999267578125,131.42999267578125,4527.0
2026-03-18 17:40:00+00:00,131.4199981689453,131.4499969482422,131.38999938964844,131.4199981689453,4132.0
2026-03-18 17:41:00+00:00,131.39500427246094,131.44500732421875,131.39500427246094,131.4250030517578,2628.0
2026-03-18 17:42:00+00:00,131.39999389648438,131.39999389648438,131.32000732421875,131.32000732421875,4231.0
2026-03-18 17:43:00+00:00,131.33900451660156,131.3800048828125,131.3300018310547,131.36500549316406,7661.0
2026-03-18 17:44:00+00:00,131.34500122070312,131.34500122070312,131.32000732421875,131.32000732421875,2968.0
2026-03-18 17:45:00+00:00,131.30999755859375,131.33999633789062,131.27000427246094,131.2899932861328,1630536.0
2026-03-18 17:46:00+00:00,131.2949981689453,131.36000061035156,131.2949981689453,131.35499572753906,0.0
2026-03-18 17:47:00+00:00,131.38999938964844,131.38999938964844,131.2899932861328,131.36000061035156,7599.0
2026-03-18 17:48:00+00:00,131.33999633789062,131.33999633789062,131.2100067138672,131.24000549316406,19007.0
2026-03-18 17:49:00+00:00,131.25999450683594,131.27000427246094,131.22000122070312,131.22000122070312,7782.0
2026-03-18 17:50:00+00:00,131.1999969482422,131.1999969482422,131.11000061035156,131.11000061035156,7401.0
2026-03-18 17:51:00+00:00,131.10499572753906,131.22500610351562,131.10499572753906,131.22500610351562,8802.0
2026-03-18 17:52:00+00:00,131.2100067138672,131.21499633789062,131.17999267578125,131.17999267578125,1979.0
2026-03-18 17:53:00+00:00,131.1699981689453,131.17999267578125,131.1300048828125,131.14999389648438,1632384.0
2026-03-18 17:54:00+00:00,131.16000366210938,131.27000427246094,131.16000366210938,131.22999572753906,0.0
2026-03-18 17:55:00+00:00,131.22650146484375,131.2657012939453,131.1999969482422,131.2657012939453,3693.0
2026-03-18 17:56:00+00:00,131.2550048828125,131.25999450683594,131.18690490722656,131.19500732421875,7579.0
2026-03-18 17:57:00+00:00,131.2050018310547,131.2050018310547,131.13999938964844,131.1750030517578,6712.0
2026-03-18 17:58:00+00:00,131.14999389648438,131.14999389648438,130.9499969482422,130.9550018310547,15999.0
2026-03-18 17:59:00+00:00,130.90589904785156,130.9499969482422,130.88999938964844,130.92999267578125,11272.0
2026-03-18 18:00:00+00:00,130.94000244140625,131.0800018310547,130.88999938964844,131.0050048828125,9823.0
2026-03-18 18:01:00+00:00,131.0,131.1999969482422,131.0,131.13999938964844,21476.0
2026-03-18 18:02:00+00:00,131.14999389648438,131.1699981689453,130.92999267578125,131.0,9332.0
2026-03-18 18:03:00+00:00,131.0,131.02000427246094,130.8800048828125,131.00999450683594,7654.0
2026-03-18 18:04:00+00:00,131.0399932861328,131.13999938964844,131.0399932861328,131.13999938964844,2269.0
2026-03-18 18:05:00+00:00,131.11500549316406,131.1199951171875,131.0399932861328,131.05999755859375,7096.0
2026-03-18 18:06:00+00:00,131.0500030517578,131.0500030517578,130.94000244140625,130.97000122070312,5935.0
2026-03-18 18:07:00+00:00,130.97999572753906,131.02000427246094,130.9499969482422,130.9949951171875,15699.0
2026-03-18 18:08:00+00:00,130.97500610351562,130.97999572753906,130.88999938964844,130.97000122070312,11147.0
2026-03-18 18:09:00+00:00,130.9600067138672,130.97500610351562,130.86000061035156,130.86000061035156,27879.0
2026-03-18 18:10:00+00:00,130.8699951171875,130.9199981689453,130.77000427246094,130.77499389648438,11214.0
2026-03-18 18:11:00+00:00,130.8300018310547,130.88999938964844,130.8000030517578,130.8000030517578,4533.0
2026-03-18 18:12:00+00:00,130.80999755859375,130.8300018310547,130.72999572753906,130.75999450683594,16199.0
2026-03-18 18:13:00+00:00,130.7899932861328,130.81500244140625,130.760498046875,130.77499389648438,1755975.0
2026-03-18 18:14:00+00:00,130.77499389648438,130.82000732421875,130.73500061035156,130.82000732421875,16125.0
2026-03-18 18:15:00+00:00,130.80499267578125,130.82000732421875,130.57000732421875,130.5850067138672,0.0
2026-03-18 18:16:00+00:00,130.63999938964844,130.7100067138672,130.55999755859375,130.61000061035156,15418.0
2026-03-18 18:17:00+00:00,130.60499572753906,130.6699981689453,130.5399932861328,130.5399932861328,27367.0
2026-03-18 18:18:00+00:00,130.52000427246094,130.5500030517578,130.44000244140625,130.50999450683594,21531.0
2026-03-18 18:19:00+00:00,130.50999450683594,130.5800018310547,130.50999450683594,130.52000427246094,22075.0
2026-03-18 18:20:00+00:00,130.5178985595703,130.62750244140625,130.49000549316406,130.56500244140625,32984.0
2026-03-18 18:21:00+00:00,130.56500244140625,130.59500122070312,130.52999877929688,130.57000732421875,9123.0
2026-03-18 18:22:00+00:00,130.55999755859375,130.57989501953125,130.5500030517578,130.5749969482422,6321.0
2026-03-18 18:23:00+00:00,130.58999633789062,130.58999633789062,130.5,130.5,6463.0
2026-03-18 18:24:00+00:00,130.48500061035156,130.55250549316406,130.4600067138672,130.55250549316406,19808.0
2026-03-18 18:25:00+00:00,130.52999877929688,130.72000122070312,130.49000549316406,130.69000244140625,37329.0
2026-03-18 18:26:00+00:00,130.67999267578125,130.7899932861328,130.6300048828125,130.7899932861328,1859561.0
2026-03-18 18:27:00+00:00,130.77999877929688,130.8000030517578,130.74000549316406,130.7449951171875,0.0
2026-03-18 18:28:00+00:00,130.75,130.75,130.72500610351562,130.72999572753906,3873.0
2026-03-18 18:29:00+00:00,130.7550048828125,130.75999450683594,130.72000122070312,130.75,4475.0
2026-03-18 18:30:00+00:00,130.7698974609375,130.8000030517578,130.74000549316406,130.7899932861328,8902.0
2026-03-18 18:31:00+00:00,130.7899932861328,130.7899932861328,130.59500122070312,130.59500122070312,10827.0
2026-03-18 18:32:00+00:00,130.63999938964844,130.63999938964844,130.36000061035156,130.3699951171875,15896.0
2026-03-18 18:33:00+00:00,130.4199981689453,130.4499969482422,130.3000030517578,130.4499969482422,18297.0
2026-03-18 18:34:00+00:00,130.47000122070312,130.47000122070312,130.19000244140625,130.19000244140625,12218.0
2026-03-18 18:35:00+00:00,130.19500732421875,130.4499969482422,130.19500732421875,130.35000610351562,1934458.0
2026-03-18 18:36:00+00:00,130.35499572753906,130.61000061035156,130.35499572753906,130.572998046875,0.0
2026-03-18 18:37:00+00:00,130.67999267578125,130.75,130.4499969482422,130.4499969482422,11695.0
2026-03-18 18:38:00+00:00,130.47940063476562,130.47999572753906,130.3699951171875,130.38499450683594,7763.0
2026-03-18 18:39:00+00:00,130.39500427246094,130.49000549316406,130.3249969482422,130.3249969482422,15289.0
2026-03-18 18:40:00+00:00,130.30999755859375,130.39999389648438,130.2899932861328,130.39999389648438,7107.0
2026-03-18 18:41:00+00:00,130.3699951171875,130.44000244140625,130.3300018310547,130.3800048828125,8243.0
2026-03-18 18:42:00+00:00,130.39999389648438,130.51499938964844,130.39999389648438,130.49000549316406,7035.0
2026-03-18 18:43:00+00:00,130.47000122070312,130.5500030517578,130.47000122070312,130.50999450683594,8109.0
2026-03-18 18:44:00+00:00,130.52999877929688,130.52999877929688,130.4600067138672,130.4600067138672,8235.0
2026-03-18 18:45:00+00:00,130.4499969482422,130.50999450683594,130.44000244140625,130.5050048828125,9460.0
2026-03-18 18:46:00+00:00,130.5,130.50430297851562,130.4499969482422,130.50430297851562,7674.0
2026-03-18 18:47:00+00:00,130.4600067138672,130.52999877929688,130.4600067138672,130.49000549316406,5593.0
2026-03-18 18:48:00+00:00,130.5,130.5500030517578,130.5,130.5399932861328,7896.0
2026-03-18 18:49:00+00:00,130.5399932861328,130.5399932861328,130.39999389648438,130.47000122070312,13932.0
2026-03-18 18:50:00+00:00,130.4600067138672,130.47999572753906,130.38499450683594,130.38720703125,7539.0
2026-03-18 18:51:00+00:00,130.38999938964844,130.41000366210938,130.32000732421875,130.3800048828125,10174.0
2026-03-18 18:52:00+00:00,130.34500122070312,130.3699951171875,130.2100067138672,130.2100067138672,10727.0
2026-03-18 18:53:00+00:00,130.22000122070312,130.25,130.14999389648438,130.17999267578125,7482.0
2026-03-18 18:54:00+00:00,130.17999267578125,130.17999267578125,130.02499389648438,130.0399932861328,16017.0
2026-03-18 18:55:00+00:00,130.02000427246094,130.1199951171875,129.9600067138672,129.99000549316406,2098429.0
2026-03-18 18:56:00+00:00,129.99000549316406,130.01499938964844,129.9300994873047,129.99000549316406,0.0
2026-03-18 18:57:00+00:00,129.9904022216797,130.02999877929688,129.9499969482422,130.0,8490.0
2026-03-18 18:58:00+00:00,130.02000427246094,130.02999877929688,129.97000122070312,130.02999877929688,9522.0
2026-03-18 18:59:00+00:00,130.0399932861328,130.0500030517578,129.97999572753906,129.97999572753906,4511.0
2026-03-18 19:00:00+00:00,129.97500610351562,130.0850067138672,129.9499969482422,130.05999755859375,14881.0
2026-03-18 19:01:00+00:00,130.08999633789062,130.17999267578125,130.07000732421875,130.1219940185547,9030.0
2026-03-18 19:02:00+00:00,130.09500122070312,130.16000366210938,130.09500122070312,130.1300048828125,5995.0
2026-03-18 19:03:00+00:00,130.13999938964844,130.1999969482422,130.0800018310547,130.17999267578125,14251.0
2026-03-18 19:04:00+00:00,130.17999267578125,130.36000061035156,130.17999267578125,130.35499572753906,6849.0
2026-03-18 19:05:00+00:00,130.35499572753906,130.3699951171875,130.31500244140625,130.3699951171875,7594.0
2026-03-18 19:06:00+00:00,130.35000610351562,130.44000244140625,130.33999633789062,130.39999389648438,11290.0
2026-03-18 19:07:00+00:00,130.38999938964844,130.4199981689453,130.3000030517578,130.4149932861328,19624.0
2026-03-18 19:08:00+00:00,130.44000244140625,130.50999450683594,130.4102020263672,130.4949951171875,7265.0
2026-03-18 19:09:00+00:00,130.5,130.5500030517578,130.4499969482422,130.53500366210938,17362.0
2026-03-18 19:10:00+00:00,130.52000427246094,130.52000427246094,130.44000244140625,130.44000244140625,10078.0
2026-03-18 19:11:00+00:00,130.44000244140625,130.44000244140625,130.3699951171875,130.3699951171875,7852.0
2026-03-18 19:12:00+00:00,130.3800048828125,130.42999267578125,130.3000030517578,130.30999755859375,11359.0
2026-03-18 19:13:00+00:00,130.2899932861328,130.39999389648438,130.2899932861328,130.38999938964844,14354.0
2026-03-18 19:14:00+00:00,130.3800048828125,130.50999450683594,130.3800048828125,130.50999450683594,7503.0
2026-03-18 19:15:00+00:00,130.5,130.57000732421875,130.49000549316406,130.5699005126953,9757.0
2026-03-18 19:16:00+00:00,130.58360290527344,130.60000610351562,130.36000061035156,130.36000061035156,9061.0
2026-03-18 19:17:00+00:00,130.38999938964844,130.47000122070312,130.3699951171875,130.44500732421875,7570.0
2026-03-18 19:18:00+00:00,130.43800354003906,130.4550018310547,130.41000366210938,130.4499969482422,7137.0
2026-03-18 19:19:00+00:00,130.4600067138672,130.5449981689453,130.44740295410156,130.4600067138672,9143.0
2026-03-18 19:20:00+00:00,130.41000366210938,130.4600067138672,130.41000366210938,130.44000244140625,7273.0
2026-03-18 19:21:00+00:00,130.42999267578125,130.44000244140625,130.3699951171875,130.39010620117188,8322.0
2026-03-18 19:22:00+00:00,130.44000244140625,130.47999572753906,130.28500366210938,130.30169677734375,47507.0
2026-03-18 19:23:00+00:00,130.2819061279297,130.2819061279297,130.22999572753906,130.2725067138672,14107.0
2026-03-18 19:24:00+00:00,130.2550048828125,130.3300018310547,130.22999572753906,130.3000030517578,9070.0
2026-03-18 19:25:00+00:00,130.27999877929688,130.3300018310547,130.1750030517578,130.2100067138672,12181.0
2026-03-18 19:26:00+00:00,130.2050018310547,130.2050018310547,130.14999389648438,130.1649932861328,9384.0
2026-03-18 19:27:00+00:00,130.1699981689453,130.30999755859375,130.1699981689453,130.24000549316406,23474.0
2026-03-18 19:28:00+00:00,130.24000549316406,130.32000732421875,130.24000549316406,130.30999755859375,9134.0
2026-03-18 19:29:00+00:00,130.30499267578125,130.31500244140625,130.22999572753906,130.2449951171875,13663.0
2026-03-18 19:30:00+00:00,130.28500366210938,130.4217071533203,130.28500366210938,130.38499450683594,9633.0
2026-03-18 19:31:00+00:00,130.39999389648438,130.41000366210938,130.33999633789062,130.41000366210938,9704.0
2026-03-18 19:32:00+00:00,130.41000366210938,130.5500030517578,130.38999938964844,130.53500366210938,10123.0
2026-03-18 19:33:00+00:00,130.53500366210938,130.59500122070312,130.53500366210938,130.5915069580078,10983.0
2026-03-18 19:34:00+00:00,130.59500122070312,130.75,130.5843048095703,130.64999389648438,13893.0
2026-03-18 19:35:00+00:00,130.63999938964844,130.63999938964844,130.5399932861328,130.5399932861328,15595.0
2026-03-18 19:36:00+00:00,130.55999755859375,130.5800018310547,130.5019989013672,130.5019989013672,10531.0
2026-03-18 19:37:00+00:00,130.52999877929688,130.58999633789062,130.49000549316406,130.49000549316406,9484.0
2026-03-18 19:38:00+00:00,130.49000549316406,130.49000549316406,130.39999389648438,130.42999267578125,12026.0
2026-03-18 19:39:00+00:00,130.4499969482422,130.4499969482422,130.36000061035156,130.38999938964844,12141.0
2026-03-18 19:40:00+00:00,130.38499450683594,130.4600067138672,130.38499450683594,130.42999267578125,7884.0
2026-03-18 19:41:00+00:00,130.4300994873047,130.4300994873047,130.35000610351562,130.3699951171875,37162.0
2026-03-18 19:42:00+00:00,130.39999389648438,130.42999267578125,130.3699951171875,130.42999267578125,6032.0
2026-03-18 19:43:00+00:00,130.42999267578125,130.42999267578125,130.3350067138672,130.36000061035156,11606.0
2026-03-18 19:44:00+00:00,130.3699951171875,130.4199981689453,130.3000030517578,130.36099243164062,14615.0
2026-03-18 19:45:00+00:00,130.36000061035156,130.3699951171875,130.3000030517578,130.3699951171875,14386.0
2026-03-18 19:46:00+00:00,130.38999938964844,130.47999572753906,130.3831024169922,130.47000122070312,7867.0
2026-03-18 19:47:00+00:00,130.47000122070312,130.47000122070312,130.3800048828125,130.3800048828125,12582.0
2026-03-18 19:48:00+00:00,130.39999389648438,130.39999389648438,130.3592987060547,130.3800048828125,9720.0
2026-03-18 19:49:00+00:00,130.39999389648438,130.4199981689453,130.3699951171875,130.3800048828125,15132.0
2026-03-18 19:50:00+00:00,130.4499969482422,130.57000732421875,130.4499969482422,130.52000427246094,14834.0
2026-03-18 19:51:00+00:00,130.52999877929688,130.5800018310547,130.47999572753906,130.48500061035156,20881.0
2026-03-18 19:52:00+00:00,130.49000549316406,130.52999877929688,130.47000122070312,130.47000122070312,19741.0
2026-03-18 19:53:00+00:00,130.47500610351562,130.5,130.42999267578125,130.5,29635.0
2026-03-18 19:54:00+00:00,130.49000549316406,130.49000549316406,130.27999877929688,130.3350067138672,28151.0
2026-03-18 19:55:00+00:00,130.32000732421875,130.41000366210938,130.1999969482422,130.41000366210938,47137.0
2026-03-18 19:56:00+00:00,130.41000366210938,130.44000244140625,130.38999938964844,130.4199981689453,34150.0
2026-03-18 19:57:00+00:00,130.42999267578125,130.5399932861328,130.4250030517578,130.49000549316406,57635.0
2026-03-18 19:58:00+00:00,130.5,130.52999877929688,130.42999267578125,130.50999450683594,90829.0
2026-03-18 19:59:00+00:00,130.50999450683594,130.5399932861328,130.39999389648438,130.44000244140625,226069.0
2026-03-19 13:30:00+00:00,129.13999938964844,130.0,128.90049743652344,129.83999633789062,166600.0
2026-03-19 13:31:00+00:00,129.83999633789062,130.07000732421875,129.44000244140625,129.55999755859375,19795.0
2026-03-19 13:32:00+00:00,129.49000549316406,130.11000061035156,129.47999572753906,129.74000549316406,20621.0
2026-03-19 13:33:00+00:00,129.7100067138672,130.0,129.5500030517578,130.0,16203.0
2026-03-19 13:34:00+00:00,129.99000549316406,129.99000549316406,129.67999267578125,129.9600067138672,12624.0
2026-03-19 13:35:00+00:00,129.94000244140625,129.97000122070312,129.66000366210938,129.66000366210938,15479.0
2026-03-19 13:36:00+00:00,129.7100067138672,129.92999267578125,129.69000244140625,129.92999267578125,12013.0
2026-03-19 13:37:00+00:00,129.92999267578125,130.16000366210938,129.84500122070312,130.16000366210938,14674.0
2026-03-19 13:38:00+00:00,130.1300048828125,130.3800048828125,130.05999755859375,130.3300018310547,11547.0
2026-03-19 13:39:00+00:00,130.25999450683594,130.39999389648438,130.22999572753906,130.32000732421875,7194.0
2026-03-19 13:40:00+00:00,130.32000732421875,130.5,130.31500244140625,130.36000061035156,14378.0
2026-03-19 13:41:00+00:00,130.36000061035156,130.74000549316406,130.36000061035156,130.6999969482422,20266.0
2026-03-19 13:42:00+00:00,130.625,130.74000549316406,130.5449981689453,130.5449981689453,163965.0
2026-03-19 13:43:00+00:00,130.52000427246094,130.63999938964844,130.4499969482422,130.63999938964844,0.0
2026-03-19 13:44:00+00:00,130.63999938964844,130.72000122070312,130.47999572753906,130.6199951171875,15923.0
2026-03-19 13:45:00+00:00,130.6199951171875,130.86000061035156,130.57000732421875,130.78500366210938,19129.0
2026-03-19 13:46:00+00:00,130.82000732421875,130.99000549316406,130.72000122070312,130.75,20447.0
2026-03-19 13:47:00+00:00,130.72000122070312,130.99000549316406,130.72000122070312,130.89500427246094,18810.0
2026-03-19 13:48:00+00:00,130.89999389648438,131.38999938964844,130.89999389648438,131.3300018310547,25731.0
2026-03-19 13:49:00+00:00,131.2949981689453,131.3800048828125,131.1750030517578,131.3800048828125,27747.0
2026-03-19 13:50:00+00:00,131.3699951171875,131.5449981689453,131.3699951171875,131.5449981689453,17822.0
2026-03-19 13:51:00+00:00,131.47999572753906,131.47999572753906,131.27000427246094,131.2700958251953,14366.0
2026-03-19 13:52:00+00:00,131.3300018310547,131.35000610351562,131.22000122070312,131.22500610351562,10125.0
2026-03-19 13:53:00+00:00,131.22999572753906,131.33999633789062,131.19000244140625,131.22999572753906,10778.0
2026-03-19 13:54:00+00:00,131.24000549316406,131.6649932861328,131.1999969482422,131.625,20015.0
2026-03-19 13:55:00+00:00,131.6199951171875,131.64500427246094,131.02499389648438,131.02499389648438,38794.0
2026-03-19 13:56:00+00:00,131.0500030517578,131.08999633789062,130.8300018310547,130.97999572753906,21477.0
2026-03-19 13:57:00+00:00,131.0,131.00999450683594,130.6999969482422,130.8300018310547,41706.0
2026-03-19 13:58:00+00:00,130.77999877929688,130.88999938964844,130.75,130.8800048828125,9915.0
2026-03-19 13:59:00+00:00,130.88999938964844,131.0500030517578,130.88999938964844,131.0500030517578,6142.0
2026-03-19 14:00:00+00:00,131.02999877929688,131.66000366210938,130.9600067138672,131.57000732421875,43438.0
2026-03-19 14:01:00+00:00,131.57000732421875,131.64500427246094,131.1999969482422,131.22500610351562,371829.0
2026-03-19 14:02:00+00:00,131.21499633789062,131.3300018310547,131.11000061035156,131.27499389648438,0.0
2026-03-19 14:03:00+00:00,131.30499267578125,131.30499267578125,131.1699981689453,131.1699981689453,9841.0
2026-03-19 14:04:00+00:00,131.1750030517578,131.3300018310547,131.08999633789062,131.13499450683594,19618.0
2026-03-19 14:05:00+00:00,131.19000244140625,131.5,131.19000244140625,131.4199981689453,395846.0
2026-03-19 14:06:00+00:00,131.4250030517578,131.42999267578125,131.22999572753906,131.2779998779297,0.0
2026-03-19 14:07:00+00:00,131.32000732421875,131.44000244140625,131.2949981689453,131.35000610351562,18891.0
2026-03-19 14:08:00+00:00,131.3699951171875,131.44000244140625,131.30999755859375,131.4199981689453,430704.0
2026-03-19 14:09:00+00:00,131.375,131.46499633789062,131.35000610351562,131.41600036621094,0.0
2026-03-19 14:10:00+00:00,131.38999938964844,131.38999938964844,131.1999969482422,131.22000122070312,14771.0
2026-03-19 14:11:00+00:00,131.25999450683594,131.63999938964844,131.24000549316406,131.63999938964844,24399.0
2026-03-19 14:12:00+00:00,131.69000244140625,131.77999877929688,131.5500030517578,131.67999267578125,11971.0
2026-03-19 14:13:00+00:00,131.6699981689453,131.67999267578125,131.32000732421875,131.35000610351562,14805.0
2026-03-19 14:14:00+00:00,131.36500549316406,131.47999572753906,131.33999633789062,131.3699951171875,8495.0
2026-03-19 14:15:00+00:00,131.30999755859375,131.42999267578125,131.2899932861328,131.33999633789062,10759.0
2026-03-19 14:16:00+00:00,131.30999755859375,131.3800048828125,131.2100067138672,131.3769989013672,513447.0
2026-03-19 14:17:00+00:00,131.42999267578125,131.5,131.36000061035156,131.4550018310547,15305.0
2026-03-19 14:18:00+00:00,131.4600067138672,131.67999267578125,131.4600067138672,131.67999267578125,25456.0
2026-03-19 14:19:00+00:00,131.66000366210938,131.77000427246094,131.5800018310547,131.66000366210938,36727.0
2026-03-19 14:20:00+00:00,131.64999389648438,131.7899932861328,131.50999450683594,131.7050018310547,17664.0
2026-03-19 14:21:00+00:00,131.7050018310547,131.78500366210938,131.54080200195312,131.5800018310547,0.0
2026-03-19 14:22:00+00:00,131.61000061035156,131.69000244140625,131.4600067138672,131.47000122070312,11411.0
2026-03-19 14:23:00+00:00,131.4499969482422,131.5449981689453,131.39999389648438,131.5449981689453,5303.0
2026-03-19 14:24:00+00:00,131.5800018310547,131.6199951171875,131.5050048828125,131.55999755859375,8432.0
2026-03-19 14:25:00+00:00,131.57000732421875,131.6300048828125,131.41000366210938,131.4600067138672,557464.0
2026-03-19 14:26:00+00:00,131.4199981689453,131.52999877929688,131.22000122070312,131.36000061035156,50232.0
2026-03-19 14:27:00+00:00,131.4250030517578,131.5399932861328,131.36000061035156,131.36000061035156,0.0
2026-03-19 14:28:00+00:00,131.38499450683594,131.39999389648438,131.22000122070312,131.3000030517578,586272.0
2026-03-19 14:29:00+00:00,131.27999877929688,131.3000030517578,131.14999389648438,131.28500366210938,0.0
2026-03-19 14:30:00+00:00,131.2899932861328,131.36000061035156,131.1999969482422,131.3249969482422,7512.0
2026-03-19 14:31:00+00:00,131.27999877929688,131.38999938964844,131.27000427246094,131.38999938964844,8067.0
2026-03-19 14:32:00+00:00,131.38999938964844,131.61000061035156,131.38999938964844,131.43499755859375,606463.0
2026-03-19 14:33:00+00:00,131.3699951171875,131.42999267578125,131.3000030517578,131.4199981689453,11923.0
2026-03-19 14:34:00+00:00,131.42999267578125,131.49000549316406,131.3000946044922,131.38999938964844,0.0
2026-03-19 14:35:00+00:00,131.38999938964844,131.4199981689453,131.22000122070312,131.33999633789062,639159.0
2026-03-19 14:36:00+00:00,131.3524932861328,131.3524932861328,131.18499755859375,131.2449951171875,0.0
2026-03-19 14:37:00+00:00,131.32000732421875,131.3249969482422,131.14999389648438,131.14999389648438,633168.0
2026-03-19 14:38:00+00:00,131.14999389648438,131.2100067138672,131.10220336914062,131.2100067138672,0.0
2026-03-19 14:39:00+00:00,131.1699981689453,131.2899932861328,131.10000610351562,131.25999450683594,29683.0
2026-03-19 14:40:00+00:00,131.22999572753906,131.52000427246094,131.22000122070312,131.3699951171875,21239.0
2026-03-19 14:41:00+00:00,131.4600067138672,131.46499633789062,131.3300018310547,131.35000610351562,685391.0
2026-03-19 14:42:00+00:00,131.33999633789062,131.33999633789062,130.86000061035156,130.8773956298828,0.0
2026-03-19 14:43:00+00:00,130.9199981689453,131.0399932861328,130.91000366210938,130.99000549316406,712778.0
2026-03-19 14:44:00+00:00,131.02999877929688,131.08999633789062,131.0,131.02000427246094,29359.0
2026-03-19 14:45:00+00:00,130.97000122070312,131.09500122070312,130.97000122070312,130.9949951171875,0.0
2026-03-19 14:46:00+00:00,131.0050048828125,131.02000427246094,130.82000732421875,130.82000732421875,771964.0
2026-03-19 14:47:00+00:00,130.85499572753906,130.8699951171875,130.77999877929688,130.80999755859375,0.0
2026-03-19 14:48:00+00:00,130.83999633789062,130.9199981689453,130.80499267578125,130.85000610351562,8781.0
2026-03-19 14:49:00+00:00,130.86000061035156,130.9600067138672,130.82000732421875,130.9600067138672,760623.0
2026-03-19 14:50:00+00:00,130.94000244140625,131.0,130.89999389648438,130.9600067138672,0.0
2026-03-19 14:51:00+00:00,130.9499969482422,130.9499969482422,130.8300018310547,130.89999389648438,8098.0
2026-03-19 14:52:00+00:00,130.88499450683594,130.88499450683594,130.7100067138672,130.77000427246094,15033.0
2026-03-19 14:53:00+00:00,130.75,130.8800048828125,130.75,130.83999633789062,6861.0
2026-03-19 14:54:00+00:00,130.85000610351562,130.94500732421875,130.7899932861328,130.875,9192.0
2026-03-19 14:55:00+00:00,130.86000061035156,130.9149932861328,130.85000610351562,130.85000610351562,784160.0
2026-03-19 14:56:00+00:00,130.8800048828125,130.9199981689453,130.8300018310547,130.89999389648438,0.0
2026-03-19 14:57:00+00:00,130.85000610351562,130.9499969482422,130.83999633789062,130.86000061035156,7130.0
2026-03-19 14:58:00+00:00,130.88999938964844,130.99000549316406,130.8800048828125,130.92999267578125,7820.0
2026-03-19 14:59:00+00:00,130.8800048828125,130.9199981689453,130.8800048828125,130.91000366210938,7064.0
2026-03-19 15:00:00+00:00,130.89999389648438,131.0,130.88999938964844,130.92999267578125,12841.0
2026-03-19 15:01:00+00:00,130.9600067138672,131.00999450683594,130.9499969482422,130.97500610351562,4869.0
2026-03-19 15:02:00+00:00,130.97000122070312,131.02000427246094,130.89010620117188,131.0,10414.0
2026-03-19 15:03:00+00:00,131.0,131.0,130.85000610351562,130.88999938964844,10665.0
2026-03-19 15:04:00+00:00,130.88999938964844,130.88999938964844,130.8000030517578,130.8300018310547,824438.0
2026-03-19 15:05:00+00:00,130.8249969482422,131.0,130.77000427246094,131.0,15987.0
2026-03-19 15:06:00+00:00,130.96499633789062,131.17999267578125,130.96499633789062,131.1750030517578,0.0
2026-03-19 15:07:00+00:00,131.17999267578125,131.22999572753906,130.92999267578125,130.93499755859375,21167.0
2026-03-19 15:08:00+00:00,130.91000366210938,131.0,130.88999938964844,130.97500610351562,17111.0
2026-03-19 15:09:00+00:00,130.9499969482422,131.00999450683594,130.8300018310547,131.00999450683594,10796.0
2026-03-19 15:10:00+00:00,131.00999450683594,131.19000244140625,131.0,131.0800018310547,900346.0
2026-03-19 15:11:00+00:00,131.07000732421875,131.07000732421875,130.9145965576172,130.9600067138672,0.0
2026-03-19 15:12:00+00:00,130.97999572753906,131.07989501953125,130.9600067138672,131.00999450683594,10836.0
2026-03-19 15:13:00+00:00,131.0500030517578,131.0500030517578,130.97000122070312,131.02999877929688,24615.0
2026-03-19 15:14:00+00:00,131.02999877929688,131.11000061035156,131.0,131.08999633789062,22316.0
2026-03-19 15:15:00+00:00,131.08999633789062,131.13999938964844,131.02499389648438,131.0800018310547,10367.0
2026-03-19 15:16:00+00:00,131.10159301757812,131.14500427246094,131.01499938964844,131.14500427246094,906341.0
2026-03-19 15:17:00+00:00,131.19000244140625,131.1999969482422,130.82000732421875,130.82000732421875,0.0
2026-03-19 15:18:00+00:00,130.8350067138672,130.8350067138672,130.74000549316406,130.77000427246094,3894.0
2026-03-19 15:19:00+00:00,130.72999572753906,130.72999572753906,130.57000732421875,130.5800018310547,14920.0
2026-03-19 15:20:00+00:00,130.625,130.6699981689453,130.60000610351562,130.60000610351562,3839.0
2026-03-19 15:21:00+00:00,130.6199951171875,130.77999877929688,130.6199951171875,130.69500732421875,932434.0
2026-03-19 15:22:00+00:00,130.69500732421875,130.80999755859375,130.67999267578125,130.75,0.0
2026-03-19 15:23:00+00:00,130.71499633789062,130.71499633789062,130.52999877929688,130.69000244140625,29951.0
2026-03-19 15:24:00+00:00,130.67999267578125,130.7100067138672,130.5800018310547,130.58999633789062,4922.0
2026-03-19 15:25:00+00:00,130.59500122070312,130.64500427246094,130.52000427246094,130.64500427246094,6850.0
2026-03-19 15:26:00+00:00,130.64999389648438,130.77999877929688,130.5800018310547,130.72500610351562,6738.0
2026-03-19 15:27:00+00:00,130.74000549316406,130.74000549316406,130.6199951171875,130.73500061035156,6419.0
2026-03-19 15:28:00+00:00,130.8000030517578,130.8000030517578,130.7100067138672,130.71499633789062,951539.0
2026-03-19 15:29:00+00:00,130.72000122070312,130.8000030517578,130.6999969482422,130.7100067138672,0.0
2026-03-19 15:30:00+00:00,130.67999267578125,130.82000732421875,130.6750030517578,130.77000427246094,3901.0
2026-03-19 15:31:00+00:00,130.73500061035156,130.75,130.6699981689453,130.6999969482422,5192.0
2026-03-19 15:32:00+00:00,130.69000244140625,130.7899932861328,130.69000244140625,130.7550048828125,5222.0
2026-03-19 15:33:00+00:00,130.72000122070312,130.74249267578125,130.60000610351562,130.63999938964844,979908.0
2026-03-19 15:34:00+00:00,130.63999938964844,130.69500732421875,130.6199951171875,130.69500732421875,0.0
2026-03-19 15:35:00+00:00,130.69500732421875,130.75,130.60000610351562,130.6071014404297,979706.0
2026-03-19 15:36:00+00:00,130.61000061035156,130.63999938964844,130.52000427246094,130.56500244140625,12034.0
2026-03-19 15:37:00+00:00,130.57000732421875,130.57000732421875,130.42999267578125,130.42999267578125,0.0
2026-03-19 15:38:00+00:00,130.4499969482422,130.66000366210938,130.4499969482422,130.66000366210938,6924.0
2026-03-19 15:39:00+00:00,130.63999938964844,130.72999572753906,130.60000610351562,130.69500732421875,3528.0
2026-03-19 15:40:00+00:00,130.73500061035156,130.75999450683594,130.6699981689453,130.74000549316406,4497.0
2026-03-19 15:41:00+00:00,130.74000549316406,130.8000030517578,130.6999969482422,130.7550048828125,6290.0
2026-03-19 15:42:00+00:00,130.74000549316406,130.77000427246094,130.6999969482422,130.7698974609375,8445.0
2026-03-19 15:43:00+00:00,130.75,130.9600067138672,130.75,130.89999389648438,12155.0
2026-03-19 15:44:00+00:00,130.9499969482422,130.97000122070312,130.86000061035156,130.86000061035156,5817.0
2026-03-19 15:45:00+00:00,130.86500549316406,130.88999938964844,130.77000427246094,130.80999755859375,7860.0
2026-03-19 15:46:00+00:00,130.8300018310547,130.88999938964844,130.8000030517578,130.8300018310547,5900.0
2026-03-19 15:47:00+00:00,130.86000061035156,130.88999938964844,130.77000427246094,130.80499267578125,5518.0
2026-03-19 15:48:00+00:00,130.7949981689453,130.9600067138672,130.7949981689453,130.9600067138672,7843.0
2026-03-19 15:49:00+00:00,130.93499755859375,131.0,130.93499755859375,130.97000122070312,7077.0
2026-03-19 15:50:00+00:00,130.94500732421875,130.9499969482422,130.86500549316406,130.9499969482422,6253.0
2026-03-19 15:51:00+00:00,130.9550018310547,131.02000427246094,130.9550018310547,131.00999450683594,5685.0
2026-03-19 15:52:00+00:00,131.02000427246094,131.14500427246094,130.94000244140625,131.11000061035156,12282.0
2026-03-19 15:53:00+00:00,131.1199951171875,131.24000549316406,131.1199951171875,131.19500732421875,7844.0
2026-03-19 15:54:00+00:00,131.19500732421875,131.2100067138672,131.08999633789062,131.11000061035156,5286.0
2026-03-19 15:55:00+00:00,131.1300048828125,131.22999572753906,131.0399932861328,131.1699981689453,20282.0
2026-03-19 15:56:00+00:00,131.1750030517578,131.3800048828125,131.1699981689453,131.25,14005.0
2026-03-19 15:57:00+00:00,131.26499938964844,131.30999755859375,131.22000122070312,131.27999877929688,1136092.0
2026-03-19 15:58:00+00:00,131.27999877929688,131.39999389648438,131.24000549316406,131.39500427246094,0.0
2026-03-19 15:59:00+00:00,131.3699951171875,131.39999389648438,131.30499267578125,131.32749938964844,15439.0
2026-03-19 16:00:00+00:00,131.30999755859375,131.3699951171875,131.25999450683594,131.3249969482422,11039.0
2026-03-19 16:01:00+00:00,131.32000732421875,131.41000366210938,131.27499389648438,131.36500549316406,8257.0
2026-03-19 16:02:00+00:00,131.39999389648438,131.39999389648438,131.25010681152344,131.3560028076172,19721.0
2026-03-19 16:03:00+00:00,131.3699951171875,131.41000366210938,131.3300018310547,131.41000366210938,5174.0
2026-03-19 16:04:00+00:00,131.39999389648438,131.4499969482422,131.30999755859375,131.3300018310547,9658.0
2026-03-19 16:05:00+00:00,131.34500122070312,131.4149932861328,131.29080200195312,131.4149932861328,10695.0
2026-03-19 16:06:00+00:00,131.38499450683594,131.39999389648438,131.35000610351562,131.38499450683594,9094.0
2026-03-19 16:07:00+00:00,131.35000610351562,131.5321044921875,131.32000732421875,131.49000549316406,13129.0
2026-03-19 16:08:00+00:00,131.4499969482422,131.4499969482422,131.3300018310547,131.3677978515625,7245.0
2026-03-19 16:09:00+00:00,131.3101043701172,131.4499969482422,131.3000030517578,131.36500549316406,8775.0
2026-03-19 16:10:00+00:00,131.375,131.43499755859375,131.27999877929688,131.3000030517578,16251.0
2026-03-19 16:11:00+00:00,131.30499267578125,131.3800048828125,131.25,131.3300018310547,14238.0
2026-03-19 16:12:00+00:00,131.30999755859375,131.41000366210938,131.2100067138672,131.38999938964844,10249.0
2026-03-19 16:13:00+00:00,131.36000061035156,131.36000061035156,131.22000122070312,131.22000122070312,5722.0
2026-03-19 16:14:00+00:00,131.22500610351562,131.25999450683594,131.19000244140625,131.2050018310547,9506.0
2026-03-19 16:15:00+00:00,131.2050018310547,131.25999450683594,131.14500427246094,131.14999389648438,7710.0
2026-03-19 16:16:00+00:00,131.14500427246094,131.19000244140625,131.05999755859375,131.10000610351562,9249.0
2026-03-19 16:17:00+00:00,131.11000061035156,131.16990661621094,131.10000610351562,131.125,5276.0
2026-03-19 16:18:00+00:00,131.11000061035156,131.1649932861328,131.08999633789062,131.13999938964844,4259.0
2026-03-19 16:19:00+00:00,131.19000244140625,131.1999969482422,131.10499572753906,131.1300048828125,3970.0
2026-03-19 16:20:00+00:00,131.1199951171875,131.22999572753906,131.1199951171875,131.14999389648438,1219952.0
2026-03-19 16:21:00+00:00,131.14999389648438,131.17999267578125,131.12010192871094,131.15499877929688,0.0
2026-03-19 16:22:00+00:00,131.1199951171875,131.1300048828125,131.0500030517578,131.05999755859375,8817.0
2026-03-19 16:23:00+00:00,131.0800018310547,131.24000549316406,131.0399932861328,131.1999969482422,10368.0
2026-03-19 16:24:00+00:00,131.19630432128906,131.2899932861328,131.19630432128906,131.25999450683594,17294.0
2026-03-19 16:25:00+00:00,131.30999755859375,131.32870483398438,131.25999450683594,131.27000427246094,12139.0
2026-03-19 16:26:00+00:00,131.26629638671875,131.47000122070312,131.26629638671875,131.4600067138672,6047.0
2026-03-19 16:27:00+00:00,131.4600067138672,131.49000549316406,131.40960693359375,131.44000244140625,15218.0
2026-03-19 16:28:00+00:00,131.44000244140625,131.44000244140625,131.22999572753906,131.32000732421875,8526.0
2026-03-19 16:29:00+00:00,131.31500244140625,131.38999938964844,131.2899932861328,131.35499572753906,11401.0
2026-03-19 16:30:00+00:00,131.33999633789062,131.38999938964844,131.33999633789062,131.38999938964844,7713.0
2026-03-19 16:31:00+00:00,131.39500427246094,131.39500427246094,131.27999877929688,131.32000732421875,10732.0
2026-03-19 16:32:00+00:00,131.3249969482422,131.4199981689453,131.30999755859375,131.35000610351562,10249.0
2026-03-19 16:33:00+00:00,131.36000061035156,131.41000366210938,131.3000030517578,131.40499877929688,7338.0
2026-03-19 16:34:00+00:00,131.40499877929688,131.47000122070312,131.40499877929688,131.42999267578125,8712.0
2026-03-19 16:35:00+00:00,131.3800048828125,131.44000244140625,131.27999877929688,131.30499267578125,26029.0
2026-03-19 16:36:00+00:00,131.30499267578125,131.4499969482422,131.30499267578125,131.4499969482422,7337.0
2026-03-19 16:37:00+00:00,131.41000366210938,131.5,131.41000366210938,131.4499969482422,9309.0
2026-03-19 16:38:00+00:00,131.44000244140625,131.5800018310547,131.44000244140625,131.5800018310547,4155.0
2026-03-19 16:39:00+00:00,131.61000061035156,131.6300048828125,131.52000427246094,131.55499267578125,7266.0
2026-03-19 16:40:00+00:00,131.55499267578125,131.57000732421875,131.4600067138672,131.5500030517578,10610.0
2026-03-19 16:41:00+00:00,131.58999633789062,131.6199951171875,131.52000427246094,131.5399932861328,9098.0
2026-03-19 16:42:00+00:00,131.55999755859375,131.63999938964844,131.5500030517578,131.5500030517578,1302461.0
2026-03-19 16:43:00+00:00,131.5399932861328,131.5800018310547,131.49000549316406,131.56500244140625,0.0
2026-03-19 16:44:00+00:00,131.55999755859375,131.60000610351562,131.5399932861328,131.59500122070312,6203.0
2026-03-19 16:45:00+00:00,131.61000061035156,131.61000061035156,131.4199981689453,131.4600067138672,16063.0
2026-03-19 16:46:00+00:00,131.46499633789062,131.52000427246094,131.42999267578125,131.4949951171875,3012.0
2026-03-19 16:47:00+00:00,131.52999877929688,131.5500030517578,131.39999389648438,131.4149932861328,11458.0
2026-03-19 16:48:00+00:00,131.3699951171875,131.38499450683594,131.27999877929688,131.27999877929688,5290.0
2026-03-19 16:49:00+00:00,131.3000030517578,131.3000030517578,131.22000122070312,131.27000427246094,5739.0
2026-03-19 16:50:00+00:00,131.2100067138672,131.24000549316406,131.1199951171875,131.13499450683594,7694.0
2026-03-19 16:51:00+00:00,131.13499450683594,131.13499450683594,130.89999389648438,130.89999389648438,10530.0
2026-03-19 16:52:00+00:00,130.92999267578125,130.9600067138672,130.80999755859375,130.8350067138672,14821.0
2026-03-19 16:53:00+00:00,130.8350067138672,130.99000549316406,130.8300018310547,130.99000549316406,8894.0
2026-03-19 16:54:00+00:00,130.97000122070312,131.0500030517578,130.89999389648438,131.0399932861328,6212.0
2026-03-19 16:55:00+00:00,131.0449981689453,131.0800018310547,131.00999450683594,131.06610107421875,6950.0
2026-03-19 16:56:00+00:00,131.0500030517578,131.11000061035156,131.03050231933594,131.11000061035156,8734.0
2026-03-19 16:57:00+00:00,131.11000061035156,131.16000366210938,131.11000061035156,131.1199951171875,5231.0
2026-03-19 16:58:00+00:00,131.11500549316406,131.1199951171875,131.02999877929688,131.08999633789062,11968.0
2026-03-19 16:59:00+00:00,131.0749969482422,131.1199951171875,131.07000732421875,131.10499572753906,7083.0
2026-03-19 17:00:00+00:00,131.08999633789062,131.19000244140625,131.08999633789062,131.19000244140625,6308.0
2026-03-19 17:01:00+00:00,131.11000061035156,131.11000061035156,131.0,131.05999755859375,4195.0
2026-03-19 17:02:00+00:00,131.08999633789062,131.10000610351562,130.99000549316406,131.0,39942.0
2026-03-19 17:03:00+00:00,131.0,131.0500030517578,130.97999572753906,131.0,4827.0
2026-03-19 17:04:00+00:00,130.99000549316406,131.02000427246094,130.95010375976562,130.9949951171875,5500.0
2026-03-19 17:05:00+00:00,130.97000122070312,130.99000549316406,130.89999389648438,130.9250030517578,6471.0
2026-03-19 17:06:00+00:00,130.89999389648438,130.92999267578125,130.8699951171875,130.9199981689453,5293.0
2026-03-19 17:07:00+00:00,130.9250030517578,130.9499969482422,130.85000610351562,130.88999938964844,4704.0
2026-03-19 17:08:00+00:00,130.85569763183594,130.8699951171875,130.8300018310547,130.83999633789062,6963.0
2026-03-19 17:09:00+00:00,130.82000732421875,130.8699951171875,130.77999877929688,130.8699951171875,16513.0
2026-03-19 17:10:00+00:00,130.85000610351562,130.97999572753906,130.8300018310547,130.94000244140625,9317.0
2026-03-19 17:11:00+00:00,130.94000244140625,130.9499969482422,130.91000366210938,130.91009521484375,5938.0
2026-03-19 17:12:00+00:00,130.92999267578125,131.0399932861328,130.89999389648438,131.0,8516.0
2026-03-19 17:13:00+00:00,130.99000549316406,130.9949951171875,130.94000244140625,130.9600067138672,5651.0
2026-03-19 17:14:00+00:00,130.99000549316406,130.99000549316406,130.88999938964844,130.9499969482422,5038.0
2026-03-19 17:15:00+00:00,130.94979858398438,130.97999572753906,130.85499572753906,130.90499877929688,8102.0
2026-03-19 17:16:00+00:00,130.89999389648438,131.03500366210938,130.89999389648438,131.03500366210938,11119.0
2026-03-19 17:17:00+00:00,131.0399932861328,131.0500030517578,130.92999267578125,131.0500030517578,12499.0
2026-03-19 17:18:00+00:00,131.05999755859375,131.2198944091797,131.05999755859375,131.2198944091797,5053.0
2026-03-19 17:19:00+00:00,131.22000122070312,131.27000427246094,131.2100067138672,131.27000427246094,4162.0
2026-03-19 17:20:00+00:00,131.25,131.27000427246094,131.14999389648438,131.2100067138672,6670.0
2026-03-19 17:21:00+00:00,131.2100067138672,131.2550048828125,131.1916046142578,131.22999572753906,6969.0
2026-03-19 17:22:00+00:00,131.19500732421875,131.25999450683594,131.1699981689453,131.23500061035156,6330.0
2026-03-19 17:23:00+00:00,131.25,131.39999389648438,131.25,131.3800048828125,7501.0
2026-03-19 17:24:00+00:00,131.36810302734375,131.38999938964844,131.35009765625,131.3800048828125,2779.0
2026-03-19 17:25:00+00:00,131.35000610351562,131.4199981689453,131.35000610351562,131.3800048828125,9149.0
2026-03-19 17:26:00+00:00,131.3699951171875,131.41000366210938,131.30999755859375,131.41000366210938,11616.0
2026-03-19 17:27:00+00:00,131.3699951171875,131.44000244140625,131.3300018310547,131.44000244140625,11985.0
2026-03-19 17:28:00+00:00,131.4499969482422,131.4499969482422,131.36000061035156,131.3800048828125,9710.0
2026-03-19 17:29:00+00:00,131.3800048828125,131.39999389648438,131.3300018310547,131.36500549316406,11347.0
2026-03-19 17:30:00+00:00,131.375,131.44000244140625,131.35009765625,131.38999938964844,13174.0
2026-03-19 17:31:00+00:00,131.35000610351562,131.49000549316406,131.35000610351562,131.39500427246094,9494.0
2026-03-19 17:32:00+00:00,131.39500427246094,131.41000366210938,131.32000732421875,131.33999633789062,8403.0
2026-03-19 17:33:00+00:00,131.33999633789062,131.34500122070312,131.2100067138672,131.21499633789062,13387.0
2026-03-19 17:34:00+00:00,131.19500732421875,131.3699951171875,131.19000244140625,131.33999633789062,13728.0
2026-03-19 17:35:00+00:00,131.31500244140625,131.31500244140625,131.14999389648438,131.14999389648438,6264.0
2026-03-19 17:36:00+00:00,131.16000366210938,131.17999267578125,131.10000610351562,131.17999267578125,11410.0
2026-03-19 17:37:00+00:00,131.15499877929688,131.17999267578125,131.1199951171875,131.1199951171875,3783.0
2026-03-19 17:38:00+00:00,131.13499450683594,131.1699981689453,131.1300048828125,131.1699981689453,7729.0
2026-03-19 17:39:00+00:00,131.14999389648438,131.14999389648438,131.07000732421875,131.11000061035156,15858.0
2026-03-19 17:40:00+00:00,131.0749969482422,131.0800018310547,131.02000427246094,131.03030395507812,8047.0
2026-03-19 17:41:00+00:00,131.02999877929688,131.08999633789062,130.99000549316406,131.08999633789062,8347.0
2026-03-19 17:42:00+00:00,131.07000732421875,131.08999633789062,130.99000549316406,130.99000549316406,6269.0
2026-03-19 17:43:00+00:00,131.02499389648438,131.11000061035156,130.99000549316406,131.11000061035156,16486.0
2026-03-19 17:44:00+00:00,131.09500122070312,131.16000366210938,131.01939392089844,131.0399932861328,7263.0
2026-03-19 17:45:00+00:00,131.0749969482422,131.1300048828125,131.0500030517578,131.10000610351562,7170.0
2026-03-19 17:46:00+00:00,131.10000610351562,131.11500549316406,131.02000427246094,131.05999755859375,10551.0
2026-03-19 17:47:00+00:00,131.0399932861328,131.0500030517578,130.99000549316406,131.0500030517578,6226.0
2026-03-19 17:48:00+00:00,131.02499389648438,131.0500030517578,130.9499969482422,131.0,8127.0
2026-03-19 17:49:00+00:00,131.02000427246094,131.02000427246094,130.94009399414062,131.0,11375.0
2026-03-19 17:50:00+00:00,131.0,131.11000061035156,131.0,131.11000061035156,21301.0
2026-03-19 17:51:00+00:00,131.1199951171875,131.14999389648438,131.03500366210938,131.11500549316406,10552.0
2026-03-19 17:52:00+00:00,131.11000061035156,131.3000030517578,131.11000061035156,131.27999877929688,8542.0
2026-03-19 17:53:00+00:00,131.32000732421875,131.32000732421875,131.1199951171875,131.1300048828125,13735.0
2026-03-19 17:54:00+00:00,131.11000061035156,131.19000244140625,131.08999633789062,131.19000244140625,6754.0
2026-03-19 17:55:00+00:00,131.16000366210938,131.16000366210938,131.11000061035156,131.16000366210938,5324.0
2026-03-19 17:56:00+00:00,131.13499450683594,131.13999938964844,131.09039306640625,131.11500549316406,5907.0
2026-03-19 17:57:00+00:00,131.11500549316406,131.25,131.11500549316406,131.17999267578125,7804.0
2026-03-19 17:58:00+00:00,131.22000122070312,131.22000122070312,131.13999938964844,131.15499877929688,4322.0
2026-03-19 17:59:00+00:00,131.16000366210938,131.17999267578125,131.14120483398438,131.15499877929688,5279.0
2026-03-19 18:00:00+00:00,131.1300048828125,131.1300048828125,130.97999572753906,131.0,9405.0
2026-03-19 18:01:00+00:00,131.02000427246094,131.0500030517578,130.98399353027344,131.03500366210938,4520.0
2026-03-19 18:02:00+00:00,131.0,131.0500030517578,130.9600067138672,130.985107421875,12143.0
2026-03-19 18:03:00+00:00,130.97999572753906,130.97999572753906,130.7449951171875,130.7449951171875,10594.0
2026-03-19 18:04:00+00:00,130.77999877929688,130.9199981689453,130.77999877929688,130.875,10681.0
2026-03-19 18:05:00+00:00,130.91000366210938,131.07000732421875,130.91000366210938,131.07000732421875,6078.0
2026-03-19 18:06:00+00:00,131.0500030517578,131.11000061035156,131.01499938964844,131.02000427246094,7991.0
2026-03-19 18:07:00+00:00,131.0,131.06500244140625,130.94500732421875,131.0449981689453,10313.0
2026-03-19 18:08:00+00:00,131.0449981689453,131.08999633789062,131.0449981689453,131.05999755859375,3814.0
2026-03-19 18:09:00+00:00,131.07000732421875,131.07000732421875,131.02000427246094,131.02000427246094,6862.0
2026-03-19 18:10:00+00:00,131.02000427246094,131.15499877929688,130.9700927734375,131.1199951171875,43049.0
2026-03-19 18:11:00+00:00,131.1199951171875,131.1199951171875,130.92999267578125,130.9550018310547,27281.0
2026-03-19 18:12:00+00:00,130.97999572753906,131.24000549316406,130.97999572753906,131.1999969482422,18714.0
2026-03-19 18:13:00+00:00,131.1750030517578,131.31939697265625,131.14999389648438,131.31939697265625,4549.0
2026-03-19 18:14:00+00:00,131.30499267578125,131.30999755859375,131.23500061035156,131.25,21530.0
2026-03-19 18:15:00+00:00,131.28500366210938,131.2899932861328,131.2200927734375,131.2550048828125,1603407.0
2026-03-19 18:16:00+00:00,131.2550048828125,131.2550048828125,131.13999938964844,131.16000366210938,0.0
2026-03-19 18:17:00+00:00,131.13999938964844,131.13999938964844,131.02000427246094,131.05499267578125,6988.0
2026-03-19 18:18:00+00:00,131.03500366210938,131.125,131.02000427246094,131.1199951171875,6684.0
2026-03-19 18:19:00+00:00,131.14999389648438,131.25,131.13999938964844,131.23500061035156,12842.0
2026-03-19 18:20:00+00:00,131.23500061035156,131.2899932861328,131.21820068359375,131.22000122070312,11248.0
2026-03-19 18:21:00+00:00,131.23500061035156,131.32000732421875,131.22000122070312,131.32000732421875,7779.0
2026-03-19 18:22:00+00:00,131.3000030517578,131.33999633789062,131.25999450683594,131.3000030517578,5445.0
2026-03-19 18:23:00+00:00,131.32000732421875,131.32000732421875,131.23500061035156,131.23500061035156,6596.0
2026-03-19 18:24:00+00:00,131.25999450683594,131.32000732421875,131.25999450683594,131.3000030517578,6103.0
2026-03-19 18:25:00+00:00,131.27999877929688,131.27999877929688,131.22999572753906,131.23500061035156,6854.0
2026-03-19 18:26:00+00:00,131.27000427246094,131.2899932861328,131.22500610351562,131.27499389648438,7984.0
2026-03-19 18:27:00+00:00,131.27499389648438,131.33999633789062,131.27000427246094,131.30999755859375,5962.0
2026-03-19 18:28:00+00:00,131.30999755859375,131.30999755859375,131.2449951171875,131.25,6229.0
2026-03-19 18:29:00+00:00,131.24000549316406,131.27999877929688,131.22500610351562,131.23500061035156,6860.0
2026-03-19 18:30:00+00:00,131.24000549316406,131.25,131.19000244140625,131.22999572753906,7309.0
2026-03-19 18:31:00+00:00,131.19500732421875,131.3000030517578,131.19500732421875,131.26499938964844,6990.0
2026-03-19 18:32:00+00:00,131.27499389648438,131.33999633789062,131.23500061035156,131.33999633789062,6391.0
2026-03-19 18:33:00+00:00,131.3699951171875,131.3699951171875,131.26499938964844,131.26499938964844,6111.0
2026-03-19 18:34:00+00:00,131.2406005859375,131.27999877929688,131.22999572753906,131.26089477539062,8487.0
2026-03-19 18:35:00+00:00,131.30499267578125,131.31500244140625,131.2720947265625,131.30499267578125,4623.0
2026-03-19 18:36:00+00:00,131.27999877929688,131.27999877929688,131.17999267578125,131.17999267578125,10214.0
2026-03-19 18:37:00+00:00,131.18499755859375,131.18499755859375,130.9600067138672,130.97000122070312,18370.0
2026-03-19 18:38:00+00:00,130.97059631347656,131.07000732421875,130.94000244140625,131.0399932861328,9714.0
2026-03-19 18:39:00+00:00,131.0800018310547,131.13999938964844,131.05999755859375,131.0800018310547,4071.0
2026-03-19 18:40:00+00:00,131.0749969482422,131.09500122070312,131.03089904785156,131.03089904785156,1696064.0
2026-03-19 18:41:00+00:00,131.08999633789062,131.1199951171875,131.0800018310547,131.10499572753906,0.0
2026-03-19 18:42:00+00:00,131.10000610351562,131.1199951171875,131.05999755859375,131.05999755859375,6064.0
2026-03-19 18:43:00+00:00,131.0500030517578,131.0800018310547,131.02999877929688,131.02999877929688,4776.0
2026-03-19 18:44:00+00:00,131.0500030517578,131.0800018310547,131.0399932861328,131.0800018310547,5425.0
2026-03-19 18:45:00+00:00,131.0500030517578,131.0800018310547,130.97000122070312,131.02999877929688,7110.0
2026-03-19 18:46:00+00:00,131.00999450683594,131.13499450683594,131.00999450683594,131.13499450683594,5583.0
2026-03-19 18:47:00+00:00,131.1199951171875,131.16000366210938,131.10000610351562,131.11000061035156,6194.0
2026-03-19 18:48:00+00:00,131.13999938964844,131.13999938964844,131.02999877929688,131.08990478515625,14918.0
2026-03-19 18:49:00+00:00,131.06500244140625,131.08999633789062,131.02999877929688,131.05999755859375,14342.0
2026-03-19 18:50:00+00:00,131.0399932861328,131.05140686035156,130.97999572753906,130.97999572753906,6888.0
2026-03-19 18:51:00+00:00,131.02000427246094,131.10000610351562,131.00250244140625,131.10000610351562,6416.0
2026-03-19 18:52:00+00:00,131.125,131.16990661621094,131.1074981689453,131.1074981689453,5316.0
2026-03-19 18:53:00+00:00,131.16000366210938,131.1699981689453,131.1300048828125,131.1300048828125,3486.0
2026-03-19 18:54:00+00:00,131.14999389648438,131.2100067138672,131.11000061035156,131.2100067138672,1740830.0
2026-03-19 18:55:00+00:00,131.19500732421875,131.22999572753906,131.17999267578125,131.19000244140625,15069.0
2026-03-19 18:56:00+00:00,131.1826934814453,131.3800048828125,131.1826934814453,131.33999633789062,0.0
2026-03-19 18:57:00+00:00,131.32000732421875,131.41000366210938,131.32000732421875,131.41000366210938,14465.0
2026-03-19 18:58:00+00:00,131.41000366210938,131.60499572753906,131.41000366210938,131.60499572753906,1758823.0
2026-03-19 18:59:00+00:00,131.63999938964844,131.6699981689453,131.5800018310547,131.63999938964844,0.0
2026-03-19 19:00:00+00:00,131.64999389648438,131.82000732421875,131.64999389648438,131.82000732421875,8379.0
2026-03-19 19:01:00+00:00,131.80999755859375,132.0625,131.7899932861328,132.0625,16157.0
2026-03-19 19:02:00+00:00,132.0800018310547,132.1699981689453,132.0509033203125,132.16000366210938,13423.0
2026-03-19 19:03:00+00:00,132.10169982910156,132.17999267578125,132.02000427246094,132.08999633789062,14249.0
2026-03-19 19:04:00+00:00,132.10000610351562,132.1699981689453,132.02999877929688,132.14999389648438,10173.0
2026-03-19 19:05:00+00:00,132.19000244140625,132.32000732421875,132.17999267578125,132.26499938964844,13116.0
2026-03-19 19:06:00+00:00,132.25,132.5800018310547,132.22500610351562,132.5800018310547,25716.0
2026-03-19 19:07:00+00:00,132.55999755859375,132.6699981689453,132.30360412597656,132.32000732421875,29926.0
2026-03-19 19:08:00+00:00,132.27999877929688,132.5500030517578,132.22999572753906,132.5,56380.0
2026-03-19 19:09:00+00:00,132.50999450683594,132.57000732421875,132.39010620117188,132.39999389648438,20024.0
2026-03-19 19:10:00+00:00,132.3800048828125,132.5,132.10000610351562,132.5,19773.0
2026-03-19 19:11:00+00:00,132.5500030517578,132.5500030517578,132.4199981689453,132.50999450683594,8696.0
2026-03-19 19:12:00+00:00,132.58299255371094,132.58299255371094,132.2100067138672,132.25999450683594,15848.0
2026-03-19 19:13:00+00:00,132.26499938964844,132.26499938964844,132.13999938964844,132.22000122070312,15517.0
2026-03-19 19:14:00+00:00,132.30999755859375,132.39999389648438,132.2899932861328,132.35499572753906,14327.0
2026-03-19 19:15:00+00:00,132.3800048828125,132.4600067138672,132.35000610351562,132.39999389648438,12349.0
2026-03-19 19:16:00+00:00,132.3800048828125,132.4199981689453,132.03500366210938,132.08999633789062,18550.0
2026-03-19 19:17:00+00:00,132.08999633789062,132.2100067138672,132.08999633789062,132.13999938964844,15134.0
2026-03-19 19:18:00+00:00,132.13999938964844,132.3000030517578,132.13999938964844,132.2550048828125,25032.0
2026-03-19 19:19:00+00:00,132.1999969482422,132.1999969482422,132.0449981689453,132.19000244140625,20310.0
2026-03-19 19:20:00+00:00,132.1699981689453,132.17999267578125,131.9409942626953,131.9409942626953,13457.0
2026-03-19 19:21:00+00:00,131.94000244140625,132.10000610351562,131.9199981689453,132.0,1941842.0
2026-03-19 19:22:00+00:00,132.0,132.22000122070312,131.96009826660156,132.1999969482422,0.0
2026-03-19 19:23:00+00:00,132.19000244140625,132.19000244140625,132.00999450683594,132.02499389648438,10287.0
2026-03-19 19:24:00+00:00,132.035400390625,132.04750061035156,131.9375,131.94500732421875,11725.0
2026-03-19 19:25:00+00:00,131.94000244140625,131.94000244140625,131.6999969482422,131.6999969482422,15608.0
2026-03-19 19:26:00+00:00,131.72000122070312,131.83999633789062,131.72000122070312,131.83999633789062,9751.0
2026-03-19 19:27:00+00:00,131.75,131.8800048828125,131.75,131.77000427246094,16535.0
2026-03-19 19:28:00+00:00,131.7899932861328,131.82000732421875,131.75,131.7899932861328,9223.0
2026-03-19 19:29:00+00:00,131.8000030517578,131.85000610351562,131.75999450683594,131.80499267578125,12367.0
2026-03-19 19:30:00+00:00,131.82000732421875,131.83999633789062,131.7100067138672,131.80999755859375,11315.0
2026-03-19 19:31:00+00:00,131.80999755859375,131.86000061035156,131.77499389648438,131.86000061035156,14471.0
2026-03-19 19:32:00+00:00,131.88499450683594,131.90499877929688,131.7100067138672,131.72999572753906,13826.0
2026-03-19 19:33:00+00:00,131.71099853515625,131.82000732421875,131.71099853515625,131.7899932861328,18900.0
2026-03-19 19:34:00+00:00,131.8101043701172,131.92999267578125,131.75,131.77999877929688,12784.0
2026-03-19 19:35:00+00:00,131.80999755859375,131.88999938964844,131.63999938964844,131.6699981689453,24638.0
2026-03-19 19:36:00+00:00,131.72999572753906,131.78500366210938,131.62010192871094,131.73500061035156,16021.0
2026-03-19 19:37:00+00:00,131.74200439453125,131.8699951171875,131.72999572753906,131.8699951171875,9027.0
2026-03-19 19:38:00+00:00,131.8300018310547,131.86000061035156,131.77999877929688,131.77999877929688,9333.0
2026-03-19 19:39:00+00:00,131.77999877929688,131.8699951171875,131.77999877929688,131.86000061035156,10561.0
2026-03-19 19:40:00+00:00,131.82000732421875,131.8699951171875,131.77000427246094,131.7899932861328,20065.0
2026-03-19 19:41:00+00:00,131.75999450683594,131.77000427246094,131.6750030517578,131.6999969482422,23079.0
2026-03-19 19:42:00+00:00,131.6999969482422,131.77000427246094,131.6699981689453,131.77000427246094,12922.0
2026-03-19 19:43:00+00:00,131.78500366210938,131.8000030517578,131.75999450683594,131.7899932861328,18793.0
2026-03-19 19:44:00+00:00,131.7899932861328,131.80999755859375,131.75999450683594,131.77499389648438,16605.0
2026-03-19 19:45:00+00:00,131.75,131.75,131.57000732421875,131.60000610351562,26407.0
2026-03-19 19:46:00+00:00,131.5800018310547,131.77999877929688,131.56500244140625,131.76499938964844,44292.0
2026-03-19 19:47:00+00:00,131.75999450683594,131.8000030517578,131.67999267578125,131.69000244140625,51068.0
2026-03-19 19:48:00+00:00,131.6699981689453,131.7100067138672,131.58749389648438,131.67999267578125,46659.0
2026-03-19 19:49:00+00:00,131.6999969482422,131.6999969482422,131.5,131.5500030517578,14087.0
2026-03-19 19:50:00+00:00,131.55999755859375,131.55999755859375,131.22999572753906,131.25,28694.0
2026-03-19 19:51:00+00:00,131.25,131.4499969482422,131.25,131.44500732421875,37312.0
2026-03-19 19:52:00+00:00,131.42999267578125,131.4949951171875,131.40609741210938,131.43499755859375,36382.0
2026-03-19 19:53:00+00:00,131.4250030517578,131.4669952392578,131.33999633789062,131.35000610351562,41285.0
2026-03-19 19:54:00+00:00,131.36000061035156,131.36000061035156,131.25,131.2550048828125,43506.0
2026-03-19 19:55:00+00:00,131.27000427246094,131.3699951171875,131.2100067138672,131.30499267578125,48147.0
2026-03-19 19:56:00+00:00,131.3000030517578,131.3000030517578,131.2100067138672,131.25,61610.0
2026-03-19 19:57:00+00:00,131.25999450683594,131.35000610351562,131.16009521484375,131.30499267578125,78016.0
2026-03-19 19:58:00+00:00,131.32000732421875,131.36000061035156,131.22999572753906,131.27000427246094,92530.0
2026-03-19 19:59:00+00:00,131.27000427246094,131.32000732421875,131.1699981689453,131.27499389648438,130413.0
2026-03-20 13:30:00+00:00,131.30999755859375,131.85000610351562,131.2899932861328,131.38999938964844,1032005.0
2026-03-20 13:31:00+00:00,131.5,131.87989807128906,131.4700927734375,131.69500732421875,23032.0
2026-03-20 13:32:00+00:00,131.86000061035156,132.0,131.72000122070312,131.72000122070312,11055.0
2026-03-20 13:33:00+00:00,131.80999755859375,132.10000610351562,131.7899932861328,132.03500366210938,12047.0
2026-03-20 13:34:00+00:00,132.03500366210938,132.47999572753906,132.00320434570312,132.375,18725.0
2026-03-20 13:35:00+00:00,132.35499572753906,132.4499969482422,132.3000946044922,132.39999389648438,31465.0
2026-03-20 13:36:00+00:00,132.47999572753906,132.64999389648438,132.47999572753906,132.63999938964844,47440.0
2026-03-20 13:37:00+00:00,132.60000610351562,132.63999938964844,132.10000610351562,132.10000610351562,22330.0
2026-03-20 13:38:00+00:00,132.1199951171875,132.39990234375,132.1199951171875,132.39990234375,21267.0
2026-03-20 13:39:00+00:00,132.34500122070312,132.42999267578125,132.1199951171875,132.1199951171875,14764.0
2026-03-20 13:40:00+00:00,132.24000549316406,132.4600067138672,132.1215057373047,132.24899291992188,24107.0
2026-03-20 13:41:00+00:00,132.22000122070312,132.25999450683594,132.11270141601562,132.22500610351562,14043.0
2026-03-20 13:42:00+00:00,132.19000244140625,132.49989318847656,132.13499450683594,132.33999633789062,24303.0
2026-03-20 13:43:00+00:00,132.25999450683594,132.47000122070312,132.17999267578125,132.32000732421875,35972.0
2026-03-20 13:44:00+00:00,132.3000030517578,132.69500732421875,132.3000030517578,132.61000061035156,28195.0
2026-03-20 13:45:00+00:00,132.5800018310547,132.63499450683594,132.3000030517578,132.5399932861328,16576.0
2026-03-20 13:46:00+00:00,132.5399932861328,132.58999633789062,132.38099670410156,132.47500610351562,25211.0
2026-03-20 13:47:00+00:00,132.47000122070312,132.47500610351562,132.41000366210938,132.42999267578125,10030.0
2026-03-20 13:48:00+00:00,132.52000427246094,132.5500030517578,132.38999938964844,132.5321044921875,13883.0
2026-03-20 13:49:00+00:00,132.53500366210938,132.6300048828125,132.42999267578125,132.42999267578125,20517.0
2026-03-20 13:50:00+00:00,132.42999267578125,132.51499938964844,132.35000610351562,132.46499633789062,8731.0
2026-03-20 13:51:00+00:00,132.4199981689453,132.47000122070312,132.27999877929688,132.2899932861328,13203.0
2026-03-20 13:52:00+00:00,132.3300018310547,132.42999267578125,132.27999877929688,132.30999755859375,12100.0
2026-03-20 13:53:00+00:00,132.2899932861328,132.49899291992188,132.18499755859375,132.47000122070312,19490.0
2026-03-20 13:54:00+00:00,132.47999572753906,132.56500244140625,132.4499969482422,132.55999755859375,14692.0
2026-03-20 13:55:00+00:00,132.5500030517578,132.61500549316406,132.44000244140625,132.5399932861328,13872.0
2026-03-20 13:56:00+00:00,132.60009765625,132.64999389648438,132.52000427246094,132.57000732421875,15338.0
2026-03-20 13:57:00+00:00,132.57000732421875,132.57000732421875,132.39999389648438,132.39999389648438,16177.0
2026-03-20 13:58:00+00:00,132.4149932861328,132.44500732421875,132.1999969482422,132.1999969482422,12187.0
2026-03-20 13:59:00+00:00,132.2100067138672,132.27999877929688,132.1199951171875,132.17999267578125,19024.0
2026-03-20 14:00:00+00:00,132.16000366210938,132.25,132.01100158691406,132.1649932861328,38563.0
2026-03-20 14:01:00+00:00,132.1999969482422,132.22999572753906,132.05999755859375,132.13499450683594,19696.0
2026-03-20 14:02:00+00:00,132.13999938964844,132.25999450683594,132.13999938964844,132.22000122070312,15407.0
2026-03-20 14:03:00+00:00,132.24000549316406,132.4398956298828,132.07000732421875,132.16000366210938,24381.0
2026-03-20 14:04:00+00:00,132.17999267578125,132.64999389648438,132.17999267578125,132.5,23178.0
2026-03-20 14:05:00+00:00,132.52000427246094,132.63999938964844,132.50799560546875,132.50999450683594,10438.0
2026-03-20 14:06:00+00:00,132.4499969482422,132.4499969482422,132.2899932861328,132.39999389648438,21671.0
2026-03-20 14:07:00+00:00,132.47999572753906,132.50999450683594,132.3000030517578,132.3300018310547,12570.0
2026-03-20 14:08:00+00:00,132.31500244140625,132.3699951171875,132.2050018310547,132.22000122070312,13240.0
2026-03-20 14:09:00+00:00,132.24000549316406,132.58999633789062,132.24000549316406,132.5749969482422,25178.0
2026-03-20 14:10:00+00:00,132.61000061035156,132.75,132.4600067138672,132.52499389648438,20155.0
2026-03-20 14:11:00+00:00,132.52499389648438,132.5800018310547,132.35000610351562,132.35000610351562,13427.0
2026-03-20 14:12:00+00:00,132.3800048828125,132.47999572753906,132.3800048828125,132.4600067138672,10498.0
2026-03-20 14:13:00+00:00,132.49000549316406,132.49000549316406,132.22999572753906,132.24000549316406,46852.0
2026-03-20 14:14:00+00:00,132.23500061035156,132.27000427246094,132.14999389648438,132.19000244140625,14061.0
2026-03-20 14:15:00+00:00,132.19500732421875,132.5,132.16879272460938,132.49000549316406,24148.0
2026-03-20 14:16:00+00:00,132.47500610351562,132.52999877929688,132.42999267578125,132.52499389648438,24444.0
2026-03-20 14:17:00+00:00,132.49000549316406,132.55999755859375,132.4499969482422,132.4499969482422,13610.0
2026-03-20 14:18:00+00:00,132.44000244140625,132.44000244140625,132.32400512695312,132.35009765625,11320.0
2026-03-20 14:19:00+00:00,132.38999938964844,132.47000122070312,132.3249969482422,132.36500549316406,13089.0
2026-03-20 14:20:00+00:00,132.3300018310547,132.4600067138672,132.31500244140625,132.40069580078125,16745.0
2026-03-20 14:21:00+00:00,132.4149932861328,132.47999572753906,132.35000610351562,132.35000610351562,18309.0
2026-03-20 14:22:00+00:00,132.39500427246094,132.39500427246094,132.30999755859375,132.32249450683594,9241.0
2026-03-20 14:23:00+00:00,132.35000610351562,132.39999389648438,132.26510620117188,132.26510620117188,15641.0
2026-03-20 14:24:00+00:00,132.25,132.31500244140625,132.22999572753906,132.24000549316406,5958.0
2026-03-20 14:25:00+00:00,132.22000122070312,132.22250366210938,132.1699981689453,132.2100067138672,10974.0
2026-03-20 14:26:00+00:00,132.24000549316406,132.34500122070312,132.24000549316406,132.30999755859375,10029.0
2026-03-20 14:27:00+00:00,132.2899932861328,132.39500427246094,132.13499450683594,132.16000366210938,50032.0
2026-03-20 14:28:00+00:00,132.13999938964844,132.13999938964844,131.92999267578125,131.9499969482422,34222.0
2026-03-20 14:29:00+00:00,131.9600067138672,132.15499877929688,131.95449829101562,132.02999877929688,20133.0
2026-03-20 14:30:00+00:00,132.05999755859375,132.26499938964844,132.05999755859375,132.17999267578125,39568.0
2026-03-20 14:31:00+00:00,132.17999267578125,132.24000549316406,132.16000366210938,132.22999572753906,12954.0
2026-03-20 14:32:00+00:00,132.25999450683594,132.3800048828125,132.22999572753906,132.25999450683594,49557.0
2026-03-20 14:33:00+00:00,132.22000122070312,132.22999572753906,132.13499450683594,132.2100067138672,12783.0
2026-03-20 14:34:00+00:00,132.17999267578125,132.25,132.11000061035156,132.2050018310547,14191.0
2026-03-20 14:35:00+00:00,132.25,132.49000549316406,132.18499755859375,132.4499969482422,30425.0
2026-03-20 14:36:00+00:00,132.44500732421875,132.44500732421875,132.2274932861328,132.22999572753906,22699.0
2026-03-20 14:37:00+00:00,132.17999267578125,132.17999267578125,131.9250030517578,132.03500366210938,19084.0
2026-03-20 14:38:00+00:00,132.02000427246094,132.02000427246094,131.69000244140625,131.89999389648438,13301.0
2026-03-20 14:39:00+00:00,131.95750427246094,132.00999450683594,131.91000366210938,131.92999267578125,23218.0
2026-03-20 14:40:00+00:00,131.91000366210938,132.1649932861328,131.86000061035156,132.00999450683594,38339.0
2026-03-20 14:41:00+00:00,132.0399932861328,132.0500030517578,131.875,131.91000366210938,23221.0
2026-03-20 14:42:00+00:00,132.04989624023438,132.1750030517578,132.02499389648438,132.1699981689453,12294.0
2026-03-20 14:43:00+00:00,132.17999267578125,132.25,132.1300048828125,132.2100067138672,12524.0
2026-03-20 14:44:00+00:00,132.17999267578125,132.17999267578125,132.0,132.11000061035156,19928.0
2026-03-20 14:45:00+00:00,132.05999755859375,132.1199951171875,132.0,132.1199951171875,17404.0
2026-03-20 14:46:00+00:00,132.1300048828125,132.2899932861328,132.1300048828125,132.14010620117188,20211.0
2026-03-20 14:47:00+00:00,132.1300048828125,132.15499877929688,132.0800018310547,132.10499572753906,10279.0
2026-03-20 14:48:00+00:00,132.14999389648438,132.3000030517578,132.14999389648438,132.17999267578125,17936.0
2026-03-20 14:49:00+00:00,132.17999267578125,132.24000549316406,132.11500549316406,132.22999572753906,11755.0
2026-03-20 14:50:00+00:00,132.23500061035156,132.31939697265625,132.1199951171875,132.1300048828125,18134.0
2026-03-20 14:51:00+00:00,132.09080505371094,132.17999267578125,131.9250030517578,131.9250030517578,12605.0
2026-03-20 14:52:00+00:00,131.9600067138672,131.97999572753906,131.8000030517578,131.8300018310547,17027.0
2026-03-20 14:53:00+00:00,131.8699951171875,131.88999938964844,131.75999450683594,131.75999450683594,18047.0
2026-03-20 14:54:00+00:00,131.69000244140625,131.69000244140625,131.52000427246094,131.56500244140625,19842.0
2026-03-20 14:55:00+00:00,131.57000732421875,131.75999450683594,131.57000732421875,131.75999450683594,30448.0
2026-03-20 14:56:00+00:00,131.75999450683594,131.7799072265625,131.5399932861328,131.5500030517578,224405.0
2026-03-20 14:57:00+00:00,131.55999755859375,131.74249267578125,131.5500030517578,131.74000549316406,19757.0
2026-03-20 14:58:00+00:00,131.7899932861328,131.80999755859375,131.60499572753906,131.64999389648438,17833.0
2026-03-20 14:59:00+00:00,131.60009765625,131.60009765625,131.5124969482422,131.5675048828125,9920.0
2026-03-20 15:00:00+00:00,131.52000427246094,131.69000244140625,131.52000427246094,131.60000610351562,19761.0
2026-03-20 15:01:00+00:00,131.56500244140625,131.56500244140625,131.44500732421875,131.47999572753906,16789.0
2026-03-20 15:02:00+00:00,131.5500030517578,131.55999755859375,131.33999633789062,131.35000610351562,16525.0
2026-03-20 15:03:00+00:00,131.36000061035156,131.3699951171875,131.1999969482422,131.2050018310547,10609.0
2026-03-20 15:04:00+00:00,131.22999572753906,131.38999938964844,131.19000244140625,131.30499267578125,17831.0
2026-03-20 15:05:00+00:00,131.3249969482422,131.60000610351562,131.3249969482422,131.52000427246094,18629.0
2026-03-20 15:06:00+00:00,131.47000122070312,131.52000427246094,131.44000244140625,131.52000427246094,8453.0
2026-03-20 15:07:00+00:00,131.47000122070312,131.52999877929688,131.44000244140625,131.47999572753906,10281.0
2026-03-20 15:08:00+00:00,131.47999572753906,131.49180603027344,131.4199981689453,131.4199981689453,10399.0
2026-03-20 15:09:00+00:00,131.45750427246094,131.58999633789062,131.43499755859375,131.58999633789062,9159.0
2026-03-20 15:10:00+00:00,131.6300048828125,131.82000732421875,131.6300048828125,131.7899932861328,14331.0
2026-03-20 15:11:00+00:00,131.82000732421875,131.8800048828125,131.75100708007812,131.8800048828125,10322.0
2026-03-20 15:12:00+00:00,131.85499572753906,131.9499969482422,131.8300018310547,131.9499969482422,10504.0
2026-03-20 15:13:00+00:00,131.9499969482422,132.0449981689453,131.8699951171875,131.9550018310547,39832.0
2026-03-20 15:14:00+00:00,131.94000244140625,131.9499969482422,131.75999450683594,131.85499572753906,32776.0
2026-03-20 15:15:00+00:00,131.8300018310547,131.83999633789062,131.63999938964844,131.72500610351562,23276.0
2026-03-20 15:16:00+00:00,131.69009399414062,131.72000122070312,131.6199951171875,131.6300048828125,8274.0
2026-03-20 15:17:00+00:00,131.6699981689453,131.735107421875,131.6300048828125,131.73500061035156,9371.0
2026-03-20 15:18:00+00:00,131.64999389648438,131.67999267578125,131.5399932861328,131.55499267578125,10498.0
2026-03-20 15:19:00+00:00,131.52999877929688,131.52999877929688,131.41000366210938,131.4600067138672,7262.0
2026-03-20 15:20:00+00:00,131.4600067138672,131.5800018310547,131.4499969482422,131.493896484375,11801.0
2026-03-20 15:21:00+00:00,131.47999572753906,131.47999572753906,131.35650634765625,131.35650634765625,7994.0
2026-03-20 15:22:00+00:00,131.36500549316406,131.3699951171875,131.27999877929688,131.27999877929688,7474.0
2026-03-20 15:23:00+00:00,131.2949981689453,131.8000030517578,131.25,131.69000244140625,26737.0
2026-03-20 15:24:00+00:00,131.6699981689453,131.69000244140625,131.32000732421875,131.32000732421875,18869.0
2026-03-20 15:25:00+00:00,131.3800048828125,131.47000122070312,131.3800048828125,131.47000122070312,10071.0
2026-03-20 15:26:00+00:00,131.44000244140625,131.44000244140625,131.24000549316406,131.25999450683594,12415.0
2026-03-20 15:27:00+00:00,131.2899932861328,131.4199981689453,131.25999450683594,131.3699951171875,11867.0
2026-03-20 15:28:00+00:00,131.39500427246094,131.39500427246094,131.2899932861328,131.3300018310547,9133.0
2026-03-20 15:29:00+00:00,131.35499572753906,131.4199981689453,131.3000030517578,131.36000061035156,9341.0
2026-03-20 15:30:00+00:00,131.36500549316406,131.36500549316406,131.24009704589844,131.2449951171875,10612.0
2026-03-20 15:31:00+00:00,131.27999877929688,131.3249969482422,131.27999877929688,131.30999755859375,8190.0
2026-03-20 15:32:00+00:00,131.30999755859375,131.36680603027344,131.1999969482422,131.27000427246094,10710.0
2026-03-20 15:33:00+00:00,131.32000732421875,131.4600067138672,131.30499267578125,131.43499755859375,14049.0
2026-03-20 15:34:00+00:00,131.41000366210938,131.44000244140625,131.32000732421875,131.3699951171875,9852.0
2026-03-20 15:35:00+00:00,131.3699951171875,131.41000366210938,131.27999877929688,131.36000061035156,19950.0
2026-03-20 15:36:00+00:00,131.3699951171875,131.3699951171875,131.22000122070312,131.3300018310547,4546.0
2026-03-20 15:37:00+00:00,131.3699951171875,131.53900146484375,131.3699951171875,131.53900146484375,7480.0
2026-03-20 15:38:00+00:00,131.5399932861328,131.61000061035156,131.41099548339844,131.41099548339844,16744.0
2026-03-20 15:39:00+00:00,131.4199981689453,131.4499969482422,131.30999755859375,131.3112030029297,18839.0
2026-03-20 15:40:00+00:00,131.24000549316406,131.24000549316406,131.19000244140625,131.20489501953125,7830.0
2026-03-20 15:41:00+00:00,131.22999572753906,131.298095703125,131.13999938964844,131.1750030517578,10702.0
2026-03-20 15:42:00+00:00,131.2100067138672,131.32000732421875,131.2100067138672,131.3000030517578,4732.0
2026-03-20 15:43:00+00:00,131.3300018310547,131.36000061035156,131.27999877929688,131.33999633789062,11522.0
2026-03-20 15:44:00+00:00,131.33999633789062,131.36500549316406,131.3000030517578,131.3350067138672,10347.0
2026-03-20 15:45:00+00:00,131.35499572753906,131.41000366210938,131.17999267578125,131.25999450683594,11051.0
2026-03-20 15:46:00+00:00,131.3000030517578,131.3000030517578,131.2100067138672,131.2100067138672,4627.0
2026-03-20 15:47:00+00:00,131.22500610351562,131.36000061035156,131.22000122070312,131.32000732421875,10171.0
2026-03-20 15:48:00+00:00,131.3699951171875,131.39990234375,131.30999755859375,131.3730010986328,5431.0
2026-03-20 15:49:00+00:00,131.3101043701172,131.3699951171875,131.30999755859375,131.33999633789062,5958.0
2026-03-20 15:50:00+00:00,131.3300018310547,131.3800048828125,131.24000549316406,131.2899932861328,21350.0
2026-03-20 15:51:00+00:00,131.22500610351562,131.22999572753906,131.19000244140625,131.2100067138672,8685.0
2026-03-20 15:52:00+00:00,131.22850036621094,131.30999755859375,131.22850036621094,131.2899932861328,8291.0
2026-03-20 15:53:00+00:00,131.35000610351562,131.35000610351562,131.25100708007812,131.2899932861328,9372.0
2026-03-20 15:54:00+00:00,131.29989624023438,131.33999633789062,131.27999877929688,131.32000732421875,6583.0
2026-03-20 15:55:00+00:00,131.3300018310547,131.3300018310547,131.24000549316406,131.24000549316406,18414.0
2026-03-20 15:56:00+00:00,131.27000427246094,131.39999389648438,131.27000427246094,131.39999389648438,10508.0
2026-03-20 15:57:00+00:00,131.38999938964844,131.4199981689453,131.32000732421875,131.38999938964844,16962.0
2026-03-20 15:58:00+00:00,131.38999938964844,131.4199981689453,131.30999755859375,131.4199981689453,10528.0
2026-03-20 15:59:00+00:00,131.39999389648438,131.41000366210938,131.30999755859375,131.30999755859375,22746.0
2026-03-20 16:00:00+00:00,131.36000061035156,131.4149932861328,131.36000061035156,131.4149932861328,4099.0
2026-03-20 16:01:00+00:00,131.42999267578125,131.47999572753906,131.4149932861328,131.47000122070312,8685.0
2026-03-20 16:02:00+00:00,131.5,131.52499389648438,131.5,131.52499389648438,20296.0
2026-03-20 16:03:00+00:00,131.4709930419922,131.52259826660156,131.39999389648438,131.5,13326.0
2026-03-20 16:04:00+00:00,131.52000427246094,131.5800018310547,131.49000549316406,131.49000549316406,18920.0
2026-03-20 16:05:00+00:00,131.4600067138672,131.4600067138672,131.41000366210938,131.4550018310547,11172.0
2026-03-20 16:06:00+00:00,131.47000122070312,131.47000122070312,131.3000030517578,131.3350067138672,11214.0
2026-03-20 16:07:00+00:00,131.34890747070312,131.3800048828125,131.281005859375,131.30499267578125,23941.0
2026-03-20 16:08:00+00:00,131.24000549316406,131.24000549316406,131.15499877929688,131.19000244140625,6293.0
2026-03-20 16:09:00+00:00,131.1300048828125,131.24000549316406,131.1300048828125,131.24000549316406,11407.0
2026-03-20 16:10:00+00:00,131.22999572753906,131.2899932861328,131.22000122070312,131.25999450683594,12057.0
2026-03-20 16:11:00+00:00,131.27000427246094,131.3800048828125,131.2301025390625,131.3800048828125,12088.0
2026-03-20 16:12:00+00:00,131.38999938964844,131.47000122070312,131.35000610351562,131.42999267578125,12574.0
2026-03-20 16:13:00+00:00,131.39999389648438,131.39999389648438,131.2010040283203,131.22000122070312,11485.0
2026-03-20 16:14:00+00:00,131.1999969482422,131.25,131.14999389648438,131.19000244140625,8842.0
2026-03-20 16:15:00+00:00,131.14999389648438,131.14999389648438,131.0500030517578,131.0500030517578,13800.0
2026-03-20 16:16:00+00:00,131.0449981689453,131.0449981689453,130.99000549316406,131.01499938964844,11700.0
2026-03-20 16:17:00+00:00,131.07000732421875,131.17999267578125,131.07000732421875,131.17999267578125,6329.0
2026-03-20 16:18:00+00:00,131.21499633789062,131.25999450683594,131.19000244140625,131.25999450683594,5707.0
2026-03-20 16:19:00+00:00,131.27999877929688,131.3000030517578,131.14999389648438,131.1699981689453,12415.0
2026-03-20 16:20:00+00:00,131.13999938964844,131.13999938964844,131.05999755859375,131.11000061035156,18130.0
2026-03-20 16:21:00+00:00,131.0500030517578,131.0605926513672,131.02000427246094,131.02000427246094,6876.0
2026-03-20 16:22:00+00:00,131.0,131.0399932861328,130.9600067138672,131.02999877929688,7912.0
2026-03-20 16:23:00+00:00,131.02999877929688,131.05999755859375,131.00999450683594,131.03500366210938,7157.0
2026-03-20 16:24:00+00:00,131.03500366210938,131.08999633789062,131.0,131.0,20119.0
2026-03-20 16:25:00+00:00,130.96499633789062,131.04989624023438,130.88999938964844,131.04989624023438,20548.0
2026-03-20 16:26:00+00:00,130.89999389648438,130.89999389648438,130.8699951171875,130.8800048828125,4232.0
2026-03-20 16:27:00+00:00,130.86000061035156,130.97500610351562,130.86000061035156,130.92999267578125,27265.0
2026-03-20 16:28:00+00:00,130.9499969482422,130.9600067138672,130.80999755859375,130.8350067138672,24184.0
2026-03-20 16:29:00+00:00,130.8300018310547,130.89999389648438,130.8300018310547,130.86500549316406,10958.0
2026-03-20 16:30:00+00:00,130.83999633789062,130.83999633789062,130.7449951171875,130.77099609375,10071.0
2026-03-20 16:31:00+00:00,130.8000030517578,130.80999755859375,130.65170288085938,130.66000366210938,13773.0
2026-03-20 16:32:00+00:00,130.65499877929688,130.65499877929688,130.52049255371094,130.5399932861328,23921.0
2026-03-20 16:33:00+00:00,130.55999755859375,130.6199951171875,130.52000427246094,130.6199951171875,18332.0
2026-03-20 16:34:00+00:00,130.625,130.69000244140625,130.61000061035156,130.64999389648438,18194.0
2026-03-20 16:35:00+00:00,130.69000244140625,130.69000244140625,130.6300048828125,130.6300048828125,7919.0
2026-03-20 16:36:00+00:00,130.64999389648438,130.7550048828125,130.6300048828125,130.7449951171875,8515.0
2026-03-20 16:37:00+00:00,130.72000122070312,130.76010131835938,130.6300048828125,130.64999389648438,14957.0
2026-03-20 16:38:00+00:00,130.6649932861328,130.6649932861328,130.52999877929688,130.55499267578125,11379.0
2026-03-20 16:39:00+00:00,130.57000732421875,130.60000610351562,130.5,130.55999755859375,21225.0
2026-03-20 16:40:00+00:00,130.5800018310547,130.6300048828125,130.55499267578125,130.6300048828125,8297.0
2026-03-20 16:41:00+00:00,130.6199951171875,130.625,130.4149932861328,130.5500030517578,31097.0
2026-03-20 16:42:00+00:00,130.52999877929688,130.52999877929688,130.32000732421875,130.5,19381.0
2026-03-20 16:43:00+00:00,130.5050048828125,130.58999633789062,130.5050048828125,130.58999633789062,15712.0
2026-03-20 16:44:00+00:00,130.55999755859375,130.6898956298828,130.5500030517578,130.6750030517578,11651.0
2026-03-20 16:45:00+00:00,130.66000366210938,130.77999877929688,130.65499877929688,130.72000122070312,9771.0
2026-03-20 16:46:00+00:00,130.71499633789062,130.77000427246094,130.67999267578125,130.75999450683594,7672.0
2026-03-20 16:47:00+00:00,130.7550048828125,130.7550048828125,130.5800018310547,130.6300048828125,9725.0
2026-03-20 16:48:00+00:00,130.63999938964844,130.63999938964844,130.52000427246094,130.5399932861328,4753.0
2026-03-20 16:49:00+00:00,130.5399932861328,130.63999938964844,130.5399932861328,130.63999938964844,6626.0
2026-03-20 16:50:00+00:00,130.67999267578125,130.69000244140625,130.5800018310547,130.5800018310547,6917.0
2026-03-20 16:51:00+00:00,130.52999877929688,130.52999877929688,130.375,130.38499450683594,10331.0
2026-03-20 16:52:00+00:00,130.30999755859375,130.3800048828125,130.3000030517578,130.3800048828125,4721.0
2026-03-20 16:53:00+00:00,130.38999938964844,130.41000366210938,130.30999755859375,130.41000366210938,6860.0
2026-03-20 16:54:00+00:00,130.4199981689453,130.4199981689453,130.2949981689453,130.32000732421875,6514.0
2026-03-20 16:55:00+00:00,130.2899932861328,130.33900451660156,130.25999450683594,130.32000732421875,4588.0
2026-03-20 16:56:00+00:00,130.33999633789062,130.3800048828125,130.30999755859375,130.3300018310547,13616.0
2026-03-20 16:57:00+00:00,130.35000610351562,130.44000244140625,130.3300018310547,130.4199981689453,10215.0
2026-03-20 16:58:00+00:00,130.4149932861328,130.58999633789062,130.41000366210938,130.5850067138672,7309.0
2026-03-20 16:59:00+00:00,130.5850067138672,130.5850067138672,130.47999572753906,130.55999755859375,10555.0
2026-03-20 17:00:00+00:00,130.57000732421875,130.57000732421875,130.42999267578125,130.5050048828125,7837.0
2026-03-20 17:01:00+00:00,130.5399932861328,130.58999633789062,130.50999450683594,130.50999450683594,7611.0
2026-03-20 17:02:00+00:00,130.50999450683594,130.52999877929688,130.47500610351562,130.47500610351562,8406.0
2026-03-20 17:03:00+00:00,130.47500610351562,130.47500610351562,130.3350067138672,130.33999633789062,13039.0
2026-03-20 17:04:00+00:00,130.33999633789062,130.3800048828125,130.32000732421875,130.33999633789062,7529.0
2026-03-20 17:05:00+00:00,130.3300018310547,130.3300018310547,130.02999877929688,130.07000732421875,28096.0
2026-03-20 17:06:00+00:00,130.14999389648438,130.25,130.14999389648438,130.25,9486.0
2026-03-20 17:07:00+00:00,130.19000244140625,130.25999450683594,130.16299438476562,130.24989318847656,4581.0
2026-03-20 17:08:00+00:00,130.19000244140625,130.27000427246094,130.1529998779297,130.27000427246094,6818.0
2026-03-20 17:09:00+00:00,130.2449951171875,130.3699951171875,130.22999572753906,130.25,12008.0
2026-03-20 17:10:00+00:00,130.3000030517578,130.3000030517578,130.22000122070312,130.22999572753906,4127.0
2026-03-20 17:11:00+00:00,130.2100067138672,130.22000122070312,130.14999389648438,130.14999389648438,11000.0
2026-03-20 17:12:00+00:00,130.14999389648438,130.2100067138672,130.10009765625,130.20950317382812,15803.0
2026-03-20 17:13:00+00:00,130.19000244140625,130.22999572753906,130.1300048828125,130.16000366210938,9295.0
2026-03-20 17:14:00+00:00,130.16000366210938,130.16000366210938,130.10000610351562,130.13499450683594,11466.0
2026-03-20 17:15:00+00:00,130.13499450683594,130.2100067138672,130.13499450683594,130.20379638671875,7446.0
2026-03-20 17:16:00+00:00,130.1999969482422,130.2100067138672,130.1501007080078,130.17999267578125,15825.0
2026-03-20 17:17:00+00:00,130.1699981689453,130.2100067138672,130.14999389648438,130.2100067138672,11119.0
2026-03-20 17:18:00+00:00,130.22000122070312,130.24000549316406,130.1199951171875,130.1199951171875,7637.0
2026-03-20 17:19:00+00:00,130.13499450683594,130.16000366210938,130.13499450683594,130.13499450683594,3389.0
2026-03-20 17:20:00+00:00,130.13499450683594,130.17999267578125,130.11000061035156,130.1699981689453,7105.0
2026-03-20 17:21:00+00:00,130.14999389648438,130.27999877929688,130.14999389648438,130.25999450683594,15002.0
2026-03-20 17:22:00+00:00,130.27000427246094,130.41000366210938,130.27000427246094,130.41000366210938,7593.0
2026-03-20 17:23:00+00:00,130.3800048828125,130.38999938964844,130.33999633789062,130.36000061035156,11190.0
2026-03-20 17:24:00+00:00,130.38999938964844,130.4199981689453,130.36300659179688,130.3699951171875,4744.0
2026-03-20 17:25:00+00:00,130.35000610351562,130.3800048828125,130.35000610351562,130.3699951171875,5689.0
2026-03-20 17:26:00+00:00,130.33999633789062,130.33999633789062,130.2550048828125,130.2550048828125,6571.0
2026-03-20 17:27:00+00:00,130.2550048828125,130.25999450683594,130.1999969482422,130.1999969482422,16365.0
2026-03-20 17:28:00+00:00,130.21969604492188,130.22999572753906,130.10000610351562,130.125,13778.0
2026-03-20 17:29:00+00:00,130.110107421875,130.13499450683594,130.05999755859375,130.07420349121094,7609.0
2026-03-20 17:30:00+00:00,130.10000610351562,130.13999938964844,130.08999633789062,130.13999938964844,8573.0
2026-03-20 17:31:00+00:00,130.14999389648438,130.1699981689453,130.13999938964844,130.14999389648438,5199.0
2026-03-20 17:32:00+00:00,130.1699981689453,130.22000122070312,130.0800018310547,130.11000061035156,15213.0
2026-03-20 17:33:00+00:00,130.0800018310547,130.11000061035156,130.0399932861328,130.0399932861328,10507.0
2026-03-20 17:34:00+00:00,130.0301055908203,130.05499267578125,129.9199981689453,129.9199981689453,18864.0
2026-03-20 17:35:00+00:00,129.94000244140625,130.07000732421875,129.94000244140625,130.02999877929688,11188.0
2026-03-20 17:36:00+00:00,130.05999755859375,130.05999755859375,129.9010009765625,129.9499969482422,11091.0
2026-03-20 17:37:00+00:00,129.91000366210938,129.91000366210938,129.8300018310547,129.8800048828125,8595.0
2026-03-20 17:38:00+00:00,129.88999938964844,129.94000244140625,129.88999938964844,129.9250030517578,4512.0
2026-03-20 17:39:00+00:00,129.9499969482422,130.1300048828125,129.94000244140625,130.1300048828125,14668.0
2026-03-20 17:40:00+00:00,130.10000610351562,130.2100067138672,130.10000610351562,130.2100067138672,9105.0
2026-03-20 17:41:00+00:00,130.22000122070312,130.25999450683594,130.16000366210938,130.19000244140625,10189.0
2026-03-20 17:42:00+00:00,130.18499755859375,130.1999969482422,130.07029724121094,130.14999389648438,6173.0
2026-03-20 17:43:00+00:00,130.13999938964844,130.13999938964844,130.07000732421875,130.10000610351562,10543.0
2026-03-20 17:44:00+00:00,130.07000732421875,130.10000610351562,130.0399932861328,130.10000610351562,14466.0
2026-03-20 17:45:00+00:00,130.10499572753906,130.1051025390625,130.07000732421875,130.10000610351562,4546.0
2026-03-20 17:46:00+00:00,130.07000732421875,130.11500549316406,130.0500030517578,130.11000061035156,8007.0
2026-03-20 17:47:00+00:00,130.1199951171875,130.1300048828125,130.02000427246094,130.0699005126953,35517.0
2026-03-20 17:48:00+00:00,130.08999633789062,130.08999633789062,130.0106964111328,130.05999755859375,5789.0
2026-03-20 17:49:00+00:00,130.0850067138672,130.1699981689453,130.0399932861328,130.05999755859375,18688.0
2026-03-20 17:50:00+00:00,130.00999450683594,130.10000610351562,130.00999450683594,130.10000610351562,6169.0
2026-03-20 17:51:00+00:00,130.0800018310547,130.1199951171875,130.0800018310547,130.1199951171875,5093.0
2026-03-20 17:52:00+00:00,130.09500122070312,130.11990356445312,130.0800018310547,130.0800018310547,6378.0
2026-03-20 17:53:00+00:00,130.06100463867188,130.22999572753906,130.06100463867188,130.22999572753906,11541.0
2026-03-20 17:54:00+00:00,130.22000122070312,130.27000427246094,130.22000122070312,130.2200927734375,12259.0
2026-03-20 17:55:00+00:00,130.2050018310547,130.25,130.2050018310547,130.25,8931.0
2026-03-20 17:56:00+00:00,130.22000122070312,130.25,130.2100067138672,130.22999572753906,10632.0
2026-03-20 17:57:00+00:00,130.22000122070312,130.3000030517578,130.1999969482422,130.27000427246094,16250.0
2026-03-20 17:58:00+00:00,130.25999450683594,130.27499389648438,130.22999572753906,130.24000549316406,7555.0
2026-03-20 17:59:00+00:00,130.25,130.33999633789062,130.25,130.30999755859375,13277.0
2026-03-20 18:00:00+00:00,130.32000732421875,130.39999389648438,130.32000732421875,130.3300018310547,8576.0
2026-03-20 18:01:00+00:00,130.33949279785156,130.36000061035156,130.27999877929688,130.27999877929688,10354.0
2026-03-20 18:02:00+00:00,130.27000427246094,130.27000427246094,130.1999969482422,130.22999572753906,5225.0
2026-03-20 18:03:00+00:00,130.25,130.25,130.19000244140625,130.22000122070312,6276.0
2026-03-20 18:04:00+00:00,130.17300415039062,130.22500610351562,130.14999389648438,130.1999969482422,11493.0
2026-03-20 18:05:00+00:00,130.1999969482422,130.22999572753906,130.1999969482422,130.22500610351562,5330.0
2026-03-20 18:06:00+00:00,130.2100067138672,130.38999938964844,130.1909942626953,130.35459899902344,15908.0
2026-03-20 18:07:00+00:00,130.3699951171875,130.3800048828125,130.27999877929688,130.3791961669922,12071.0
2026-03-20 18:08:00+00:00,130.36990356445312,130.40499877929688,130.36000061035156,130.3914031982422,7868.0
2026-03-20 18:09:00+00:00,130.36099243164062,130.39199829101562,130.25,130.39199829101562,46484.0
2026-03-20 18:10:00+00:00,130.3699951171875,130.3699951171875,130.22000122070312,130.25999450683594,7398.0
2026-03-20 18:11:00+00:00,130.25,130.27000427246094,130.19000244140625,130.25,5144.0
2026-03-20 18:12:00+00:00,130.25,130.2899932861328,130.20010375976562,130.2003936767578,7509.0
2026-03-20 18:13:00+00:00,130.27000427246094,130.3699951171875,130.27000427246094,130.3699951171875,10863.0
2026-03-20 18:14:00+00:00,130.3800048828125,130.39999389648438,130.3000030517578,130.3000030517578,22536.0
2026-03-20 18:15:00+00:00,130.32000732421875,130.3699951171875,130.30999755859375,130.36160278320312,13298.0
2026-03-20 18:16:00+00:00,130.3300018310547,130.38999938964844,130.3300018310547,130.3699951171875,20105.0
2026-03-20 18:17:00+00:00,130.3699951171875,130.3699951171875,130.30999755859375,130.30999755859375,8033.0
2026-03-20 18:18:00+00:00,130.3000030517578,130.3000030517578,130.25999450683594,130.27499389648438,7070.0
2026-03-20 18:19:00+00:00,130.30880737304688,130.30880737304688,130.25999450683594,130.3000030517578,8142.0
2026-03-20 18:20:00+00:00,130.30999755859375,130.30999755859375,130.0850067138672,130.0850067138672,14482.0
2026-03-20 18:21:00+00:00,130.0500030517578,130.26400756835938,130.0399932861328,130.08999633789062,20829.0
2026-03-20 18:22:00+00:00,130.08120727539062,130.10000610351562,129.9425048828125,129.9425048828125,17010.0
2026-03-20 18:23:00+00:00,129.9600067138672,129.97999572753906,129.88999938964844,129.94000244140625,49778.0
2026-03-20 18:24:00+00:00,129.9550018310547,129.9600067138672,129.8800048828125,129.88999938964844,10557.0
2026-03-20 18:25:00+00:00,129.9600067138672,130.05999755859375,129.94500732421875,130.05999755859375,12043.0
2026-03-20 18:26:00+00:00,130.05999755859375,130.13999938964844,130.0399932861328,130.10000610351562,21567.0
2026-03-20 18:27:00+00:00,130.11000061035156,130.1199951171875,130.0,130.10000610351562,19585.0
2026-03-20 18:28:00+00:00,130.1300048828125,130.19000244140625,129.99000549316406,130.0500030517578,64182.0
2026-03-20 18:29:00+00:00,130.0399932861328,130.19000244140625,130.0200958251953,130.19000244140625,11887.0
2026-03-20 18:30:00+00:00,130.25999450683594,130.2899932861328,130.1699981689453,130.21499633789062,33584.0
2026-03-20 18:31:00+00:00,130.22999572753906,130.22999572753906,130.1699981689453,130.19500732421875,9868.0
2026-03-20 18:32:00+00:00,130.2050018310547,130.2050018310547,130.1199951171875,130.16000366210938,13507.0
2026-03-20 18:33:00+00:00,130.13999938964844,130.3000030517578,130.1199951171875,130.27999877929688,47029.0
2026-03-20 18:34:00+00:00,130.2899932861328,130.30999755859375,130.19500732421875,130.2449951171875,12511.0
2026-03-20 18:35:00+00:00,130.24000549316406,130.27999877929688,130.1649932861328,130.2050018310547,12749.0
2026-03-20 18:36:00+00:00,130.22000122070312,130.30999755859375,130.19000244140625,130.19500732421875,14680.0
2026-03-20 18:37:00+00:00,130.1699981689453,130.1999969482422,130.13999938964844,130.1750030517578,11544.0
2026-03-20 18:38:00+00:00,130.16090393066406,130.24000549316406,130.16000366210938,130.24000549316406,3288.0
2026-03-20 18:39:00+00:00,130.25,130.32000732421875,130.16749572753906,130.17520141601562,15254.0
2026-03-20 18:40:00+00:00,130.17999267578125,130.22999572753906,130.13999938964844,130.22000122070312,7224.0
2026-03-20 18:41:00+00:00,130.22000122070312,130.24000549316406,130.16000366210938,130.16000366210938,13147.0
2026-03-20 18:42:00+00:00,130.22000122070312,130.22500610351562,130.1511993408203,130.1699981689453,9544.0
2026-03-20 18:43:00+00:00,130.19500732421875,130.25,130.16009521484375,130.25,11229.0
2026-03-20 18:44:00+00:00,130.2100067138672,130.2100067138672,130.1300048828125,130.16000366210938,14384.0
2026-03-20 18:45:00+00:00,130.14999389648438,130.17999267578125,130.0800018310547,130.1699981689453,13172.0
2026-03-20 18:46:00+00:00,130.19000244140625,130.22999572753906,130.1300048828125,130.1300048828125,9776.0
2026-03-20 18:47:00+00:00,130.1300048828125,130.1699981689453,130.11000061035156,130.1199951171875,15366.0
2026-03-20 18:48:00+00:00,130.1300048828125,130.17999267578125,130.125,130.1300048828125,5000.0
2026-03-20 18:49:00+00:00,130.1300048828125,130.218994140625,130.09100341796875,130.1999969482422,21383.0
2026-03-20 18:50:00+00:00,130.19500732421875,130.19500732421875,130.13499450683594,130.17999267578125,9902.0
2026-03-20 18:51:00+00:00,130.17999267578125,130.25,130.16000366210938,130.16000366210938,23468.0
2026-03-20 18:52:00+00:00,130.14999389648438,130.17999267578125,130.0,130.10499572753906,18977.0
2026-03-20 18:53:00+00:00,130.08999633789062,130.13999938964844,130.0800018310547,130.08999633789062,8750.0
2026-03-20 18:54:00+00:00,130.0800018310547,130.08999633789062,130.02000427246094,130.03500366210938,11487.0
2026-03-20 18:55:00+00:00,130.0500030517578,130.05999755859375,130.02000427246094,130.02999877929688,6907.0
2026-03-20 18:56:00+00:00,130.02499389648438,130.02499389648438,129.83009338378906,129.85000610351562,45192.0
2026-03-20 18:57:00+00:00,129.8300018310547,129.88999938964844,129.7899932861328,129.82000732421875,24667.0
2026-03-20 18:58:00+00:00,129.82000732421875,129.86000061035156,129.77999877929688,129.7899932861328,13606.0
2026-03-20 18:59:00+00:00,129.77999877929688,129.85000610351562,129.77999877929688,129.82000732421875,17128.0
2026-03-20 19:00:00+00:00,129.8300018310547,130.33999633789062,129.8300018310547,130.3350067138672,52684.0
2026-03-20 19:01:00+00:00,130.35000610351562,130.39999389648438,130.32000732421875,130.38999938964844,35391.0
2026-03-20 19:02:00+00:00,130.41000366210938,130.5500030517578,130.38499450683594,130.5399932861328,21402.0
2026-03-20 19:03:00+00:00,130.5592041015625,130.55999755859375,130.44000244140625,130.55999755859375,29257.0
2026-03-20 19:04:00+00:00,130.47999572753906,130.47999572753906,130.3249969482422,130.3800048828125,11792.0
2026-03-20 19:05:00+00:00,130.3800048828125,130.48989868164062,130.3800048828125,130.4600067138672,10800.0
2026-03-20 19:06:00+00:00,130.49000549316406,130.5,130.42010498046875,130.47999572753906,21341.0
2026-03-20 19:07:00+00:00,130.5,130.55999755859375,130.40499877929688,130.4199981689453,28066.0
2026-03-20 19:08:00+00:00,130.44000244140625,130.52000427246094,130.41000366210938,130.50999450683594,10308.0
2026-03-20 19:09:00+00:00,130.5,130.52999877929688,130.47999572753906,130.52000427246094,15331.0
2026-03-20 19:10:00+00:00,130.50999450683594,130.5800018310547,130.4550018310547,130.5,28094.0
2026-03-20 19:11:00+00:00,130.47000122070312,130.49000549316406,130.3800048828125,130.4149932861328,23988.0
2026-03-20 19:12:00+00:00,130.42999267578125,130.52000427246094,130.42999267578125,130.50999450683594,20153.0
2026-03-20 19:13:00+00:00,130.52999877929688,130.56500244140625,130.47000122070312,130.56500244140625,27794.0
2026-03-20 19:14:00+00:00,130.5399932861328,130.58999633789062,130.50999450683594,130.57000732421875,30573.0
2026-03-20 19:15:00+00:00,130.57000732421875,130.64999389648438,130.5500030517578,130.64500427246094,20043.0
2026-03-20 19:16:00+00:00,130.6300048828125,130.63499450683594,130.4600067138672,130.4600067138672,24006.0
2026-03-20 19:17:00+00:00,130.4600067138672,130.50999450683594,130.44000244140625,130.47999572753906,15584.0
2026-03-20 19:18:00+00:00,130.4801025390625,130.5,130.3800048828125,130.47500610351562,15460.0
2026-03-20 19:19:00+00:00,130.49000549316406,130.5050048828125,130.44500732421875,130.4600067138672,15077.0
2026-03-20 19:20:00+00:00,130.46499633789062,130.46499633789062,130.38999938964844,130.4199981689453,16726.0
2026-03-20 19:21:00+00:00,130.4250030517578,130.47000122070312,130.28500366210938,130.32000732421875,29053.0
2026-03-20 19:22:00+00:00,130.3300018310547,130.44000244140625,130.3300018310547,130.4199981689453,18000.0
2026-03-20 19:23:00+00:00,130.44000244140625,130.5399932861328,130.4199981689453,130.47500610351562,27871.0
2026-03-20 19:24:00+00:00,130.47500610351562,130.47500610351562,130.2899932861328,130.3000030517578,23282.0
2026-03-20 19:25:00+00:00,130.29299926757812,130.3300018310547,130.25999450683594,130.3000030517578,27542.0
2026-03-20 19:26:00+00:00,130.32000732421875,130.3699951171875,130.27000427246094,130.2899932861328,44239.0
2026-03-20 19:27:00+00:00,130.32000732421875,130.4250030517578,130.2899932861328,130.41000366210938,28858.0
2026-03-20 19:28:00+00:00,130.4199981689453,130.47999572753906,130.36500549316406,130.36500549316406,34314.0
2026-03-20 19:29:00+00:00,130.35000610351562,130.39500427246094,130.25999450683594,130.3300018310547,24110.0
2026-03-20 19:30:00+00:00,130.33999633789062,130.7899932861328,130.33999633789062,130.75,82897.0
2026-03-20 19:31:00+00:00,130.74000549316406,130.75999450683594,130.4783935546875,130.6999969482422,67679.0
2026-03-20 19:32:00+00:00,130.67999267578125,130.86000061035156,130.5601043701172,130.83999633789062,104394.0
2026-03-20 19:33:00+00:00,130.8300018310547,130.9199981689453,130.82000732421875,130.83999633789062,61777.0
2026-03-20 19:34:00+00:00,130.8300018310547,130.91000366210938,130.7949981689453,130.83999633789062,53614.0
2026-03-20 19:35:00+00:00,130.8249969482422,130.92999267578125,130.75999450683594,130.82000732421875,70967.0
2026-03-20 19:36:00+00:00,130.82000732421875,130.82000732421875,130.6999969482422,130.6999969482422,71602.0
2026-03-20 19:37:00+00:00,130.72000122070312,130.75999450683594,130.60000610351562,130.6300048828125,59800.0
2026-03-20 19:38:00+00:00,130.6199951171875,130.6699981689453,130.52000427246094,130.6699981689453,64581.0
2026-03-20 19:39:00+00:00,130.6750030517578,130.72500610351562,130.5500030517578,130.7100067138672,82617.0
2026-03-20 19:40:00+00:00,130.72999572753906,130.83999633789062,130.61500549316406,130.80999755859375,77478.0
2026-03-20 19:41:00+00:00,130.8000030517578,131.02999877929688,130.7899932861328,131.02499389648438,62899.0
2026-03-20 19:42:00+00:00,131.0399932861328,131.0399932861328,130.85000610351562,130.91000366210938,63194.0
2026-03-20 19:43:00+00:00,130.91000366210938,131.02999877929688,130.89999389648438,130.97999572753906,63309.0
2026-03-20 19:44:00+00:00,130.97000122070312,131.1199951171875,130.94000244140625,131.10000610351562,73009.0
2026-03-20 19:45:00+00:00,131.10000610351562,131.10000610351562,131.0,131.0500030517578,77275.0
2026-03-20 19:46:00+00:00,131.05999755859375,131.2100067138672,131.02999877929688,131.17999267578125,80213.0
2026-03-20 19:47:00+00:00,131.19000244140625,131.25,131.1699981689453,131.2100067138672,72387.0
2026-03-20 19:48:00+00:00,131.22000122070312,131.27000427246094,131.11000061035156,131.25999450683594,91869.0
2026-03-20 19:49:00+00:00,131.25999450683594,131.47999572753906,131.25999450683594,131.38180541992188,114366.0
2026-03-20 19:50:00+00:00,131.4199981689453,132.1199951171875,131.19000244140625,131.30999755859375,377414.0
2026-03-20 19:51:00+00:00,131.3300018310547,131.3300018310547,131.14500427246094,131.25,119005.0
2026-03-20 19:52:00+00:00,131.25,131.3800048828125,131.24000549316406,131.35000610351562,104864.0
2026-03-20 19:53:00+00:00,131.36000061035156,131.5800018310547,131.2100067138672,131.5800018310547,151840.0
2026-03-20 19:54:00+00:00,131.58999633789062,131.6199951171875,130.97000122070312,131.02499389648438,207710.0
2026-03-20 19:55:00+00:00,131.00999450683594,131.01019287109375,129.91000366210938,130.39500427246094,529778.0
2026-03-20 19:56:00+00:00,130.39999389648438,130.42999267578125,130.2100067138672,130.24000549316406,280836.0
2026-03-20 19:57:00+00:00,130.24000549316406,130.27999877929688,129.92999267578125,130.02000427246094,353125.0
2026-03-20 19:58:00+00:00,130.02000427246094,130.02999877929688,129.92999267578125,130.0050048828125,434814.0
2026-03-20 19:59:00+00:00,130.0,130.00999450683594,129.88999938964844,129.99000549316406,918295.0
2026-03-23 13:30:00+00:00,133.1199951171875,133.97000122070312,132.67999267578125,133.74000549316406,422988.0
2026-03-23 13:31:00+00:00,133.56500244140625,133.72999572753906,132.72999572753906,133.0800018310547,62786.0
2026-03-23 13:32:00+00:00,133.07000732421875,133.27999877929688,132.85000610351562,133.0,54901.0
2026-03-23 13:33:00+00:00,133.0500030517578,133.1999969482422,132.8699951171875,133.0800018310547,67093.0
2026-03-23 13:34:00+00:00,133.0800018310547,133.0800018310547,131.875,131.97500610351562,50352.0
2026-03-23 13:35:00+00:00,132.07000732421875,132.1699981689453,131.57000732421875,131.6199951171875,28924.0
2026-03-23 13:36:00+00:00,131.64999389648438,132.0,131.58999633789062,131.97000122070312,31027.0
2026-03-23 13:37:00+00:00,131.99000549316406,132.2100067138672,131.83999633789062,132.13499450683594,21583.0
2026-03-23 13:38:00+00:00,132.1300048828125,132.4550018310547,132.08999633789062,132.38499450683594,38664.0
2026-03-23 13:39:00+00:00,132.32000732421875,132.64999389648438,132.2899932861328,132.39999389648438,35979.0
2026-03-23 13:40:00+00:00,132.41000366210938,132.41000366210938,132.14999389648438,132.2100067138672,34250.0
2026-03-23 13:41:00+00:00,132.26499938964844,132.26499938964844,131.9199981689453,132.07000732421875,40020.0
2026-03-23 13:42:00+00:00,132.0800018310547,132.19000244140625,131.95010375976562,132.1199951171875,56625.0
2026-03-23 13:43:00+00:00,132.10000610351562,132.20010375976562,131.9499969482422,132.17999267578125,12502.0
2026-03-23 13:44:00+00:00,132.1999969482422,132.22999572753906,132.08099365234375,132.2100067138672,11538.0
2026-03-23 13:45:00+00:00,132.22999572753906,132.83700561523438,132.2050018310547,132.83700561523438,48265.0
2026-03-23 13:46:00+00:00,132.76499938964844,132.76510620117188,132.40499877929688,132.4600067138672,65432.0
2026-03-23 13:47:00+00:00,132.4600067138672,132.50999450683594,132.08999633789062,132.1999969482422,31910.0
2026-03-23 13:48:00+00:00,132.13999938964844,132.16000366210938,131.94500732421875,132.14999389648438,22926.0
2026-03-23 13:49:00+00:00,132.0800018310547,132.21499633789062,132.0449981689453,132.13699340820312,20737.0
2026-03-23 13:50:00+00:00,132.10000610351562,132.1699981689453,131.98500061035156,132.00999450683594,30801.0
2026-03-23 13:51:00+00:00,132.0399932861328,132.10000610351562,131.8699951171875,131.9499969482422,60171.0
2026-03-23 13:52:00+00:00,131.8699951171875,132.1300048828125,131.66000366210938,132.1300048828125,27636.0
2026-03-23 13:53:00+00:00,132.1199951171875,132.25,132.02999877929688,132.11000061035156,38332.0
2026-03-23 13:54:00+00:00,132.07000732421875,132.125,131.75999450683594,131.75999450683594,33239.0
2026-03-23 13:55:00+00:00,131.77999877929688,131.8300018310547,131.44000244140625,131.44000244140625,25497.0
2026-03-23 13:56:00+00:00,131.47000122070312,131.5399932861328,131.25999450683594,131.35499572753906,22426.0
2026-03-23 13:57:00+00:00,131.34500122070312,131.5,131.25999450683594,131.47000122070312,14841.0
2026-03-23 13:58:00+00:00,131.52999877929688,131.83999633789062,131.4199981689453,131.83999633789062,30671.0
2026-03-23 13:59:00+00:00,131.8699951171875,131.9499969482422,131.55999755859375,131.57000732421875,17591.0
2026-03-23 14:00:00+00:00,131.5500030517578,131.58999633789062,131.41000366210938,131.5399932861328,31346.0
2026-03-23 14:01:00+00:00,131.52999877929688,131.6999969482422,131.4541015625,131.52999877929688,10801.0
2026-03-23 14:02:00+00:00,131.52000427246094,131.5399932861328,131.22999572753906,131.33999633789062,32950.0
2026-03-23 14:03:00+00:00,131.3300018310547,131.33999633789062,131.1699981689453,131.30999755859375,18117.0
2026-03-23 14:04:00+00:00,131.2899932861328,131.30999755859375,130.91000366210938,130.91000366210938,28194.0
2026-03-23 14:05:00+00:00,130.89999389648438,131.11000061035156,130.74000549316406,131.0800018310547,35488.0
2026-03-23 14:06:00+00:00,131.16000366210938,131.16000366210938,130.9550018310547,131.1199951171875,19197.0
2026-03-23 14:07:00+00:00,131.13999938964844,131.3795928955078,131.13999938964844,131.24000549316406,11061.0
2026-03-23 14:08:00+00:00,131.22999572753906,131.30270385742188,131.0850067138672,131.1199951171875,13423.0
2026-03-23 14:09:00+00:00,131.16000366210938,131.2899932861328,131.16000366210938,131.23500061035156,10688.0
2026-03-23 14:10:00+00:00,131.23500061035156,131.23500061035156,131.00039672851562,131.00039672851562,14604.0
2026-03-23 14:11:00+00:00,131.02999877929688,131.3300018310547,130.8800048828125,131.25,33412.0
2026-03-23 14:12:00+00:00,131.29510498046875,131.38999938964844,131.14500427246094,131.36000061035156,13308.0
2026-03-23 14:13:00+00:00,131.2899932861328,131.39999389648438,131.22999572753906,131.38999938964844,11788.0
2026-03-23 14:14:00+00:00,131.4499969482422,131.4499969482422,131.27999877929688,131.3800048828125,14022.0
2026-03-23 14:15:00+00:00,131.38999938964844,131.51499938964844,131.36000061035156,131.47999572753906,20019.0
2026-03-23 14:16:00+00:00,131.49000549316406,131.55999755859375,131.3800048828125,131.4600067138672,19984.0
2026-03-23 14:17:00+00:00,131.42010498046875,131.6649932861328,131.42010498046875,131.6199951171875,6907.0
2026-03-23 14:18:00+00:00,131.6300048828125,131.72000122070312,131.5601043701172,131.61500549316406,34878.0
2026-03-23 14:19:00+00:00,131.63999938964844,131.69000244140625,131.57000732421875,131.61000061035156,19359.0
2026-03-23 14:20:00+00:00,131.60000610351562,131.64999389648438,131.5,131.57000732421875,17875.0
2026-03-23 14:21:00+00:00,131.55999755859375,131.6199951171875,131.50999450683594,131.55999755859375,15600.0
2026-03-23 14:22:00+00:00,131.5699005126953,131.57000732421875,131.47999572753906,131.5500030517578,17506.0
2026-03-23 14:23:00+00:00,131.5,131.58999633789062,131.40499877929688,131.42999267578125,27117.0
2026-03-23 14:24:00+00:00,131.42999267578125,131.42999267578125,131.11000061035156,131.1300048828125,24563.0
2026-03-23 14:25:00+00:00,131.1199951171875,131.24000549316406,131.0800018310547,131.10000610351562,24358.0
2026-03-23 14:26:00+00:00,131.11000061035156,131.11000061035156,130.86500549316406,130.86500549316406,8797.0
2026-03-23 14:27:00+00:00,130.85000610351562,130.97000122070312,130.83999633789062,130.93499755859375,17268.0
2026-03-23 14:28:00+00:00,130.9550018310547,131.0500030517578,130.90499877929688,130.9600067138672,18903.0
2026-03-23 14:29:00+00:00,131.0399932861328,131.0500030517578,131.00999450683594,131.0399932861328,7797.0
2026-03-23 14:30:00+00:00,131.00999450683594,131.00999450683594,130.63999938964844,130.67999267578125,20331.0
2026-03-23 14:31:00+00:00,130.7100067138672,130.85000610351562,130.69000244140625,130.80999755859375,9997.0
2026-03-23 14:32:00+00:00,130.8300018310547,130.8800048828125,130.72000122070312,130.75999450683594,29002.0
2026-03-23 14:33:00+00:00,130.75,130.86000061035156,130.69000244140625,130.77000427246094,13382.0
2026-03-23 14:34:00+00:00,130.77999877929688,130.7949981689453,130.66000366210938,130.72000122070312,20246.0
2026-03-23 14:35:00+00:00,130.74000549316406,130.74000549316406,130.6199951171875,130.69000244140625,11862.0
2026-03-23 14:36:00+00:00,130.64500427246094,130.67999267578125,130.3300018310547,130.38999938964844,13399.0
2026-03-23 14:37:00+00:00,130.34500122070312,130.47999572753906,130.34500122070312,130.47000122070312,21979.0
2026-03-23 14:38:00+00:00,130.44000244140625,130.57000732421875,130.3699951171875,130.57000732421875,22542.0
2026-03-23 14:39:00+00:00,130.55499267578125,130.6999969482422,130.50999450683594,130.6300048828125,37004.0
2026-03-23 14:40:00+00:00,130.6300048828125,130.6300048828125,130.42999267578125,130.4600067138672,35394.0
2026-03-23 14:41:00+00:00,130.46499633789062,130.4949951171875,130.35000610351562,130.35000610351562,7789.0
2026-03-23 14:42:00+00:00,130.39999389648438,130.42999267578125,130.3699951171875,130.3699951171875,8036.0
2026-03-23 14:43:00+00:00,130.38999938964844,130.41990661621094,130.25,130.36000061035156,17478.0
2026-03-23 14:44:00+00:00,130.36000061035156,130.44000244140625,130.22999572753906,130.3800048828125,18606.0
2026-03-23 14:45:00+00:00,130.3699951171875,130.38999938964844,130.25999450683594,130.38999938964844,15208.0
2026-03-23 14:46:00+00:00,130.38999938964844,130.5399932861328,130.27000427246094,130.47999572753906,25427.0
2026-03-23 14:47:00+00:00,130.4600067138672,130.56500244140625,130.4600067138672,130.5,18033.0
2026-03-23 14:48:00+00:00,130.4600067138672,130.55029296875,130.41000366210938,130.4499969482422,15994.0
2026-03-23 14:49:00+00:00,130.46499633789062,130.5,130.38499450683594,130.4149932861328,11983.0
2026-03-23 14:50:00+00:00,130.4499969482422,130.4499969482422,130.28500366210938,130.42999267578125,22971.0
2026-03-23 14:51:00+00:00,130.4149932861328,130.53500366210938,130.28500366210938,130.53500366210938,34495.0
2026-03-23 14:52:00+00:00,130.5399932861328,130.77000427246094,130.5399932861328,130.75999450683594,24917.0
2026-03-23 14:53:00+00:00,130.73500061035156,130.82000732421875,130.67999267578125,130.80999755859375,16779.0
2026-03-23 14:54:00+00:00,130.85000610351562,130.85000610351562,130.73500061035156,130.77999877929688,7177.0
2026-03-23 14:55:00+00:00,130.77000427246094,131.00999450683594,130.7624969482422,130.7624969482422,33485.0
2026-03-23 14:56:00+00:00,130.8249969482422,130.94000244140625,130.75999450683594,130.8800048828125,19850.0
2026-03-23 14:57:00+00:00,130.8800048828125,130.91000366210938,130.75999450683594,130.81500244140625,12112.0
2026-03-23 14:58:00+00:00,130.83999633789062,130.8699951171875,130.75,130.8699951171875,8521.0
2026-03-23 14:59:00+00:00,130.86000061035156,130.875,130.8000030517578,130.80999755859375,19826.0
2026-03-23 15:00:00+00:00,130.7899932861328,130.83999633789062,130.6999969482422,130.8000030517578,20367.0
2026-03-23 15:01:00+00:00,130.7899932861328,130.92999267578125,130.74000549316406,130.9199981689453,13693.0
2026-03-23 15:02:00+00:00,130.94000244140625,131.08999633789062,130.89999389648438,131.08999633789062,16801.0
2026-03-23 15:03:00+00:00,131.05999755859375,131.16000366210938,130.97999572753906,131.10000610351562,22264.0
2026-03-23 15:04:00+00:00,131.10000610351562,131.1215057373047,130.99000549316406,130.99000549316406,15037.0
2026-03-23 15:05:00+00:00,130.88999938964844,130.92999267578125,130.77000427246094,130.77999877929688,16215.0
2026-03-23 15:06:00+00:00,130.80999755859375,130.83999633789062,130.7100067138672,130.77000427246094,6465.0
2026-03-23 15:07:00+00:00,130.75,130.77999877929688,130.6300048828125,130.75999450683594,18828.0
2026-03-23 15:08:00+00:00,130.72999572753906,130.77000427246094,130.57000732421875,130.6199951171875,12492.0
2026-03-23 15:09:00+00:00,130.66000366210938,130.6999969482422,130.60000610351562,130.60000610351562,12786.0
2026-03-23 15:10:00+00:00,130.58999633789062,130.63999938964844,130.57000732421875,130.57000732421875,14538.0
2026-03-23 15:11:00+00:00,130.5970001220703,130.64999389648438,130.59500122070312,130.61000061035156,8611.0
2026-03-23 15:12:00+00:00,130.5800018310547,130.72000122070312,130.5500030517578,130.625,16934.0
2026-03-23 15:13:00+00:00,130.61000061035156,130.8000030517578,130.55999755859375,130.8000030517578,25263.0
2026-03-23 15:14:00+00:00,130.7899932861328,130.81500244140625,130.72000122070312,130.80999755859375,8468.0
2026-03-23 15:15:00+00:00,130.82000732421875,130.8800048828125,130.77999877929688,130.83999633789062,15134.0
2026-03-23 15:16:00+00:00,130.82000732421875,130.91000366210938,130.80499267578125,130.85000610351562,13351.0
2026-03-23 15:17:00+00:00,130.8300018310547,130.84500122070312,130.72999572753906,130.7899932861328,19125.0
2026-03-23 15:18:00+00:00,130.6999969482422,130.7899932861328,130.6999969482422,130.75,6554.0
2026-03-23 15:19:00+00:00,130.75999450683594,130.77000427246094,130.69000244140625,130.69000244140625,7861.0
2026-03-23 15:20:00+00:00,130.6699981689453,130.72000122070312,130.57000732421875,130.57000732421875,10904.0
2026-03-23 15:21:00+00:00,130.57000732421875,130.5800018310547,130.44000244140625,130.51060485839844,22781.0
2026-03-23 15:22:00+00:00,130.52999877929688,130.55999755859375,130.49000549316406,130.5399932861328,17737.0
2026-03-23 15:23:00+00:00,130.52000427246094,130.5800018310547,130.50999450683594,130.5800018310547,9077.0
2026-03-23 15:24:00+00:00,130.55999755859375,130.60000610351562,130.50999450683594,130.5800018310547,9753.0
2026-03-23 15:25:00+00:00,130.5850067138672,130.66000366210938,130.51499938964844,130.66000366210938,15722.0
2026-03-23 15:26:00+00:00,130.69000244140625,130.69000244140625,130.52000427246094,130.52000427246094,12818.0
2026-03-23 15:27:00+00:00,130.5399932861328,130.5399932861328,130.44000244140625,130.4801025390625,15591.0
2026-03-23 15:28:00+00:00,130.48500061035156,130.50999450683594,130.4499969482422,130.50999450683594,17164.0
2026-03-23 15:29:00+00:00,130.52999877929688,130.5500030517578,130.41000366210938,130.50999450683594,16464.0
2026-03-23 15:30:00+00:00,130.49000549316406,130.6300048828125,130.47999572753906,130.60000610351562,13584.0
2026-03-23 15:31:00+00:00,130.60000610351562,130.6199951171875,130.5399932861328,130.61000061035156,7515.0
2026-03-23 15:32:00+00:00,130.63999938964844,130.6699981689453,130.52000427246094,130.55999755859375,9937.0
2026-03-23 15:33:00+00:00,130.52000427246094,130.52000427246094,130.4550018310547,130.5050048828125,6113.0
2026-03-23 15:34:00+00:00,130.4949951171875,130.50999450683594,130.39999389648438,130.4499969482422,7872.0
2026-03-23 15:35:00+00:00,130.47000122070312,130.47000122070312,130.36000061035156,130.36000061035156,6934.0
2026-03-23 15:36:00+00:00,130.32000732421875,130.41000366210938,130.27999877929688,130.28500366210938,10609.0
2026-03-23 15:37:00+00:00,130.2899932861328,130.32000732421875,130.16000366210938,130.16000366210938,12861.0
2026-03-23 15:38:00+00:00,130.17999267578125,130.27999877929688,130.11000061035156,130.11000061035156,11740.0
2026-03-23 15:39:00+00:00,130.0800018310547,130.08999633789062,130.00999450683594,130.0500030517578,11998.0
2026-03-23 15:40:00+00:00,130.0399932861328,130.0399932861328,129.85499572753906,129.85499572753906,16128.0
2026-03-23 15:41:00+00:00,129.85000610351562,129.99000549316406,129.75,129.89999389648438,23272.0
2026-03-23 15:42:00+00:00,129.91000366210938,129.91000366210938,129.61000061035156,129.61000061035156,18608.0
2026-03-23 15:43:00+00:00,129.66000366210938,129.6699981689453,129.5500030517578,129.64999389648438,13641.0
2026-03-23 15:44:00+00:00,129.64999389648438,129.72000122070312,129.5800018310547,129.68499755859375,14827.0
2026-03-23 15:45:00+00:00,129.6699981689453,129.6699981689453,129.5,129.5,12017.0
2026-03-23 15:46:00+00:00,129.44000244140625,129.4799041748047,129.3000030517578,129.39999389648438,26444.0
2026-03-23 15:47:00+00:00,129.3800048828125,129.5399932861328,129.34500122070312,129.52999877929688,32421.0
2026-03-23 15:48:00+00:00,129.5800018310547,129.72000122070312,129.5800018310547,129.67999267578125,12390.0
2026-03-23 15:49:00+00:00,129.71499633789062,129.8300018310547,129.4550018310547,129.4600067138672,123292.0
2026-03-23 15:50:00+00:00,129.47000122070312,129.5500030517578,129.36000061035156,129.3800048828125,25923.0
2026-03-23 15:51:00+00:00,129.39999389648438,129.52000427246094,129.39999389648438,129.4199981689453,20143.0
2026-03-23 15:52:00+00:00,129.4199981689453,129.4199981689453,129.08999633789062,129.22500610351562,35810.0
2026-03-23 15:53:00+00:00,129.24000549316406,129.3300018310547,129.125,129.27999877929688,16091.0
2026-03-23 15:54:00+00:00,129.26499938964844,129.26499938964844,128.9600067138672,128.97000122070312,33318.0
2026-03-23 15:55:00+00:00,128.97999572753906,129.13999938964844,128.82000732421875,129.0399932861328,74140.0
2026-03-23 15:56:00+00:00,129.0399932861328,129.06370544433594,128.86000061035156,128.86000061035156,19900.0
2026-03-23 15:57:00+00:00,128.8800048828125,128.97999572753906,128.77999877929688,128.8300018310547,34873.0
2026-03-23 15:58:00+00:00,128.84500122070312,128.89999389648438,128.63999938964844,128.67999267578125,66373.0
2026-03-23 15:59:00+00:00,128.6750030517578,128.7100067138672,128.58999633789062,128.69000244140625,80446.0
2026-03-23 16:00:00+00:00,128.67999267578125,128.83999633789062,128.58999633789062,128.64999389648438,48199.0
2026-03-23 16:01:00+00:00,128.71299743652344,128.72000122070312,128.5500030517578,128.58999633789062,16925.0
2026-03-23 16:02:00+00:00,128.61000061035156,128.64999389648438,128.49000549316406,128.6199951171875,16061.0
2026-03-23 16:03:00+00:00,128.56500244140625,128.56500244140625,128.33999633789062,128.4398956298828,23610.0
2026-03-23 16:04:00+00:00,128.4250030517578,128.49000549316406,128.41000366210938,128.46499633789062,8463.0
2026-03-23 16:05:00+00:00,128.42999267578125,128.55999755859375,128.42999267578125,128.4600067138672,10502.0
2026-03-23 16:06:00+00:00,128.5500030517578,128.57000732421875,128.36000061035156,128.5399932861328,14556.0
2026-03-23 16:07:00+00:00,128.5500030517578,128.66000366210938,128.52499389648438,128.6300048828125,20481.0
2026-03-23 16:08:00+00:00,128.6300048828125,128.7899932861328,128.625,128.78500366210938,14019.0
2026-03-23 16:09:00+00:00,128.75999450683594,128.75999450683594,128.6199951171875,128.6199951171875,14696.0
2026-03-23 16:10:00+00:00,128.5850067138672,128.63999938964844,128.5800018310547,128.6199951171875,10676.0
2026-03-23 16:11:00+00:00,128.6199951171875,128.6199951171875,128.47000122070312,128.47000122070312,7897.0
2026-03-23 16:12:00+00:00,128.4499969482422,128.57000732421875,128.4300994873047,128.47500610351562,18123.0
2026-03-23 16:13:00+00:00,128.4499969482422,128.47000122070312,128.3800048828125,128.3800048828125,7635.0
2026-03-23 16:14:00+00:00,128.375,128.42999267578125,128.35000610351562,128.4001007080078,13494.0
2026-03-23 16:15:00+00:00,128.39500427246094,128.4600067138672,128.35000610351562,128.36000061035156,15914.0
2026-03-23 16:16:00+00:00,128.3800048828125,128.42999267578125,128.30999755859375,128.41000366210938,9905.0
2026-03-23 16:17:00+00:00,128.3350067138672,128.375,128.3000030517578,128.3000030517578,14732.0
2026-03-23 16:18:00+00:00,128.32000732421875,128.32000732421875,128.14999389648438,128.1699981689453,23020.0
2026-03-23 16:19:00+00:00,128.1999969482422,128.31410217285156,128.1750030517578,128.31410217285156,25215.0
2026-03-23 16:20:00+00:00,128.26010131835938,128.3863983154297,128.24000549316406,128.24000549316406,13666.0
2026-03-23 16:21:00+00:00,128.30999755859375,128.35989379882812,128.24000549316406,128.27499389648438,13319.0
2026-03-23 16:22:00+00:00,128.25,128.2799072265625,128.10000610351562,128.13999938964844,16315.0
2026-03-23 16:23:00+00:00,128.1199951171875,128.25999450683594,128.07000732421875,128.10000610351562,27840.0
2026-03-23 16:24:00+00:00,128.14999389648438,128.32000732421875,128.13999938964844,128.27999877929688,19814.0
2026-03-23 16:25:00+00:00,128.206298828125,128.22000122070312,128.02000427246094,128.11000061035156,37633.0
2026-03-23 16:26:00+00:00,128.1199951171875,128.17999267578125,128.0500030517578,128.05999755859375,18183.0
2026-03-23 16:27:00+00:00,128.05990600585938,128.0800018310547,128.01040649414062,128.05999755859375,10424.0
2026-03-23 16:28:00+00:00,128.04010009765625,128.19000244140625,128.00999450683594,128.17999267578125,31623.0
2026-03-23 16:29:00+00:00,128.1750030517578,128.17999267578125,127.7750015258789,127.80999755859375,64308.0
2026-03-23 16:30:00+00:00,127.79499816894531,127.87999725341797,127.75499725341797,127.80000305175781,13380.0
2026-03-23 16:31:00+00:00,127.77999877929688,127.95989990234375,127.7699966430664,127.95989990234375,13268.0
2026-03-23 16:32:00+00:00,127.94999694824219,128.01010131835938,127.8499984741211,127.87000274658203,12432.0
2026-03-23 16:33:00+00:00,127.9000015258789,127.9000015258789,127.83000183105469,127.84500122070312,6105.0
2026-03-23 16:34:00+00:00,127.87999725341797,128.0,127.85890197753906,127.95500183105469,13137.0
2026-03-23 16:35:00+00:00,127.97000122070312,128.06500244140625,127.95999908447266,128.05499267578125,69455.0
2026-03-23 16:36:00+00:00,128.0800018310547,128.13999938964844,128.0749969482422,128.10499572753906,8150.0
2026-03-23 16:37:00+00:00,128.1300048828125,128.13999938964844,128.0850067138672,128.0850067138672,7937.0
2026-03-23 16:38:00+00:00,128.0800018310547,128.1186065673828,127.99500274658203,128.0399932861328,9157.0
2026-03-23 16:39:00+00:00,127.98999786376953,128.06500244140625,127.9749984741211,128.00999450683594,9118.0
2026-03-23 16:40:00+00:00,128.0,128.1699981689453,127.99500274658203,128.1304931640625,13403.0
2026-03-23 16:41:00+00:00,128.1385955810547,128.19000244140625,128.11000061035156,128.1699981689453,8581.0
2026-03-23 16:42:00+00:00,128.12989807128906,128.30999755859375,128.10000610351562,128.30999755859375,10857.0
2026-03-23 16:43:00+00:00,128.30999755859375,128.3300018310547,128.23500061035156,128.2550048828125,15335.0
2026-03-23 16:44:00+00:00,128.2550048828125,128.35000610351562,128.1300048828125,128.2449951171875,34598.0
2026-03-23 16:45:00+00:00,128.24000549316406,128.3300018310547,128.1999969482422,128.3300018310547,14060.0
2026-03-23 16:46:00+00:00,128.32000732421875,128.3300018310547,128.1999969482422,128.22000122070312,13750.0
2026-03-23 16:47:00+00:00,128.24000549316406,128.27999877929688,128.1699981689453,128.1699981689453,22969.0
2026-03-23 16:48:00+00:00,128.17999267578125,128.19500732421875,128.10000610351562,128.13499450683594,7338.0
2026-03-23 16:49:00+00:00,128.16000366210938,128.2100067138672,128.11000061035156,128.19500732421875,14187.0
2026-03-23 16:50:00+00:00,128.2100067138672,128.22999572753906,128.10150146484375,128.125,10820.0
2026-03-23 16:51:00+00:00,128.125,128.125,127.98999786376953,127.98999786376953,13898.0
2026-03-23 16:52:00+00:00,128.0050048828125,128.0800018310547,127.97000122070312,127.9800033569336,8716.0
2026-03-23 16:53:00+00:00,127.97000122070312,127.9749984741211,127.83999633789062,127.9000015258789,14920.0
2026-03-23 16:54:00+00:00,127.87999725341797,127.94999694824219,127.87999725341797,127.93499755859375,9268.0
2026-03-23 16:55:00+00:00,127.94999694824219,128.00999450683594,127.91000366210938,127.94000244140625,14530.0
2026-03-23 16:56:00+00:00,127.88999938964844,128.0,127.88999938964844,127.94999694824219,10411.0
2026-03-23 16:57:00+00:00,127.90609741210938,127.90609741210938,127.75,127.81999969482422,10015.0
2026-03-23 16:58:00+00:00,127.80000305175781,127.97000122070312,127.80000305175781,127.97000122070312,13888.0
2026-03-23 16:59:00+00:00,127.96499633789062,127.9800033569336,127.92400360107422,127.94000244140625,7153.0
2026-03-23 17:00:00+00:00,127.97000122070312,128.0500030517578,127.97000122070312,128.0,12419.0
2026-03-23 17:01:00+00:00,128.00999450683594,128.02999877929688,127.89749908447266,127.94999694824219,13088.0
2026-03-23 17:02:00+00:00,127.94499969482422,127.95999908447266,127.78500366210938,127.78500366210938,8532.0
2026-03-23 17:03:00+00:00,127.77999877929688,127.83000183105469,127.75499725341797,127.76499938964844,16097.0
2026-03-23 17:04:00+00:00,127.79000091552734,127.83000183105469,127.73999786376953,127.73999786376953,12641.0
2026-03-23 17:05:00+00:00,127.73400115966797,127.75,127.71759796142578,127.7300033569336,13082.0
2026-03-23 17:06:00+00:00,127.7229995727539,127.73999786376953,127.66600036621094,127.73999786376953,10854.0
2026-03-23 17:07:00+00:00,127.7300033569336,127.86000061035156,127.7300033569336,127.83000183105469,14051.0
2026-03-23 17:08:00+00:00,127.80999755859375,127.86959838867188,127.75299835205078,127.81999969482422,8412.0
2026-03-23 17:09:00+00:00,127.82499694824219,127.87999725341797,127.80000305175781,127.8499984741211,9252.0
2026-03-23 17:10:00+00:00,127.83999633789062,127.88999938964844,127.80999755859375,127.81999969482422,9389.0
2026-03-23 17:11:00+00:00,127.81999969482422,127.86000061035156,127.81169891357422,127.83000183105469,5213.0
2026-03-23 17:12:00+00:00,127.83499908447266,127.85990142822266,127.75,127.76000213623047,11315.0
2026-03-23 17:13:00+00:00,127.76000213623047,127.77999877929688,127.7300033569336,127.77999877929688,10050.0
2026-03-23 17:14:00+00:00,127.7750015258789,127.7750015258789,127.58000183105469,127.58999633789062,24405.0
2026-03-23 17:15:00+00:00,127.58999633789062,127.66000366210938,127.58999633789062,127.62999725341797,10816.0
2026-03-23 17:16:00+00:00,127.60250091552734,127.62000274658203,127.5,127.56999969482422,26753.0
2026-03-23 17:17:00+00:00,127.58000183105469,127.7300033569336,127.56999969482422,127.70999908447266,20130.0
2026-03-23 17:18:00+00:00,127.6500015258789,127.69000244140625,127.61000061035156,127.625,7522.0
2026-03-23 17:19:00+00:00,127.62999725341797,127.63999938964844,127.54000091552734,127.54499816894531,7009.0
2026-03-23 17:20:00+00:00,127.51339721679688,127.51339721679688,127.41000366210938,127.44999694824219,10200.0
2026-03-23 17:21:00+00:00,127.44000244140625,127.54000091552734,127.43000030517578,127.45999908447266,11359.0
2026-03-23 17:22:00+00:00,127.4800033569336,127.50499725341797,127.45999908447266,127.50499725341797,5143.0
2026-03-23 17:23:00+00:00,127.4800033569336,127.53009796142578,127.47000122070312,127.53009796142578,7699.0
2026-03-23 17:24:00+00:00,127.51000213623047,127.55000305175781,127.49009704589844,127.54000091552734,5768.0
2026-03-23 17:25:00+00:00,127.54000091552734,127.66999816894531,127.54000091552734,127.625,12713.0
2026-03-23 17:26:00+00:00,127.62000274658203,127.70700073242188,127.58999633789062,127.69000244140625,7893.0
2026-03-23 17:27:00+00:00,127.68000030517578,127.72000122070312,127.63999938964844,127.72000122070312,12815.0
2026-03-23 17:28:00+00:00,127.70999908447266,127.77999877929688,127.70999908447266,127.73999786376953,5069.0
2026-03-23 17:29:00+00:00,127.74500274658203,127.75499725341797,127.69999694824219,127.69999694824219,14332.0
2026-03-23 17:30:00+00:00,127.70999908447266,127.80000305175781,127.66000366210938,127.70999908447266,15991.0
2026-03-23 17:31:00+00:00,127.73999786376953,127.83999633789062,127.72000122070312,127.83999633789062,12789.0
2026-03-23 17:32:00+00:00,127.83000183105469,127.86000061035156,127.75,127.75,8020.0
2026-03-23 17:33:00+00:00,127.76000213623047,128.05999755859375,127.73999786376953,128.02499389648438,40839.0
2026-03-23 17:34:00+00:00,128.0,128.00999450683594,127.88999938964844,127.9749984741211,19655.0
2026-03-23 17:35:00+00:00,127.94000244140625,128.1699981689453,127.94000244140625,128.1649932861328,32484.0
2026-03-23 17:36:00+00:00,128.1699981689453,128.30499267578125,128.13999938964844,128.30499267578125,30963.0
2026-03-23 17:37:00+00:00,128.2949981689453,128.3800048828125,128.24000549316406,128.3300018310547,22218.0
2026-03-23 17:38:00+00:00,128.36000061035156,128.4250030517578,128.25999450683594,128.38999938964844,85334.0
2026-03-23 17:39:00+00:00,128.35000610351562,128.3699951171875,128.24000549316406,128.30999755859375,20474.0
2026-03-23 17:40:00+00:00,128.2899932861328,128.2899932861328,128.2104034423828,128.25999450683594,10242.0
2026-03-23 17:41:00+00:00,128.25999450683594,128.30999755859375,128.22999572753906,128.27000427246094,20294.0
2026-03-23 17:42:00+00:00,128.24000549316406,128.3000030517578,128.21499633789062,128.2519989013672,18490.0
2026-03-23 17:43:00+00:00,128.25999450683594,128.25999450683594,128.05999755859375,128.1300048828125,28347.0
2026-03-23 17:44:00+00:00,128.09500122070312,128.1699981689453,128.0,128.05999755859375,14270.0
2026-03-23 17:45:00+00:00,128.07000732421875,128.07000732421875,127.9800033569336,128.05999755859375,13990.0
2026-03-23 17:46:00+00:00,128.0399932861328,128.11000061035156,127.9800033569336,128.0749969482422,12473.0
2026-03-23 17:47:00+00:00,128.0449981689453,128.0850067138672,127.94999694824219,128.0850067138672,13832.0
2026-03-23 17:48:00+00:00,128.1199951171875,128.14999389648438,128.0749969482422,128.1300048828125,10288.0
2026-03-23 17:49:00+00:00,128.11000061035156,128.11500549316406,128.0500030517578,128.09500122070312,9542.0
2026-03-23 17:50:00+00:00,128.10000610351562,128.24000549316406,128.07000732421875,128.24000549316406,15030.0
2026-03-23 17:51:00+00:00,128.22999572753906,128.30999755859375,128.22999572753906,128.26499938964844,7737.0
2026-03-23 17:52:00+00:00,128.25999450683594,128.32000732421875,128.24000549316406,128.24000549316406,22445.0
2026-03-23 17:53:00+00:00,128.22999572753906,128.25,128.14999389648438,128.1999969482422,14511.0
2026-03-23 17:54:00+00:00,128.1699981689453,128.17999267578125,128.12010192871094,128.17999267578125,8235.0
2026-03-23 17:55:00+00:00,128.17999267578125,128.1999053955078,128.11000061035156,128.17999267578125,10331.0
2026-03-23 17:56:00+00:00,128.18499755859375,128.25999450683594,128.17999267578125,128.2550048828125,11318.0
2026-03-23 17:57:00+00:00,128.24000549316406,128.27999877929688,128.2100067138672,128.27999877929688,6190.0
2026-03-23 17:58:00+00:00,128.27999877929688,128.33999633789062,128.27999877929688,128.33999633789062,11928.0
2026-03-23 17:59:00+00:00,128.32000732421875,128.32000732421875,128.2301025390625,128.2899932861328,10882.0
2026-03-23 18:00:00+00:00,128.25999450683594,128.33999633789062,128.2100067138672,128.2100067138672,18567.0
2026-03-23 18:01:00+00:00,128.1999969482422,128.25,128.16000366210938,128.24000549316406,30588.0
2026-03-23 18:02:00+00:00,128.25,128.25999450683594,128.08999633789062,128.19000244140625,14690.0
2026-03-23 18:03:00+00:00,128.19000244140625,128.30999755859375,128.19000244140625,128.30999755859375,20264.0
2026-03-23 18:04:00+00:00,128.33999633789062,128.3699951171875,128.27000427246094,128.27000427246094,11090.0
2026-03-23 18:05:00+00:00,128.27499389648438,128.29989624023438,128.1999969482422,128.2449951171875,9728.0
2026-03-23 18:06:00+00:00,128.21499633789062,128.21499633789062,128.10499572753906,128.17999267578125,24226.0
2026-03-23 18:07:00+00:00,128.17999267578125,128.1999969482422,127.8499984741211,127.96499633789062,39010.0
2026-03-23 18:08:00+00:00,127.95500183105469,128.0500030517578,127.92500305175781,128.0,14367.0
2026-03-23 18:09:00+00:00,128.0,128.02000427246094,127.93000030517578,127.98500061035156,11812.0
2026-03-23 18:10:00+00:00,128.00999450683594,128.1300048828125,128.00999450683594,128.05999755859375,8833.0
2026-03-23 18:11:00+00:00,128.07009887695312,128.19500732421875,128.0399932861328,128.19500732421875,9619.0
2026-03-23 18:12:00+00:00,128.20249938964844,128.20249938964844,128.13999938964844,128.13999938964844,7813.0
2026-03-23 18:13:00+00:00,128.1300048828125,128.22000122070312,128.1300048828125,128.17999267578125,8621.0
2026-03-23 18:14:00+00:00,128.20880126953125,128.33999633789062,128.1999969482422,128.30999755859375,19378.0
2026-03-23 18:15:00+00:00,128.3300018310547,128.4199981689453,128.3000030517578,128.39999389648438,8874.0
2026-03-23 18:16:00+00:00,128.3800048828125,128.4600067138672,128.36000061035156,128.39999389648438,17574.0
2026-03-23 18:17:00+00:00,128.35000610351562,128.4199981689453,128.3300018310547,128.38999938964844,15136.0
2026-03-23 18:18:00+00:00,128.44500732421875,128.47000122070312,128.40589904785156,128.42999267578125,10553.0
2026-03-23 18:19:00+00:00,128.41000366210938,128.52000427246094,128.41000366210938,128.4499969482422,29126.0
2026-03-23 18:20:00+00:00,128.44000244140625,128.47999572753906,128.4199981689453,128.47999572753906,5923.0
2026-03-23 18:21:00+00:00,128.47999572753906,128.61000061035156,128.47000122070312,128.61000061035156,14487.0
2026-03-23 18:22:00+00:00,128.5500030517578,128.6300048828125,128.5,128.5399932861328,21793.0
2026-03-23 18:23:00+00:00,128.51499938964844,128.5800018310547,128.4591064453125,128.46339416503906,10541.0
2026-03-23 18:24:00+00:00,128.47000122070312,128.49000549316406,128.4600067138672,128.49000549316406,4332.0
2026-03-23 18:25:00+00:00,128.5,128.5399932861328,128.4199981689453,128.47500610351562,11158.0
2026-03-23 18:26:00+00:00,128.47000122070312,128.50999450683594,128.4600067138672,128.50999450683594,6125.0
2026-03-23 18:27:00+00:00,128.50999450683594,128.57249450683594,128.50999450683594,128.52000427246094,8634.0
2026-03-23 18:28:00+00:00,128.49000549316406,128.55999755859375,128.47000122070312,128.49000549316406,12016.0
2026-03-23 18:29:00+00:00,128.47500610351562,128.49000549316406,128.4250030517578,128.4499969482422,8360.0
2026-03-23 18:30:00+00:00,128.4600067138672,128.52000427246094,128.4600067138672,128.50999450683594,7352.0
2026-03-23 18:31:00+00:00,128.49000549316406,128.57000732421875,128.47000122070312,128.57000732421875,14947.0
2026-03-23 18:32:00+00:00,128.5500030517578,128.60000610351562,128.51010131835938,128.60000610351562,7815.0
2026-03-23 18:33:00+00:00,128.59500122070312,128.77000427246094,128.59500122070312,128.75999450683594,11466.0
2026-03-23 18:34:00+00:00,128.75,128.82000732421875,128.71499633789062,128.7899932861328,10379.0
2026-03-23 18:35:00+00:00,128.7899932861328,128.86000061035156,128.7550048828125,128.7550048828125,14470.0
2026-03-23 18:36:00+00:00,128.75999450683594,128.91000366210938,128.75999450683594,128.85499572753906,20063.0
2026-03-23 18:37:00+00:00,128.85499572753906,128.9600067138672,128.85499572753906,128.8800048828125,7820.0
2026-03-23 18:38:00+00:00,128.8699951171875,128.89999389648438,128.85499572753906,128.8699951171875,13264.0
2026-03-23 18:39:00+00:00,128.83999633789062,128.83999633789062,128.6199951171875,128.82000732421875,24262.0
2026-03-23 18:40:00+00:00,128.81500244140625,128.83999633789062,128.7899932861328,128.83999633789062,6490.0
2026-03-23 18:41:00+00:00,128.80999755859375,128.8699951171875,128.7899932861328,128.80999755859375,9412.0
2026-03-23 18:42:00+00:00,128.82000732421875,128.89999389648438,128.82000732421875,128.88999938964844,4833.0
2026-03-23 18:43:00+00:00,128.88499450683594,128.99000549316406,128.88499450683594,128.97999572753906,15748.0
2026-03-23 18:44:00+00:00,128.9199981689453,128.95509338378906,128.86990356445312,128.86990356445312,9389.0
2026-03-23 18:45:00+00:00,128.85000610351562,128.92999267578125,128.85000610351562,128.92999267578125,4814.0
2026-03-23 18:46:00+00:00,128.92999267578125,128.99000549316406,128.92999267578125,128.9499969482422,10474.0
2026-03-23 18:47:00+00:00,128.9600067138672,129.0,128.9199981689453,129.0,10638.0
2026-03-23 18:48:00+00:00,129.00999450683594,129.03990173339844,128.97189331054688,128.97189331054688,6442.0
2026-03-23 18:49:00+00:00,128.96499633789062,129.0749969482422,128.96499633789062,129.07000732421875,18264.0
2026-03-23 18:50:00+00:00,129.0850067138672,129.1199951171875,129.05999755859375,129.05999755859375,11382.0
2026-03-23 18:51:00+00:00,129.07000732421875,129.11990356445312,129.0500030517578,129.11000061035156,6158.0
2026-03-23 18:52:00+00:00,129.10000610351562,129.10549926757812,129.0800018310547,129.10000610351562,6931.0
2026-03-23 18:53:00+00:00,129.0749969482422,129.1300048828125,129.0449981689453,129.10000610351562,16836.0
2026-03-23 18:54:00+00:00,129.08999633789062,129.1199951171875,129.07000732421875,129.0850067138672,21964.0
2026-03-23 18:55:00+00:00,129.0850067138672,129.11000061035156,129.00999450683594,129.03500366210938,10972.0
2026-03-23 18:56:00+00:00,129.0449981689453,129.05999755859375,128.96009826660156,129.0,16606.0
2026-03-23 18:57:00+00:00,128.9600067138672,128.99000549316406,128.94900512695312,128.97000122070312,13888.0
2026-03-23 18:58:00+00:00,129.0,129.08999633789062,129.0,129.07000732421875,8137.0
2026-03-23 18:59:00+00:00,129.0749969482422,129.11000061035156,129.02999877929688,129.03500366210938,7939.0
2026-03-23 19:00:00+00:00,129.00599670410156,129.04989624023438,128.9499969482422,128.9600067138672,8087.0
2026-03-23 19:01:00+00:00,128.9499969482422,128.98500061035156,128.8800048828125,128.93499755859375,14607.0
2026-03-23 19:02:00+00:00,128.97000122070312,128.97000122070312,128.75,128.8300018310547,14910.0
2026-03-23 19:03:00+00:00,128.82000732421875,128.84500122070312,128.7899932861328,128.8300018310547,8556.0
2026-03-23 19:04:00+00:00,128.85000610351562,128.94000244140625,128.85000610351562,128.89999389648438,7932.0
2026-03-23 19:05:00+00:00,128.90499877929688,128.9499969482422,128.88180541992188,128.94000244140625,12270.0
2026-03-23 19:06:00+00:00,128.96499633789062,129.02000427246094,128.94000244140625,129.00999450683594,10721.0
2026-03-23 19:07:00+00:00,129.01499938964844,129.11000061035156,129.0,129.11000061035156,16105.0
2026-03-23 19:08:00+00:00,129.10000610351562,129.14999389648438,129.0800018310547,129.13499450683594,14082.0
2026-03-23 19:09:00+00:00,129.1199951171875,129.1699981689453,129.10000610351562,129.1699981689453,10707.0
2026-03-23 19:10:00+00:00,129.17999267578125,129.22000122070312,129.02000427246094,129.04519653320312,22054.0
2026-03-23 19:11:00+00:00,129.0399932861328,129.08999633789062,129.0399932861328,129.06500244140625,9084.0
2026-03-23 19:12:00+00:00,129.0800018310547,129.16000366210938,129.0800018310547,129.1199951171875,14148.0
2026-03-23 19:13:00+00:00,129.13999938964844,129.15499877929688,129.11000061035156,129.11000061035156,14087.0
2026-03-23 19:14:00+00:00,129.13999938964844,129.16000366210938,129.0500030517578,129.12049865722656,22219.0
2026-03-23 19:15:00+00:00,129.10499572753906,129.10499572753906,129.00999450683594,129.0399932861328,14069.0
2026-03-23 19:16:00+00:00,129.07000732421875,129.07000732421875,129.0,129.00999450683594,12068.0
2026-03-23 19:17:00+00:00,129.0399932861328,129.10000610351562,129.00999450683594,129.00999450683594,12791.0
2026-03-23 19:18:00+00:00,129.01499938964844,129.02999877929688,128.9199981689453,128.9600067138672,23576.0
2026-03-23 19:19:00+00:00,128.9199981689453,128.9949951171875,128.9149932861328,128.9949951171875,12889.0
2026-03-23 19:20:00+00:00,128.97999572753906,129.02999877929688,128.9199981689453,129.02000427246094,24109.0
2026-03-23 19:21:00+00:00,129.04989624023438,129.0800018310547,128.9949951171875,128.9949951171875,25201.0
2026-03-23 19:22:00+00:00,129.01780700683594,129.02999877929688,128.97999572753906,129.0,10332.0
2026-03-23 19:23:00+00:00,129.02000427246094,129.0500030517578,128.97999572753906,129.0500030517578,24636.0
2026-03-23 19:24:00+00:00,129.0449981689453,129.05999755859375,129.02999877929688,129.02999877929688,4880.0
2026-03-23 19:25:00+00:00,129.03500366210938,129.07000732421875,128.97999572753906,128.99000549316406,28045.0
2026-03-23 19:26:00+00:00,128.97000122070312,129.0,128.8699951171875,128.9600067138672,20369.0
2026-03-23 19:27:00+00:00,128.92999267578125,128.94500732421875,128.91070556640625,128.94000244140625,6433.0
2026-03-23 19:28:00+00:00,128.94000244140625,129.05499267578125,128.94000244140625,129.0500030517578,13402.0
2026-03-23 19:29:00+00:00,129.02999877929688,129.05999755859375,128.92999267578125,128.97000122070312,23446.0
2026-03-23 19:30:00+00:00,128.97000122070312,128.99000549316406,128.8699951171875,128.8699951171875,20150.0
2026-03-23 19:31:00+00:00,128.875,128.89999389648438,128.7899932861328,128.80999755859375,15456.0
2026-03-23 19:32:00+00:00,128.7899932861328,128.9199981689453,128.7899932861328,128.9149932861328,19449.0
2026-03-23 19:33:00+00:00,128.9199981689453,128.9499969482422,128.9199981689453,128.9499969482422,10491.0
2026-03-23 19:34:00+00:00,128.9600067138672,128.9600067138672,128.85000610351562,128.85499572753906,15383.0
2026-03-23 19:35:00+00:00,128.8699951171875,128.89999389648438,128.82000732421875,128.82000732421875,14968.0
2026-03-23 19:36:00+00:00,128.80999755859375,128.80999755859375,128.72999572753906,128.80999755859375,19792.0
2026-03-23 19:37:00+00:00,128.7899932861328,128.8000030517578,128.7209014892578,128.75,19586.0
2026-03-23 19:38:00+00:00,128.75,128.80999755859375,128.74000549316406,128.77000427246094,18592.0
2026-03-23 19:39:00+00:00,128.77499389648438,128.77879333496094,128.72000122070312,128.77000427246094,19727.0
2026-03-23 19:40:00+00:00,128.75999450683594,128.8300018310547,128.75999450683594,128.8300018310547,26876.0
2026-03-23 19:41:00+00:00,128.8300018310547,128.88999938964844,128.72999572753906,128.72999572753906,25187.0
2026-03-23 19:42:00+00:00,128.71499633789062,128.74000549316406,128.6999969482422,128.7100067138672,10503.0
2026-03-23 19:43:00+00:00,128.6999969482422,128.75,128.69000244140625,128.72999572753906,21724.0
2026-03-23 19:44:00+00:00,128.72999572753906,128.83999633789062,128.7100067138672,128.8300018310547,23409.0
2026-03-23 19:45:00+00:00,128.83999633789062,128.9199981689453,128.8300018310547,128.9185028076172,19726.0
2026-03-23 19:46:00+00:00,128.88999938964844,128.92999267578125,128.8300018310547,128.8300018310547,24921.0
2026-03-23 19:47:00+00:00,128.8350067138672,128.91000366210938,128.7899932861328,128.8800048828125,38414.0
2026-03-23 19:48:00+00:00,128.8699951171875,128.88999938964844,128.74000549316406,128.74000549316406,44546.0
2026-03-23 19:49:00+00:00,128.72000122070312,128.82000732421875,128.7100067138672,128.82000732421875,19052.0
2026-03-23 19:50:00+00:00,128.82000732421875,128.9600067138672,128.6999969482422,128.8699951171875,79340.0
2026-03-23 19:51:00+00:00,128.88999938964844,128.94000244140625,128.85000610351562,128.88999938964844,37853.0
2026-03-23 19:52:00+00:00,128.88499450683594,128.99000549316406,128.88499450683594,128.9199981689453,33173.0
2026-03-23 19:53:00+00:00,128.89999389648438,128.97000122070312,128.8000030517578,128.94500732421875,58558.0
2026-03-23 19:54:00+00:00,128.94500732421875,128.9499969482422,128.64999389648438,128.71499633789062,107356.0
2026-03-23 19:55:00+00:00,128.72999572753906,128.86000061035156,128.58999633789062,128.64999389648438,91828.0
2026-03-23 19:56:00+00:00,128.64999389648438,128.66000366210938,128.51499938964844,128.6199951171875,73778.0
2026-03-23 19:57:00+00:00,128.61000061035156,128.6199951171875,128.47000122070312,128.52999877929688,85093.0
2026-03-23 19:58:00+00:00,128.52000427246094,128.52999877929688,128.4600067138672,128.47999572753906,106320.0
2026-03-23 19:59:00+00:00,128.49000549316406,128.49000549316406,128.3300018310547,128.3300018310547,328035.0
2026-03-23 20:00:00+00:00,128.35000610351562,128.35000610351562,128.35000610351562,128.35000610351562,0.0
