datetime_utc,open,high,low,close,volume
2026-02-11 14:30:00,140.02000427246094,140.52000427246094,139.6009979248047,140.03500366210938,0
2026-02-11 14:31:00,139.97340393066406,140.11500549316406,139.3699951171875,139.82000732421875,15082
2026-02-11 14:32:00,139.82000732421875,139.8249969482422,139.52999877929688,139.6300048828125,17633
2026-02-11 14:33:00,139.69749450683594,140.24000549316406,139.42999267578125,140.21090698242188,19319
2026-02-11 14:34:00,140.07000732421875,140.14999389648438,139.60000610351562,139.60009765625,40316
2026-02-11 14:35:00,139.6199951171875,139.6199951171875,139.11000061035156,139.1300048828125,19144
2026-02-11 14:36:00,139.1300048828125,139.50999450683594,139.125,139.47999572753906,29168
2026-02-11 14:37:00,139.4600067138672,139.58999633789062,139.3000030517578,139.58999633789062,20158
2026-02-11 14:38:00,139.58999633789062,139.64999389648438,139.47000122070312,139.48500061035156,15539
2026-02-11 14:39:00,139.4499969482422,139.9499969482422,139.32000732421875,139.90499877929688,39394
2026-02-11 14:40:00,139.91380310058594,140.05999755859375,139.83999633789062,139.84519958496094,19293
2026-02-11 14:41:00,139.89500427246094,140.1999969482422,139.89500427246094,140.00999450683594,7764
2026-02-11 14:42:00,139.97000122070312,140.32000732421875,139.97000122070312,140.32000732421875,6012
2026-02-11 14:43:00,140.23500061035156,140.57090759277344,140.23500061035156,140.5500030517578,10653
2026-02-11 14:44:00,140.50999450683594,140.63999938964844,140.0800018310547,140.1699981689453,20387
2026-02-11 14:45:00,140.07000732421875,140.13999938964844,139.85000610351562,140.13999938964844,21219
2026-02-11 14:46:00,140.13999938964844,140.14999389648438,139.80999755859375,139.89500427246094,19918
2026-02-11 14:47:00,139.88999938964844,140.02000427246094,139.8699951171875,140.0,15693
2026-02-11 14:48:00,139.99000549316406,140.1750030517578,139.99000549316406,140.14999389648438,9103
2026-02-11 14:49:00,140.15499877929688,140.2698974609375,140.02000427246094,140.02000427246094,14195
2026-02-11 14:50:00,140.05999755859375,140.11000061035156,139.8800048828125,140.02000427246094,51473
2026-02-11 14:51:00,140.0399932861328,140.1300048828125,139.8000030517578,140.02999877929688,17826
2026-02-11 14:52:00,140.03500366210938,140.30499267578125,140.03500366210938,140.14549255371094,13013
2026-02-11 14:53:00,140.09249877929688,140.44000244140625,140.09249877929688,140.39999389648438,18282
2026-02-11 14:54:00,140.44000244140625,140.468505859375,140.27999877929688,140.44500732421875,12998
2026-02-11 14:55:00,140.4499969482422,140.64999389648438,140.4499969482422,140.64999389648438,11390
2026-02-11 14:56:00,140.50999450683594,140.6199951171875,140.50999450683594,140.56500244140625,9637
2026-02-11 14:57:00,140.5,140.52000427246094,140.3000030517578,140.4250030517578,7115
2026-02-11 14:58:00,140.43499755859375,140.44500732421875,140.32009887695312,140.4250030517578,15289
2026-02-11 14:59:00,140.32009887695312,140.6999969482422,140.32009887695312,140.52000427246094,139536
2026-02-11 15:00:00,140.5399932861328,140.60000610351562,140.1999969482422,140.27000427246094,23017
2026-02-11 15:01:00,140.22999572753906,140.4499969482422,140.17999267578125,140.39999389648438,17412
2026-02-11 15:02:00,140.38499450683594,140.54989624023438,140.36000061035156,140.41000366210938,22529
2026-02-11 15:03:00,140.42999267578125,140.64999389648438,140.39010620117188,140.6450958251953,13124
2026-02-11 15:04:00,140.6898956298828,140.6898956298828,140.39010620117188,140.43499755859375,18108
2026-02-11 15:05:00,140.44749450683594,140.4600067138672,140.25,140.35499572753906,23714
2026-02-11 15:06:00,140.3820037841797,140.64999389648438,140.35499572753906,140.55889892578125,12473
2026-02-11 15:07:00,140.5800018310547,140.64999389648438,140.54359436035156,140.61000061035156,10058
2026-02-11 15:08:00,140.66000366210938,140.67999267578125,140.5800018310547,140.58999633789062,14290
2026-02-11 15:09:00,140.5399932861328,140.66000366210938,140.50999450683594,140.61000061035156,7788
2026-02-11 15:10:00,140.47999572753906,140.5050048828125,140.34500122070312,140.35000610351562,15181
2026-02-11 15:11:00,140.3350067138672,140.33999633789062,140.2550048828125,140.3000030517578,12703
2026-02-11 15:12:00,140.22000122070312,140.25,140.0800018310547,140.1199951171875,20292
2026-02-11 15:13:00,140.08009338378906,140.08999633789062,139.8350067138672,139.8350067138672,9889
2026-02-11 15:14:00,139.80999755859375,140.36000061035156,139.8000030517578,140.26499938964844,28110
2026-02-11 15:15:00,140.2449951171875,140.32000732421875,140.08999633789062,140.125,12624
2026-02-11 15:16:00,140.16700744628906,140.22999572753906,140.05499267578125,140.05999755859375,9439
2026-02-11 15:17:00,140.05999755859375,140.24000549316406,140.05999755859375,140.22000122070312,8437
2026-02-11 15:18:00,140.22000122070312,140.30999755859375,140.1300048828125,140.25250244140625,18024
2026-02-11 15:19:00,140.1999969482422,140.22000122070312,140.02000427246094,140.0749969482422,17432
2026-02-11 15:20:00,140.1199951171875,140.13499450683594,139.91000366210938,139.97999572753906,19181
2026-02-11 15:21:00,139.97500610351562,140.25,139.88999938964844,140.21499633789062,25361
2026-02-11 15:22:00,140.21499633789062,140.21499633789062,140.0800018310547,140.14999389648438,9420
2026-02-11 15:23:00,140.10000610351562,140.17999267578125,140.0,140.02999877929688,15617
2026-02-11 15:24:00,140.0399932861328,140.0399932861328,139.76010131835938,139.8300018310547,24917
2026-02-11 15:25:00,139.8800048828125,139.94000244140625,139.66000366210938,139.6649932861328,17297
2026-02-11 15:26:00,139.61000061035156,139.8800048828125,139.58999633789062,139.72000122070312,23062
2026-02-11 15:27:00,139.67999267578125,139.83999633789062,139.67250061035156,139.75,6725
2026-02-11 15:28:00,139.75999450683594,140.10000610351562,139.75999450683594,139.9199981689453,10529
2026-02-11 15:29:00,139.92999267578125,139.99000549316406,139.8300018310547,139.84500122070312,13219
2026-02-11 15:30:00,139.8300018310547,140.02499389648438,139.80999755859375,140.02499389648438,6656
2026-02-11 15:31:00,140.10000610351562,140.13999938964844,140.02999877929688,140.10000610351562,7163
2026-02-11 15:32:00,140.0399932861328,140.14999389648438,139.9949951171875,139.9949951171875,4357
2026-02-11 15:33:00,140.0500030517578,140.1999969482422,139.97000122070312,140.11000061035156,13147
2026-02-11 15:34:00,140.1999969482422,140.32000732421875,140.17999267578125,140.30999755859375,8437
2026-02-11 15:35:00,140.35000610351562,140.47999572753906,140.32640075683594,140.41000366210938,12305
2026-02-11 15:36:00,140.4600067138672,140.50999450683594,140.3800048828125,140.3800048828125,7450
2026-02-11 15:37:00,140.3300018310547,140.39999389648438,140.25999450683594,140.39999389648438,9761
2026-02-11 15:38:00,140.41000366210938,140.60000610351562,140.3699951171875,140.60000610351562,9305
2026-02-11 15:39:00,140.5850067138672,140.80999755859375,140.55999755859375,140.77499389648438,12389
2026-02-11 15:40:00,140.78500366210938,140.9600067138672,140.7812042236328,140.86500549316406,16625
2026-02-11 15:41:00,140.89999389648438,140.92999267578125,140.72999572753906,140.7449951171875,12968
2026-02-11 15:42:00,140.74000549316406,140.74000549316406,140.5500030517578,140.60499572753906,6735
2026-02-11 15:43:00,140.66000366210938,140.66000366210938,140.41000366210938,140.51499938964844,7908
2026-02-11 15:44:00,140.50999450683594,140.5500030517578,140.47000122070312,140.52000427246094,5029
2026-02-11 15:45:00,140.5,140.67799377441406,140.47000122070312,140.6199951171875,10776
2026-02-11 15:46:00,140.58999633789062,140.63999938964844,140.38999938964844,140.5,12894
2026-02-11 15:47:00,140.42999267578125,140.47000122070312,140.30999755859375,140.39999389648438,8051
2026-02-11 15:48:00,140.44000244140625,140.6699981689453,140.39500427246094,140.63499450683594,12190
2026-02-11 15:49:00,140.58999633789062,140.63999938964844,140.52000427246094,140.6300048828125,6343
2026-02-11 15:50:00,140.6199951171875,140.6199951171875,140.40960693359375,140.4250030517578,12583
2026-02-11 15:51:00,140.39999389648438,140.6999969482422,140.38999938964844,140.6999969482422,14221
2026-02-11 15:52:00,140.6999969482422,140.85800170898438,140.66000366210938,140.81430053710938,32323
2026-02-11 15:53:00,140.82000732421875,140.9499969482422,140.82000732421875,140.85009765625,8825
2026-02-11 15:54:00,140.85000610351562,141.11000061035156,140.85000610351562,141.0749969482422,11377
2026-02-11 15:55:00,141.0749969482422,141.1199951171875,140.98500061035156,140.9949951171875,14168
2026-02-11 15:56:00,141.05999755859375,141.0800018310547,140.88499450683594,140.88499450683594,14957
2026-02-11 15:57:00,140.89500427246094,140.9398956298828,140.75,140.77999877929688,7844
2026-02-11 15:58:00,140.80999755859375,140.94500732421875,140.75999450683594,140.93499755859375,11305
2026-02-11 15:59:00,140.97999572753906,141.0312957763672,140.83999633789062,140.83999633789062,15304
2026-02-11 16:00:00,140.89500427246094,141.02000427246094,140.89500427246094,140.96499633789062,10601
2026-02-11 16:01:00,140.9949951171875,141.1300048828125,140.91000366210938,141.1300048828125,21564
2026-02-11 16:02:00,141.16000366210938,141.35000610351562,141.13499450683594,141.2100067138672,63935
2026-02-11 16:03:00,141.23500061035156,141.32000732421875,141.10000610351562,141.10000610351562,12733
2026-02-11 16:04:00,141.08999633789062,141.2100067138672,141.05499267578125,141.0850067138672,10447
2026-02-11 16:05:00,141.11000061035156,141.2100067138672,141.0800018310547,141.1300048828125,12372
2026-02-11 16:06:00,141.1300048828125,141.2375030517578,140.94000244140625,141.01499938964844,12123
2026-02-11 16:07:00,141.03500366210938,141.1300048828125,141.03500366210938,141.11000061035156,6615
2026-02-11 16:08:00,141.1199951171875,141.16000366210938,140.99000549316406,141.02000427246094,12823
2026-02-11 16:09:00,141.02000427246094,141.35850524902344,141.02000427246094,141.2949981689453,13399
2026-02-11 16:10:00,141.27999877929688,141.72000122070312,141.22999572753906,141.52999877929688,23196
2026-02-11 16:11:00,141.57000732421875,141.72000122070312,141.55999755859375,141.63999938964844,11731
2026-02-11 16:12:00,141.69000244140625,141.77000427246094,141.6199951171875,141.76499938964844,10418
2026-02-11 16:13:00,141.8800048828125,141.9499969482422,141.84010314941406,141.88510131835938,23898
2026-02-11 16:14:00,141.88999938964844,141.9499969482422,141.7899932861328,141.85499572753906,13410
2026-02-11 16:15:00,141.85499572753906,141.9499969482422,141.83009338378906,141.92999267578125,13902
2026-02-11 16:16:00,141.9600067138672,142.0,141.88999938964844,141.99000549316406,22837
2026-02-11 16:17:00,142.00999450683594,142.07000732421875,141.92999267578125,142.0,13094
2026-02-11 16:18:00,141.97999572753906,141.99949645996094,141.86000061035156,141.91000366210938,17607
2026-02-11 16:19:00,141.93499755859375,142.0449981689453,141.91619873046875,142.0,4236
2026-02-11 16:20:00,142.1199951171875,142.1699981689453,142.05999755859375,142.1300048828125,11359
2026-02-11 16:21:00,142.15499877929688,142.15499877929688,141.94000244140625,142.00999450683594,21462
2026-02-11 16:22:00,142.00999450683594,142.11500549316406,141.96009826660156,142.11500549316406,8760
2026-02-11 16:23:00,142.1300048828125,142.14999389648438,142.0500030517578,142.10000610351562,14670
2026-02-11 16:24:00,142.10000610351562,142.1699981689453,142.0449981689453,142.1300048828125,11389
2026-02-11 16:25:00,142.125,142.16000366210938,142.02000427246094,142.02000427246094,9706
2026-02-11 16:26:00,142.0399932861328,142.07000732421875,141.97000122070312,141.99000549316406,22774
2026-02-11 16:27:00,141.9499969482422,141.99000549316406,141.77000427246094,141.7899932861328,25420
2026-02-11 16:28:00,141.83999633789062,141.83999633789062,141.6699981689453,141.6699981689453,21719
2026-02-11 16:29:00,141.67999267578125,141.7100067138672,141.60000610351562,141.64500427246094,12358
2026-02-11 16:30:00,141.61000061035156,141.78500366210938,141.57000732421875,141.78500366210938,20267
2026-02-11 16:31:00,141.77999877929688,141.90499877929688,141.77499389648438,141.8800048828125,9413
2026-02-11 16:32:00,141.8800048828125,141.8800048828125,141.82000732421875,141.85499572753906,9273
2026-02-11 16:33:00,141.8551025390625,142.0,141.80999755859375,142.0,10460
2026-02-11 16:34:00,141.9600067138672,142.018798828125,141.91000366210938,141.97500610351562,16155
2026-02-11 16:35:00,141.9499969482422,142.0,141.91000366210938,141.91000366210938,6420
2026-02-11 16:36:00,141.8699951171875,141.91000366210938,141.7899932861328,141.7899932861328,7067
2026-02-11 16:37:00,141.7949981689453,141.86000061035156,141.7899932861328,141.82000732421875,7092
2026-02-11 16:38:00,141.82000732421875,141.8800048828125,141.66000366210938,141.6750030517578,16884
2026-02-11 16:39:00,141.6649932861328,141.8350067138672,141.6649932861328,141.81089782714844,10016
2026-02-11 16:40:00,141.82000732421875,142.0500030517578,141.81500244140625,142.03500366210938,15506
2026-02-11 16:41:00,142.05999755859375,142.07749938964844,141.97999572753906,142.04989624023438,24181
2026-02-11 16:42:00,141.9949951171875,141.9949951171875,141.8300018310547,141.86000061035156,12981
2026-02-11 16:43:00,141.85000610351562,141.85000610351562,141.6999969482422,141.75,8836
2026-02-11 16:44:00,141.7449951171875,141.82000732421875,141.7449951171875,141.77999877929688,11120
2026-02-11 16:45:00,141.77499389648438,141.8699951171875,141.72000122070312,141.76499938964844,18876
2026-02-11 16:46:00,141.86000061035156,141.86000061035156,141.76539611816406,141.8000030517578,8345
2026-02-11 16:47:00,141.83999633789062,141.83999633789062,141.67999267578125,141.7100067138672,10941
2026-02-11 16:48:00,141.7100067138672,141.7100067138672,141.52000427246094,141.6300048828125,18421
2026-02-11 16:49:00,141.5800018310547,141.6300048828125,141.5399932861328,141.5850067138672,9920
2026-02-11 16:50:00,141.5850067138672,141.5850067138672,141.44000244140625,141.49000549316406,18707
2026-02-11 16:51:00,141.50999450683594,141.5850067138672,141.50999450683594,141.5850067138672,4926
2026-02-11 16:52:00,141.5500030517578,141.64999389648438,141.49000549316406,141.625,9430
2026-02-11 16:53:00,141.64500427246094,141.6699981689453,141.61000061035156,141.6300048828125,9563
2026-02-11 16:54:00,141.63499450683594,141.69000244140625,141.60000610351562,141.64999389648438,6853
2026-02-11 16:55:00,141.6199951171875,141.68699645996094,141.6199951171875,141.6699981689453,4148
2026-02-11 16:56:00,141.6699981689453,141.67999267578125,141.5749969482422,141.6300048828125,12679
2026-02-11 16:57:00,141.63499450683594,141.63499450683594,141.52999877929688,141.5449981689453,19639
2026-02-11 16:58:00,141.5500030517578,141.5850067138672,141.39999389648438,141.39999389648438,10212
2026-02-11 16:59:00,141.4199981689453,141.43499755859375,141.31430053710938,141.38999938964844,12991
2026-02-11 17:00:00,141.389892578125,141.4499969482422,141.3350067138672,141.41000366210938,11359
2026-02-11 17:01:00,141.39999389648438,141.4199981689453,141.05999755859375,141.08999633789062,24174
2026-02-11 17:02:00,141.05499267578125,141.13999938964844,140.99000549316406,141.1300048828125,11650
2026-02-11 17:03:00,141.1300048828125,141.1699981689453,141.02000427246094,141.0500030517578,7027
2026-02-11 17:04:00,141.08999633789062,141.25,141.08999633789062,141.1999969482422,13498
2026-02-11 17:05:00,141.24000549316406,141.25,141.1699981689453,141.25,8339
2026-02-11 17:06:00,141.27540588378906,141.41000366210938,141.26499938964844,141.38999938964844,14924
2026-02-11 17:07:00,141.41000366210938,141.49000549316406,141.38999938964844,141.4600067138672,8008
2026-02-11 17:08:00,141.44000244140625,141.47999572753906,141.36000061035156,141.42999267578125,17416
2026-02-11 17:09:00,141.41009521484375,141.52000427246094,141.41000366210938,141.5,8538
2026-02-11 17:10:00,141.52000427246094,141.5399932861328,141.47000122070312,141.5050048828125,7786
2026-02-11 17:11:00,141.49000549316406,141.58999633789062,141.4499969482422,141.49270629882812,8826
2026-02-11 17:12:00,141.5,141.61000061035156,141.5,141.5800018310547,2992
2026-02-11 17:13:00,141.61000061035156,141.61000061035156,141.47000122070312,141.49949645996094,11845
2026-02-11 17:14:00,141.52999877929688,141.52999877929688,141.4499969482422,141.48500061035156,5241
2026-02-11 17:15:00,141.5,141.5399932861328,141.4600067138672,141.5399932861328,3912
2026-02-11 17:16:00,141.52000427246094,141.69000244140625,141.4499969482422,141.68499755859375,7554
2026-02-11 17:17:00,141.69000244140625,141.8699951171875,141.69000244140625,141.8699951171875,11429
2026-02-11 17:18:00,141.8249969482422,141.88499450683594,141.75,141.77999877929688,9231
2026-02-11 17:19:00,141.76400756835938,141.82000732421875,141.74009704589844,141.8000030517578,6842
2026-02-11 17:20:00,141.80999755859375,141.9199981689453,141.80999755859375,141.8249969482422,7360
2026-02-11 17:21:00,141.80999755859375,141.8699951171875,141.80999755859375,141.8699951171875,3112
2026-02-11 17:22:00,141.9199981689453,142.10000610351562,141.89999389648438,142.02999877929688,15270
2026-02-11 17:23:00,141.99000549316406,142.0500030517578,141.9600067138672,141.9949951171875,6239
2026-02-11 17:24:00,142.02999877929688,142.10000610351562,142.01010131835938,142.10000610351562,3507
2026-02-11 17:25:00,142.07000732421875,142.22000122070312,142.05999755859375,142.15499877929688,12688
2026-02-11 17:26:00,142.16000366210938,142.2100067138672,142.1300048828125,142.1300048828125,18259
2026-02-11 17:27:00,142.1300048828125,142.1649932861328,142.00999450683594,142.0399932861328,5814
2026-02-11 17:28:00,142.0399932861328,142.08999633789062,141.97999572753906,142.08949279785156,7854
2026-02-11 17:29:00,142.06500244140625,142.06500244140625,141.92999267578125,142.00999450683594,10134
2026-02-11 17:30:00,142.05499267578125,142.1300048828125,142.0399932861328,142.05999755859375,7155
2026-02-11 17:31:00,142.05999755859375,142.08999633789062,142.02000427246094,142.05499267578125,5556
2026-02-11 17:32:00,142.0500030517578,142.07000732421875,142.04299926757812,142.0500030517578,3345
2026-02-11 17:33:00,142.05999755859375,142.1199951171875,142.01010131835938,142.1199951171875,5308
2026-02-11 17:34:00,142.1199951171875,142.2100067138672,142.08999633789062,142.2100067138672,6335
2026-02-11 17:35:00,142.17999267578125,142.27999877929688,142.17999267578125,142.25,14684
2026-02-11 17:36:00,142.25,142.27000427246094,142.22000122070312,142.22000122070312,7150
2026-02-11 17:37:00,142.2100067138672,142.24000549316406,142.14999389648438,142.22999572753906,4733
2026-02-11 17:38:00,142.22000122070312,142.3300018310547,142.21499633789062,142.3000030517578,9829
2026-02-11 17:39:00,142.32000732421875,142.33999633789062,142.22000122070312,142.22000122070312,9407
2026-02-11 17:40:00,142.2100067138672,142.30499267578125,142.17999267578125,142.2899932861328,10769
2026-02-11 17:41:00,142.3000030517578,142.32989501953125,142.24000549316406,142.25,13512
2026-02-11 17:42:00,142.25,142.3000030517578,142.2100067138672,142.3000030517578,8328
2026-02-11 17:43:00,142.27999877929688,142.38999938964844,142.22000122070312,142.3300018310547,8975
2026-02-11 17:44:00,142.33999633789062,142.35000610351562,142.27999877929688,142.27999877929688,7746
2026-02-11 17:45:00,142.27000427246094,142.3300018310547,142.1999969482422,142.22999572753906,11876
2026-02-11 17:46:00,142.24000549316406,142.25999450683594,142.19000244140625,142.24009704589844,10441
2026-02-11 17:47:00,142.2550048828125,142.27499389648438,142.1999969482422,142.2100067138672,10541
2026-02-11 17:48:00,142.1999969482422,142.36000061035156,142.17999267578125,142.3000030517578,10555
2026-02-11 17:49:00,142.2899932861328,142.32000732421875,142.27999877929688,142.27999877929688,10556
2026-02-11 17:50:00,142.27000427246094,142.27999877929688,142.22000122070312,142.22000122070312,8637
2026-02-11 17:51:00,142.22999572753906,142.36000061035156,142.2100067138672,142.30999755859375,12065
2026-02-11 17:52:00,142.3000030517578,142.33999633789062,142.27000427246094,142.27999877929688,8646
2026-02-11 17:53:00,142.27999877929688,142.27999877929688,142.08999633789062,142.1199951171875,19133
2026-02-11 17:54:00,142.11000061035156,142.1199951171875,141.99000549316406,142.0,13502
2026-02-11 17:55:00,142.00999450683594,142.02499389648438,141.86000061035156,141.87989807128906,14089
2026-02-11 17:56:00,141.85000610351562,141.9149932861328,141.75,141.75999450683594,15047
2026-02-11 17:57:00,141.75999450683594,141.8300018310547,141.69500732421875,141.6999969482422,11366
2026-02-11 17:58:00,141.7100067138672,141.74000549316406,141.63999938964844,141.71499633789062,10227
2026-02-11 17:59:00,141.67999267578125,141.78500366210938,141.6750030517578,141.77999877929688,13730
2026-02-11 18:00:00,141.7899932861328,141.7899932861328,141.6800994873047,141.7449951171875,14580
2026-02-11 18:01:00,141.74000549316406,141.75999450683594,141.7100067138672,141.74000549316406,12288
2026-02-11 18:02:00,141.72999572753906,141.72999572753906,141.6300048828125,141.69000244140625,11295
2026-02-11 18:03:00,141.6699981689453,141.75999450683594,141.64999389648438,141.64999389648438,8386
2026-02-11 18:04:00,141.63999938964844,141.6699981689453,141.5850067138672,141.60000610351562,6351
2026-02-11 18:05:00,141.60499572753906,141.61500549316406,141.56500244140625,141.57000732421875,15483
2026-02-11 18:06:00,141.55499267578125,141.61000061035156,141.52000427246094,141.52000427246094,13493
2026-02-11 18:07:00,141.50999450683594,141.5399932861328,141.4499969482422,141.47999572753906,23012
2026-02-11 18:08:00,141.4600067138672,141.50999450683594,141.41000366210938,141.49000549316406,12930
2026-02-11 18:09:00,141.47999572753906,141.47999572753906,141.3699951171875,141.41000366210938,9469
2026-02-11 18:10:00,141.41000366210938,141.56500244140625,141.34500122070312,141.43499755859375,39877
2026-02-11 18:11:00,141.42999267578125,141.57000732421875,141.4001007080078,141.5500030517578,15907
2026-02-11 18:12:00,141.52999877929688,141.5399932861328,141.3699951171875,141.3800048828125,11857
2026-02-11 18:13:00,141.375,141.39999389648438,141.32000732421875,141.3300018310547,37863
2026-02-11 18:14:00,141.33999633789062,141.35000610351562,141.22999572753906,141.25999450683594,14349
2026-02-11 18:15:00,141.25999450683594,141.33999633789062,141.1699981689453,141.1999969482422,26789
2026-02-11 18:16:00,141.2100067138672,141.41810607910156,141.17999267578125,141.41000366210938,21519
2026-02-11 18:17:00,141.41000366210938,141.5449981689453,141.39999389648438,141.5449981689453,9998
2026-02-11 18:18:00,141.5500030517578,141.69000244140625,141.52000427246094,141.64999389648438,16875
2026-02-11 18:19:00,141.64999389648438,141.6699981689453,141.61000061035156,141.61000061035156,8559
2026-02-11 18:20:00,141.57000732421875,141.61500549316406,141.51499938964844,141.51499938964844,13525
2026-02-11 18:21:00,141.49000549316406,141.52000427246094,141.4600067138672,141.47000122070312,9969
2026-02-11 18:22:00,141.49000549316406,141.6300048828125,141.47999572753906,141.6199951171875,11888
2026-02-11 18:23:00,141.61000061035156,141.80999755859375,141.60000610351562,141.80999755859375,10921
2026-02-11 18:24:00,141.83999633789062,141.92999267578125,141.82000732421875,141.83999633789062,15002
2026-02-11 18:25:00,141.85000610351562,141.9250030517578,141.77999877929688,141.77999877929688,9259
2026-02-11 18:26:00,141.8000030517578,141.84500122070312,141.6999969482422,141.75,10490
2026-02-11 18:27:00,141.7550048828125,141.89999389648438,141.75,141.8699951171875,6577
2026-02-11 18:28:00,141.875,141.97500610351562,141.8737030029297,141.96539306640625,12398
2026-02-11 18:29:00,141.9600067138672,141.9600067138672,141.86000061035156,141.94000244140625,9249
2026-02-11 18:30:00,141.97999572753906,142.0399932861328,141.94000244140625,141.97000122070312,9970
2026-02-11 18:31:00,141.99000549316406,141.99000549316406,141.85000610351562,141.89500427246094,6562
2026-02-11 18:32:00,141.8699951171875,141.91000366210938,141.8300018310547,141.88999938964844,4873
2026-02-11 18:33:00,141.8800048828125,141.89999389648438,141.83999633789062,141.85000610351562,17985
2026-02-11 18:34:00,141.85000610351562,141.85000610351562,141.75999450683594,141.75999450683594,5281
2026-02-11 18:35:00,141.72999572753906,141.80999755859375,141.6750030517578,141.6750030517578,8220
2026-02-11 18:36:00,141.6699981689453,141.6699981689453,141.60000610351562,141.60000610351562,7985
2026-02-11 18:37:00,141.6051025390625,141.67999267578125,141.6051025390625,141.63999938964844,6468
2026-02-11 18:38:00,141.64999389648438,141.64999389648438,141.5399932861328,141.6300048828125,13231
2026-02-11 18:39:00,141.6282958984375,141.6699981689453,141.61500549316406,141.6199951171875,8099
2026-02-11 18:40:00,141.6199951171875,141.69000244140625,141.5399932861328,141.5399932861328,11213
2026-02-11 18:41:00,141.5399932861328,141.55999755859375,141.49000549316406,141.55999755859375,11935
2026-02-11 18:42:00,141.56500244140625,141.58999633789062,141.5399932861328,141.5800018310547,10244
2026-02-11 18:43:00,141.59500122070312,141.60000610351562,141.47999572753906,141.5,8441
2026-02-11 18:44:00,141.50999450683594,141.52000427246094,141.4199981689453,141.47000122070312,19886
2026-02-11 18:45:00,141.47000122070312,141.5,141.44000244140625,141.48500061035156,8445
2026-02-11 18:46:00,141.48849487304688,141.5500030517578,141.47500610351562,141.52000427246094,8936
2026-02-11 18:47:00,141.52999877929688,141.60000610351562,141.52000427246094,141.55419921875,10499
2026-02-11 18:48:00,141.57000732421875,141.57000732421875,141.49000549316406,141.52000427246094,7056
2026-02-11 18:49:00,141.5500946044922,141.69000244140625,141.5399932861328,141.69000244140625,10376
2026-02-11 18:50:00,141.6999969482422,141.6999969482422,141.35000610351562,141.47999572753906,22996
2026-02-11 18:51:00,141.4499969482422,141.61000061035156,141.44000244140625,141.60000610351562,7258
2026-02-11 18:52:00,141.60000610351562,141.80999755859375,141.58999633789062,141.7803955078125,11453
2026-02-11 18:53:00,141.8000030517578,141.85000610351562,141.75999450683594,141.83999633789062,10803
2026-02-11 18:54:00,141.83999633789062,141.83999633789062,141.67999267578125,141.77999877929688,15425
2026-02-11 18:55:00,141.77999877929688,141.7899932861328,141.72509765625,141.7899932861328,4831
2026-02-11 18:56:00,141.77499389648438,141.80999755859375,141.67999267578125,141.6999969482422,6987
2026-02-11 18:57:00,141.7100067138672,141.72999572753906,141.6300048828125,141.63999938964844,7615
2026-02-11 18:58:00,141.63999938964844,141.67999267578125,141.57000732421875,141.58999633789062,6736
2026-02-11 18:59:00,141.58999633789062,141.6699981689453,141.57000732421875,141.6699981689453,7950
2026-02-11 19:00:00,141.67999267578125,141.7100067138672,141.63999938964844,141.6699981689453,6667
2026-02-11 19:01:00,141.6649932861328,141.67999267578125,141.60000610351562,141.60000610351562,13480
2026-02-11 19:02:00,141.5800018310547,141.6300048828125,141.5500030517578,141.5500030517578,7697
2026-02-11 19:03:00,141.5399932861328,141.55999755859375,141.47999572753906,141.47999572753906,7997
2026-02-11 19:04:00,141.4600067138672,141.5,141.41000366210938,141.5,6394
2026-02-11 19:05:00,141.47999572753906,141.50999450683594,141.42999267578125,141.42999267578125,8668
2026-02-11 19:06:00,141.4199981689453,141.4199981689453,141.33999633789062,141.33999633789062,6729
2026-02-11 19:07:00,141.30999755859375,141.42999267578125,141.3000030517578,141.42999267578125,6275
2026-02-11 19:08:00,141.41000366210938,141.44000244140625,141.41000366210938,141.44000244140625,1989
2026-02-11 19:09:00,141.41000366210938,141.4600067138672,141.1999969482422,141.39999389648438,24081
2026-02-11 19:10:00,141.39990234375,141.39990234375,141.3289031982422,141.34500122070312,4960
2026-02-11 19:11:00,141.34500122070312,141.44000244140625,141.34500122070312,141.41000366210938,12303
2026-02-11 19:12:00,141.39999389648438,141.48500061035156,141.39999389648438,141.47000122070312,7745
2026-02-11 19:13:00,141.47999572753906,141.6300048828125,141.47999572753906,141.6300048828125,6125
2026-02-11 19:14:00,141.64500427246094,141.69000244140625,141.63999938964844,141.69000244140625,5587
2026-02-11 19:15:00,141.72000122070312,141.7550048828125,141.6999969482422,141.7100067138672,7004
2026-02-11 19:16:00,141.72000122070312,141.72999572753906,141.69000244140625,141.72000122070312,4627
2026-02-11 19:17:00,141.72500610351562,141.76199340820312,141.6929931640625,141.7100067138672,1346419
2026-02-11 19:18:00,141.7198028564453,141.72999572753906,141.63999938964844,141.64999389648438,0
2026-02-11 19:19:00,141.6199951171875,141.7100067138672,141.589599609375,141.69000244140625,11903
2026-02-11 19:20:00,141.7100067138672,141.7100067138672,141.67709350585938,141.69000244140625,4634
2026-02-11 19:21:00,141.64999389648438,141.73989868164062,141.64999389648438,141.72000122070312,5226
2026-02-11 19:22:00,141.72000122070312,141.75999450683594,141.6999969482422,141.75,5365
2026-02-11 19:23:00,141.75,141.80999755859375,141.74000549316406,141.7899932861328,5791
2026-02-11 19:24:00,141.80929565429688,141.83999633789062,141.8000030517578,141.83999633789062,7187
2026-02-11 19:25:00,141.83999633789062,141.83999633789062,141.77000427246094,141.8000030517578,15574
2026-02-11 19:26:00,141.8000030517578,141.85000610351562,141.8000030517578,141.84500122070312,4273
2026-02-11 19:27:00,141.8300018310547,141.86000061035156,141.8000030517578,141.8000030517578,8978
2026-02-11 19:28:00,141.8000030517578,141.80999755859375,141.7449951171875,141.77000427246094,7859
2026-02-11 19:29:00,141.7899932861328,141.85000610351562,141.77999877929688,141.8300018310547,6831
2026-02-11 19:30:00,141.85000610351562,141.85000610351562,141.6999969482422,141.7100067138672,11804
2026-02-11 19:31:00,141.69000244140625,141.80999755859375,141.64999389648438,141.77000427246094,9243
2026-02-11 19:32:00,141.78500366210938,141.83999633789062,141.77000427246094,141.77999877929688,10212
2026-02-11 19:33:00,141.7899932861328,141.80999755859375,141.77000427246094,141.77499389648438,7151
2026-02-11 19:34:00,141.77999877929688,141.80999755859375,141.7769012451172,141.8000030517578,4943
2026-02-11 19:35:00,141.8000030517578,141.86000061035156,141.8000030517578,141.85000610351562,10505
2026-02-11 19:36:00,141.85000610351562,141.9199981689453,141.84500122070312,141.8800048828125,7858
2026-02-11 19:37:00,141.8699951171875,141.88499450683594,141.83999633789062,141.8800048828125,7742
2026-02-11 19:38:00,141.88499450683594,141.9499969482422,141.88499450683594,141.91380310058594,6751
2026-02-11 19:39:00,141.89010620117188,141.92999267578125,141.8300018310547,141.83999633789062,9945
2026-02-11 19:40:00,141.8300018310547,141.8699951171875,141.8300018310547,141.83999633789062,3287
2026-02-11 19:41:00,141.85499572753906,141.91000366210938,141.84500122070312,141.91000366210938,4840
2026-02-11 19:42:00,141.8800048828125,141.9149932861328,141.875,141.90499877929688,3382
2026-02-11 19:43:00,141.8800048828125,141.8800048828125,141.80999755859375,141.80999755859375,4929
2026-02-11 19:44:00,141.80999755859375,141.84500122070312,141.8000030517578,141.83999633789062,9092
2026-02-11 19:45:00,141.8000030517578,141.8000030517578,141.61000061035156,141.61000061035156,11698
2026-02-11 19:46:00,141.64500427246094,141.8300018310547,141.64500427246094,141.82000732421875,4411
2026-02-11 19:47:00,141.83999633789062,141.8699951171875,141.8300018310547,141.8300018310547,3555
2026-02-11 19:48:00,141.84500122070312,141.8800048828125,141.7899932861328,141.7899932861328,5249
2026-02-11 19:49:00,141.7899932861328,141.81399536132812,141.74290466308594,141.74290466308594,6674
2026-02-11 19:50:00,141.77000427246094,141.77999877929688,141.67010498046875,141.72999572753906,9024
2026-02-11 19:51:00,141.72999572753906,141.75,141.6699981689453,141.72000122070312,7009
2026-02-11 19:52:00,141.72999572753906,141.75999450683594,141.6800994873047,141.71499633789062,12638
2026-02-11 19:53:00,141.72999572753906,141.72999572753906,141.63499450683594,141.63999938964844,4156
2026-02-11 19:54:00,141.66000366210938,141.69000244140625,141.6300048828125,141.69000244140625,6214
2026-02-11 19:55:00,141.67999267578125,141.67999267578125,141.61749267578125,141.64999389648438,5563
2026-02-11 19:56:00,141.65769958496094,141.6699981689453,141.62179565429688,141.64500427246094,9857
2026-02-11 19:57:00,141.6699981689453,141.72000122070312,141.625,141.72000122070312,3221
2026-02-11 19:58:00,141.72999572753906,141.72999572753906,141.61000061035156,141.6300048828125,10452
2026-02-11 19:59:00,141.63999938964844,141.6999969482422,141.63499450683594,141.69000244140625,10103
2026-02-11 20:00:00,141.67999267578125,141.75999450683594,141.67999267578125,141.67999267578125,5989
2026-02-11 20:01:00,141.6300048828125,141.6300048828125,141.58299255371094,141.58999633789062,5230
2026-02-11 20:02:00,141.60000610351562,141.6898956298828,141.58999633789062,141.60499572753906,8552
2026-02-11 20:03:00,141.60499572753906,141.75,141.60499572753906,141.74000549316406,6428
2026-02-11 20:04:00,141.74000549316406,141.8800048828125,141.74000549316406,141.8800048828125,7498
2026-02-11 20:05:00,141.85499572753906,141.94000244140625,141.85000610351562,141.94000244140625,5313
2026-02-11 20:06:00,141.94000244140625,141.97540283203125,141.85499572753906,141.85499572753906,16288
2026-02-11 20:07:00,141.85499572753906,141.9600067138672,141.85499572753906,141.92010498046875,5772
2026-02-11 20:08:00,141.97000122070312,141.97000122070312,141.9199981689453,141.9199981689453,7975
2026-02-11 20:09:00,141.9219970703125,141.94970703125,141.88999938964844,141.9199981689453,5603
2026-02-11 20:10:00,141.9199981689453,141.9499969482422,141.88999938964844,141.9499969482422,10736
2026-02-11 20:11:00,141.9550018310547,141.97999572753906,141.9550018310547,141.9600067138672,9797
2026-02-11 20:12:00,141.94000244140625,141.94000244140625,141.8699951171875,141.8800048828125,8951
2026-02-11 20:13:00,141.8800048828125,141.88999938964844,141.83999633789062,141.88999938964844,8486
2026-02-11 20:14:00,141.88999938964844,141.91000366210938,141.8300018310547,141.84500122070312,7548
2026-02-11 20:15:00,141.86000061035156,141.86000061035156,141.77999877929688,141.7935028076172,15285
2026-02-11 20:16:00,141.80999755859375,141.8350067138672,141.7899932861328,141.83200073242188,7112
2026-02-11 20:17:00,141.8300018310547,141.8489990234375,141.75999450683594,141.79010009765625,16207
2026-02-11 20:18:00,141.7989959716797,141.82000732421875,141.77999877929688,141.80999755859375,12667
2026-02-11 20:19:00,141.82000732421875,141.8300018310547,141.77000427246094,141.77000427246094,13783
2026-02-11 20:20:00,141.75999450683594,141.75999450683594,141.69000244140625,141.72999572753906,11123
2026-02-11 20:21:00,141.72000122070312,141.74000549316406,141.69000244140625,141.72000122070312,10766
2026-02-11 20:22:00,141.72000122070312,141.72999572753906,141.63999938964844,141.66000366210938,10382
2026-02-11 20:23:00,141.6999969482422,141.75,141.66000366210938,141.75,17055
2026-02-11 20:24:00,141.74000549316406,141.74000549316406,141.72000122070312,141.72000122070312,8249
2026-02-11 20:25:00,141.72000122070312,141.85000610351562,141.72000122070312,141.77090454101562,15664
2026-02-11 20:26:00,141.7899932861328,141.84500122070312,141.77000427246094,141.84500122070312,8976
2026-02-11 20:27:00,141.85000610351562,141.85000610351562,141.75,141.77999877929688,14471
2026-02-11 20:28:00,141.77999877929688,141.80999755859375,141.75,141.77000427246094,11820
2026-02-11 20:29:00,141.77000427246094,141.77000427246094,141.7100067138672,141.7100067138672,12928
2026-02-11 20:30:00,141.72000122070312,141.72000122070312,141.6199951171875,141.6199951171875,19401
2026-02-11 20:31:00,141.6300048828125,141.72000122070312,141.6199951171875,141.72000122070312,16873
2026-02-11 20:32:00,141.7100067138672,141.75999450683594,141.7050018310547,141.7100067138672,10421
2026-02-11 20:33:00,141.6999969482422,141.6999969482422,141.5800018310547,141.6051025390625,11366
2026-02-11 20:34:00,141.61000061035156,141.6300048828125,141.5800018310547,141.625,8168
2026-02-11 20:35:00,141.6300048828125,141.64999389648438,141.57000732421875,141.61000061035156,15156
2026-02-11 20:36:00,141.601806640625,141.68499755859375,141.601806640625,141.6699981689453,12858
2026-02-11 20:37:00,141.6649932861328,141.69000244140625,141.6199951171875,141.6199951171875,15056
2026-02-11 20:38:00,141.6300048828125,141.6649932861328,141.6300048828125,141.66000366210938,8813
2026-02-11 20:39:00,141.66000366210938,141.84500122070312,141.65499877929688,141.82000732421875,34080
2026-02-11 20:40:00,141.80999755859375,141.88999938964844,141.7899932861328,141.88499450683594,17935
2026-02-11 20:41:00,141.88999938964844,141.9199981689453,141.75999450683594,141.75999450683594,25401
2026-02-11 20:42:00,141.72000122070312,141.74000549316406,141.69000244140625,141.72999572753906,18007
2026-02-11 20:43:00,141.74029541015625,141.7899932861328,141.72000122070312,141.74000549316406,25722
2026-02-11 20:44:00,141.74940490722656,141.74940490722656,141.60499572753906,141.6199951171875,13478
2026-02-11 20:45:00,141.63999938964844,141.75,141.6300048828125,141.72999572753906,16610
2026-02-11 20:46:00,141.7100067138672,141.7100067138672,141.6199951171875,141.66000366210938,11962
2026-02-11 20:47:00,141.67999267578125,141.7100067138672,141.61500549316406,141.67999267578125,12427
2026-02-11 20:48:00,141.67999267578125,141.74000549316406,141.65499877929688,141.7100067138672,17398
2026-02-11 20:49:00,141.67999267578125,141.74000549316406,141.63999938964844,141.72999572753906,20041
2026-02-11 20:50:00,141.74000549316406,141.75,141.5500030517578,141.5500030517578,34837
2026-02-11 20:51:00,141.55999755859375,141.57000732421875,141.3699951171875,141.47999572753906,41070
2026-02-11 20:52:00,141.47999572753906,141.5800018310547,141.4600067138672,141.55999755859375,34901
2026-02-11 20:53:00,141.55999755859375,141.61000061035156,141.49000549316406,141.55499267578125,45828
2026-02-11 20:54:00,141.5500030517578,141.55999755859375,141.0800018310547,141.13499450683594,100362
2026-02-11 20:55:00,141.17999267578125,141.30999755859375,141.07000732421875,141.08999633789062,92792
2026-02-11 20:56:00,141.11000061035156,141.22000122070312,141.0800018310547,141.1199951171875,56747
2026-02-11 20:57:00,141.12649536132812,141.1750030517578,141.0500030517578,141.11000061035156,85396
2026-02-11 20:58:00,141.10000610351562,141.11000061035156,141.0399932861328,141.05999755859375,79088
2026-02-11 20:59:00,141.07000732421875,141.1699981689453,140.99000549316406,141.02000427246094,212453
2026-02-11 21:00:00,141.04,141.95,141.04,141.04,1075443
2026-02-11 21:01:00,141.04,141.04,141.04,141.04,0
2026-02-11 21:02:00,141.04,141.34,141.04,141.04,0
2026-02-11 21:03:00,140.87,141.04,140.87,141.04,0
2026-02-11 21:04:00,141.04,141.82,141.04,141.82,0
2026-02-11 21:05:00,141.05,141.82,140.99,141.04,0
2026-02-11 21:06:00,140.9375,140.9375,140.9375,140.9375,0
2026-02-11 21:07:00,141.03,141.03,141.03,141.03,0
2026-02-11 21:09:00,141.03,141.03,140.98,140.98,0
2026-02-11 21:10:00,141.02,141.23,141.01,141.04,0
2026-02-11 21:11:00,141.0,141.04,141.0,141.04,0
2026-02-11 21:12:00,141.01,141.04,141.0,141.04,0
2026-02-11 21:13:00,141.0,141.0,140.86,140.98,0
2026-02-11 21:14:00,140.96,141.04,140.96,141.04,0
2026-02-11 21:15:00,141.04,141.04,141.04,141.04,0
2026-02-11 21:16:00,141.03,141.07,141.03,141.04,0
2026-02-11 21:17:00,140.98,140.98,140.98,140.98,0
2026-02-11 21:18:00,140.95,140.95,140.95,140.95,0
2026-02-11 21:19:00,140.98,141.21,140.98,141.21,0
2026-02-11 21:20:00,141.04,141.04,141.04,141.04,0
2026-02-11 21:22:00,141.5,141.5,141.5,141.5,0
2026-02-11 21:24:00,141.04,141.04,141.04,141.04,0
2026-02-11 21:26:00,141.04,141.04,140.8835,140.8835,0
2026-02-11 21:30:00,141.1175,141.1175,141.1175,141.1175,0
2026-02-11 21:32:00,141.04,141.04,141.04,141.04,0
2026-02-11 21:34:00,141.95,141.95,141.95,141.95,0
2026-02-11 21:36:00,141.7074,141.7074,141.7074,141.7074,0
2026-02-11 21:37:00,141.7,141.7,141.55,141.55,0
2026-02-11 21:38:00,141.04,141.04,141.04,141.04,0
2026-02-11 21:39:00,141.8183,141.8183,141.8183,141.8183,0
2026-02-11 21:40:00,141.15,141.18,141.15,141.15,0
2026-02-11 21:42:00,141.25,141.25,141.25,141.25,0
2026-02-11 21:45:00,141.19,141.2228,141.04,141.04,0
2026-02-11 21:46:00,141.04,141.04,141.04,141.04,0
2026-02-11 21:48:00,141.22,141.22,141.2058,141.209,0
2026-02-11 21:49:00,141.15,141.16,141.15,141.15,0
2026-02-11 21:50:00,141.25,141.25,141.25,141.25,0
2026-02-11 21:51:00,141.25,141.25,141.2488,141.2488,0
2026-02-11 21:52:00,140.8601,140.8601,140.8601,140.8601,0
2026-02-11 21:53:00,141.04,141.04,141.04,141.04,0
2026-02-11 21:54:00,141.25,141.25,141.25,141.25,0
2026-02-11 21:58:00,141.2322,141.2322,141.2322,141.2322,0
2026-02-11 21:59:00,141.18,141.18,141.18,141.18,0
2026-02-11 22:00:00,141.12,141.12,141.0,141.0,0
2026-02-11 22:01:00,141.1,141.1,141.01,141.01,0
2026-02-11 22:03:00,141.04,141.04,141.04,141.04,0
2026-02-11 22:04:00,141.02,141.02,141.0046,141.01,0
2026-02-11 22:09:00,141.01,141.01,141.01,141.01,0
2026-02-11 22:10:00,141.0,141.0,141.0,141.0,0
2026-02-11 22:11:00,141.03,141.03,141.03,141.03,0
2026-02-11 22:13:00,141.04,141.04,141.03,141.03,0
2026-02-11 22:14:00,141.03,141.03,141.03,141.03,0
2026-02-11 22:18:00,141.0,141.0,141.0,141.0,0
2026-02-11 22:19:00,141.0,141.0,141.0,141.0,0
2026-02-11 22:20:00,140.98,140.98,140.98,140.98,0
2026-02-11 22:23:00,141.0,141.0,141.0,141.0,0
2026-02-11 22:25:00,140.9049,141.0,140.9049,141.0,0
2026-02-11 22:26:00,141.0,141.0,141.0,141.0,0
2026-02-11 22:27:00,141.0,141.0,140.9,140.9,0
2026-02-11 22:28:00,140.96,140.96,140.9227,140.9227,0
2026-02-11 22:30:00,140.86,140.86,140.86,140.86,0
2026-02-11 22:31:00,141.0,141.0,141.0,141.0,0
2026-02-11 22:32:00,141.0,141.0,141.0,141.0,0
2026-02-11 22:33:00,141.0,141.0,140.8817,140.91,0
2026-02-11 22:36:00,141.0,141.0,140.86,140.86,0
2026-02-11 22:38:00,140.86,141.0,140.86,141.0,0
2026-02-11 22:41:00,140.9,140.9,140.9,140.9,0
2026-02-11 22:43:00,141.0,141.0,141.0,141.0,0
2026-02-11 22:45:00,140.92,140.92,140.92,140.92,0
2026-02-11 22:46:00,141.0,141.0,141.0,141.0,0
2026-02-11 22:49:00,141.0,141.0,141.0,141.0,0
2026-02-11 22:50:00,141.0,141.0,141.0,141.0,0
2026-02-11 22:51:00,140.9,140.9,140.86,140.86,0
2026-02-11 22:53:00,141.0,141.0,141.0,141.0,0
2026-02-11 22:55:00,141.0,141.0,140.91,140.91,0
2026-02-11 22:56:00,141.0,141.0,141.0,141.0,0
2026-02-11 22:57:00,141.04,141.04,141.0,141.0,0
2026-02-11 23:01:00,141.0,141.0,141.0,141.0,0
2026-02-11 23:02:00,140.9783,140.9783,140.9783,140.9783,0
2026-02-11 23:06:00,141.04,141.04,141.0,141.0,0
2026-02-11 23:07:00,140.9985,140.9985,140.9985,140.9985,0
2026-02-11 23:08:00,140.83,140.9077,140.83,140.9077,0
2026-02-11 23:09:00,140.87,140.87,140.87,140.87,0
2026-02-11 23:10:00,140.87,140.87,140.87,140.87,0
2026-02-11 23:11:00,141.0,141.0,141.0,141.0,0
2026-02-11 23:12:00,140.61,140.61,140.61,140.61,0
2026-02-11 23:13:00,140.4776,140.4776,140.4776,140.4776,0
2026-02-11 23:18:00,140.97,141.0,140.97,141.0,0
2026-02-11 23:19:00,140.99,140.99,140.99,140.99,0
2026-02-11 23:20:00,140.99,140.99,140.99,140.99,0
2026-02-11 23:21:00,141.0,141.0,141.0,141.0,0
2026-02-11 23:22:00,140.66,141.0,140.66,141.0,0
2026-02-11 23:23:00,140.71,140.71,140.71,140.71,0
2026-02-11 23:24:00,140.9857,140.9857,140.9857,140.9857,0
2026-02-11 23:28:00,141.0,141.0,141.0,141.0,0
2026-02-11 23:29:00,140.5,141.0,140.5,141.0,0
2026-02-11 23:33:00,140.58,140.58,140.58,140.58,0
2026-02-11 23:34:00,140.5,140.5,140.5,140.5,0
2026-02-11 23:35:00,140.5,141.0,140.49,141.0,0
2026-02-11 23:38:00,141.0,141.0,141.0,141.0,0
2026-02-11 23:40:00,140.9,140.93,140.9,140.93,0
2026-02-11 23:44:00,141.0,141.0,141.0,141.0,0
2026-02-11 23:48:00,140.99,140.99,140.99,140.99,0
2026-02-11 23:51:00,141.0,141.0,141.0,141.0,0
2026-02-11 23:52:00,140.82,140.82,140.82,140.82,0
2026-02-11 23:53:00,140.83,141.0,140.83,141.0,0
2026-02-11 23:54:00,141.0,141.0,140.41,140.41,0
2026-02-11 23:55:00,140.83,140.83,140.41,140.6,0
2026-02-11 23:56:00,141.0,141.0,141.0,141.0,0
2026-02-11 23:57:00,141.0,141.0,141.0,141.0,0
2026-02-11 23:58:00,141.0,141.0,141.0,141.0,0
2026-02-11 23:59:00,141.0,141.0,141.0,141.0,0
2026-02-12 00:00:00,140.99,140.99,140.99,140.99,0
2026-02-12 00:05:00,141.0,141.0,141.0,141.0,0
2026-02-12 00:10:00,140.41,140.41,140.41,140.41,0
2026-02-12 00:12:00,140.5,140.5,140.5,140.5,0
2026-02-12 00:13:00,140.7,140.7,140.7,140.7,0
2026-02-12 00:14:00,140.69,140.69,140.69,140.69,0
2026-02-12 00:19:00,140.7,140.7,140.7,140.7,0
2026-02-12 00:20:00,140.43,140.43,140.43,140.43,0
2026-02-12 00:21:00,140.6891,140.6891,140.49,140.49,0
2026-02-12 00:22:00,140.5014,140.5014,140.5014,140.5014,0
2026-02-12 00:23:00,140.49,140.49,140.48,140.48,0
2026-02-12 00:30:00,140.48,140.48,140.48,140.48,0
2026-02-12 00:35:00,140.9,140.9,140.9,140.9,0
2026-02-12 00:36:00,141.0,141.0,141.0,141.0,0
2026-02-12 00:37:00,141.0,141.0,141.0,141.0,0
2026-02-12 00:44:00,141.0,141.0,141.0,141.0,0
2026-02-12 00:46:00,140.98,141.0,140.98,141.0,0
2026-02-12 00:47:00,140.41,140.41,140.41,140.41,0
2026-02-12 00:48:00,140.92,140.92,140.92,140.92,0
2026-02-12 00:49:00,140.88,140.88,140.88,140.88,0
2026-02-12 00:56:00,140.64,140.64,140.64,140.64,0
2026-02-12 00:58:00,141.0,141.0,141.0,141.0,0
2026-02-12 09:00:00,141.5,141.5,141.5,141.5,0
2026-02-12 09:02:00,141.52,141.63,141.49,141.63,0
2026-02-12 09:03:00,141.63,141.63,141.63,141.63,0
2026-02-12 09:04:00,141.63,141.63,141.63,141.63,0
2026-02-12 09:05:00,141.63,141.63,141.63,141.63,0
2026-02-12 09:08:00,141.6,141.6,141.6,141.6,0
2026-02-12 09:10:00,141.6,141.63,141.6,141.63,0
2026-02-12 09:11:00,141.66,141.66,141.66,141.66,0
2026-02-12 09:12:00,141.66,141.66,141.66,141.66,0
2026-02-12 09:17:00,141.76,141.76,141.76,141.76,0
2026-02-12 09:18:00,141.78,141.78,141.78,141.78,0
2026-02-12 09:25:00,141.78,141.78,141.78,141.78,0
2026-02-12 09:29:00,141.76,141.76,141.76,141.76,0
2026-02-12 09:30:00,141.74,141.74,141.73,141.73,0
2026-02-12 09:32:00,141.77,141.77,141.77,141.77,0
2026-02-12 09:33:00,141.77,141.83,141.77,141.83,0
2026-02-12 09:35:00,141.91,141.91,141.91,141.91,0
2026-02-12 09:36:00,141.89,141.89,141.83,141.83,0
2026-02-12 09:38:00,141.91,141.92,141.91,141.92,0
2026-02-12 09:39:00,141.85,141.85,141.85,141.85,0
2026-02-12 09:47:00,141.78,141.79,141.78,141.79,0
2026-02-12 09:48:00,141.78,141.78,141.78,141.78,0
2026-02-12 09:55:00,141.88,141.92,141.75,141.92,0
2026-02-12 09:56:00,141.83,141.83,141.83,141.83,0
2026-02-12 10:01:00,141.82,141.82,141.82,141.82,0
2026-02-12 10:04:00,141.88,141.88,141.88,141.88,0
2026-02-12 10:05:00,141.94,141.94,141.94,141.94,0
2026-02-12 10:06:00,141.96,141.96,141.96,141.96,0
2026-02-12 10:12:00,142.08,142.11,142.08,142.11,0
2026-02-12 10:36:00,142.02,142.02,142.02,142.02,0
2026-02-12 10:51:00,141.97,142.0,141.97,142.0,0
2026-02-12 10:53:00,142.03,142.03,141.93,141.93,0
2026-02-12 11:02:00,141.98,141.99,141.97,141.97,0
2026-02-12 11:04:00,141.95,141.95,141.95,141.95,0
2026-02-12 11:22:00,142.01,142.01,142.01,142.01,0
2026-02-12 11:25:00,142.09,142.09,142.09,142.09,0
2026-02-12 11:26:00,142.09,142.09,142.09,142.09,0
2026-02-12 11:31:00,142.15,142.16,142.15,142.16,0
2026-02-12 11:32:00,142.15,142.15,142.14,142.14,0
2026-02-12 11:33:00,142.14,142.14,142.14,142.14,0
2026-02-12 11:34:00,142.09,142.09,142.09,142.09,0
2026-02-12 11:38:00,141.88,141.88,141.88,141.88,0
2026-02-12 11:40:00,141.88,141.88,141.88,141.88,0
2026-02-12 11:46:00,141.86,141.86,141.86,141.86,0
2026-02-12 11:47:00,141.89,141.9,141.89,141.89,0
2026-02-12 12:01:00,141.85,141.85,141.83,141.83,0
2026-02-12 12:02:00,141.76,141.76,141.76,141.76,0
2026-02-12 12:04:00,141.71,141.71,141.48,141.48,0
2026-02-12 12:16:00,141.46,141.46,141.46,141.46,0
2026-02-12 12:24:00,141.57,141.57,141.57,141.57,0
2026-02-12 12:37:00,141.5,141.5,141.5,141.5,0
2026-02-12 12:42:00,141.52,141.52,141.52,141.52,0
2026-02-12 12:45:00,141.5,141.5,141.26,141.26,0
2026-02-12 12:52:00,141.41,141.41,141.41,141.41,0
2026-02-12 12:59:00,141.47,141.47,141.47,141.47,0
2026-02-12 13:00:00,141.66,142.22,141.08,141.5,0
2026-02-12 13:01:00,141.59,142.05,141.22,141.54,0
2026-02-12 13:03:00,141.59,142.05,141.21,141.71,0
2026-02-12 13:04:00,141.55,141.55,141.55,141.55,0
2026-02-12 13:05:00,141.45,141.45,141.45,141.45,0
2026-02-12 13:07:00,141.53,141.53,141.53,141.53,0
2026-02-12 13:08:00,141.08,141.25,141.08,141.25,0
2026-02-12 13:10:00,141.5285,141.5285,141.5285,141.5285,0
2026-02-12 13:15:00,141.4687,141.4687,141.4687,141.4687,0
2026-02-12 13:16:00,141.55,141.55,141.44,141.44,0
2026-02-12 13:18:00,141.3,141.3,141.3,141.3,0
2026-02-12 13:21:00,141.08,141.08,141.08,141.08,0
2026-02-12 13:22:00,141.1528,141.2945,141.1528,141.2945,0
2026-02-12 13:23:00,141.08,141.08,141.08,141.08,0
2026-02-12 13:25:00,141.22,141.22,141.22,141.22,0
2026-02-12 13:27:00,141.24,141.2659,141.24,141.2659,0
2026-02-12 13:28:00,141.2659,141.2659,141.25,141.25,0
2026-02-12 13:30:00,141.25,141.31,141.25,141.28,0
2026-02-12 13:31:00,141.3,141.3,141.3,141.3,0
2026-02-12 13:33:00,141.2,141.55,141.2,141.55,0
2026-02-12 13:35:00,141.49,141.49,141.49,141.49,0
2026-02-12 13:36:00,141.55,141.55,141.55,141.55,0
2026-02-12 13:37:00,141.49,141.49,141.49,141.49,0
2026-02-12 13:38:00,141.55,141.55,141.55,141.55,0
2026-02-12 13:39:00,141.62,141.63,141.62,141.63,0
2026-02-12 13:40:00,141.65,141.7,141.65,141.7,0
2026-02-12 13:41:00,141.66,141.88,141.65,141.88,0
2026-02-12 13:42:00,141.88,141.88,141.08,141.88,0
2026-02-12 13:43:00,141.88,141.88,141.88,141.88,0
2026-02-12 13:45:00,141.99,141.99,141.99,141.99,0
2026-02-12 13:46:00,141.93,141.93,141.93,141.93,0
2026-02-12 13:48:00,141.93,141.93,141.93,141.93,0
2026-02-12 13:50:00,141.93,141.93,141.93,141.93,0
2026-02-12 13:51:00,141.99,141.99,141.75,141.75,0
2026-02-12 13:52:00,141.72,141.77,141.72,141.77,0
2026-02-12 13:53:00,141.77,141.77,141.77,141.77,0
2026-02-12 13:57:00,141.83,141.83,141.83,141.83,0
2026-02-12 13:58:00,141.84,141.84,141.84,141.84,0
2026-02-12 13:59:00,141.84,141.84,141.6,141.6,0
2026-02-12 14:00:00,141.6543,141.9,141.6543,141.9,0
2026-02-12 14:03:00,141.79,141.79,141.79,141.79,0
2026-02-12 14:04:00,141.79,141.79,141.6,141.6,0
2026-02-12 14:07:00,141.8403,141.85,141.79,141.85,0
2026-02-12 14:08:00,141.88,141.88,141.88,141.88,0
2026-02-12 14:09:00,141.6,141.6,141.6,141.6,0
2026-02-12 14:10:00,141.8844,141.9,141.8844,141.9,0
2026-02-12 14:11:00,141.9,141.94,141.9,141.94,0
2026-02-12 14:12:00,141.94,141.95,141.8818,141.92,0
2026-02-12 14:13:00,142.03,142.1,142.03,142.08,0
2026-02-12 14:14:00,142.0,142.03,142.0,142.02,0
2026-02-12 14:15:00,142.05,142.2,142.01,142.03,0
2026-02-12 14:16:00,142.05,142.05,142.05,142.05,0
2026-02-12 14:17:00,142.06,142.13,142.05,142.13,0
2026-02-12 14:18:00,142.05,142.09,142.0,142.09,0
2026-02-12 14:19:00,142.02,142.13,141.99,142.04,0
2026-02-12 14:20:00,142.1099,142.1099,142.1099,142.1099,0
2026-02-12 14:21:00,142.13,142.13,142.13,142.13,0
2026-02-12 14:22:00,142.03,142.03,141.9,141.9,0
2026-02-12 14:23:00,142.13,142.13,142.13,142.13,0
2026-02-12 14:24:00,142.12,142.12,142.0,142.0,0
2026-02-12 14:25:00,142.0,142.0,141.7,141.9,0
2026-02-12 14:26:00,141.9,141.9,141.89,141.9,0
2026-02-12 14:27:00,142.13,142.13,141.1,141.38,0
2026-02-12 14:28:00,141.04,141.04,140.72,140.82,0
2026-02-12 14:29:00,140.82,140.82,140.68,140.72,0
2026-02-12 14:30:00,140.8800048828125,141.49989318847656,140.49000549316406,140.5500030517578,168526
2026-02-12 14:31:00,140.5800018310547,140.76600646972656,140.10000610351562,140.30999755859375,27208
2026-02-12 14:32:00,140.44500732421875,140.63999938964844,140.24000549316406,140.61000061035156,12666
2026-02-12 14:33:00,140.4199981689453,140.80999755859375,140.3300018310547,140.77499389648438,15787
2026-02-12 14:34:00,140.77499389648438,140.80999755859375,140.55999755859375,140.7100067138672,14402
2026-02-12 14:35:00,140.75,140.82000732421875,140.5,140.5,16903
2026-02-12 14:36:00,140.44000244140625,140.44000244140625,139.86000061035156,139.86000061035156,24710
2026-02-12 14:37:00,139.94000244140625,140.3300018310547,139.83999633789062,140.14999389648438,19659
2026-02-12 14:38:00,140.15499877929688,140.33999633789062,140.0601043701172,140.33999633789062,17959
2026-02-12 14:39:00,140.4499969482422,140.6199951171875,140.44000244140625,140.61500549316406,21080
2026-02-12 14:40:00,140.58740234375,140.75999450683594,140.0,140.02999877929688,28986
2026-02-12 14:41:00,140.0749969482422,140.2899932861328,139.9499969482422,139.9949951171875,33847
2026-02-12 14:42:00,139.91000366210938,140.02000427246094,139.66000366210938,139.66000366210938,35168
2026-02-12 14:43:00,139.64999389648438,139.64999389648438,139.3000030517578,139.5,31732
2026-02-12 14:44:00,139.39999389648438,139.39999389648438,138.9499969482422,139.02999877929688,24979
2026-02-12 14:45:00,139.0449981689453,139.0449981689453,138.72059631347656,138.72059631347656,17489
2026-02-12 14:46:00,138.63999938964844,139.08999633789062,138.6199951171875,138.85000610351562,20478
2026-02-12 14:47:00,138.85000610351562,139.02999877929688,138.8000030517578,138.80499267578125,35899
2026-02-12 14:48:00,138.80499267578125,139.1699981689453,138.77999877929688,139.16000366210938,42491
2026-02-12 14:49:00,139.08999633789062,139.7100067138672,139.0399932861328,139.41000366210938,332632
2026-02-12 14:50:00,139.43499755859375,139.4600067138672,139.11000061035156,139.16000366210938,0
2026-02-12 14:51:00,139.16000366210938,139.5449981689453,139.08999633789062,139.08999633789062,16103
2026-02-12 14:52:00,139.07000732421875,139.110107421875,138.8350067138672,138.97999572753906,31537
2026-02-12 14:53:00,139.02000427246094,139.2698974609375,138.8800048828125,138.8800048828125,21181
2026-02-12 14:54:00,138.8800048828125,139.0749969482422,138.75999450683594,138.7899932861328,13442
2026-02-12 14:55:00,138.75999450683594,138.75999450683594,138.4394073486328,138.49000549316406,30075
2026-02-12 14:56:00,138.49000549316406,138.6199951171875,138.4199981689453,138.50999450683594,35979
2026-02-12 14:57:00,138.4600067138672,138.88999938964844,138.41000366210938,138.88999938964844,23900
2026-02-12 14:58:00,138.88999938964844,139.03500366210938,138.86749267578125,138.91000366210938,9492
2026-02-12 14:59:00,138.89999389648438,138.91000366210938,138.77000427246094,138.8800048828125,12222
2026-02-12 15:00:00,138.8800048828125,138.906005859375,138.63999938964844,138.86000061035156,10102
2026-02-12 15:01:00,138.85000610351562,139.1999969482422,138.85000610351562,139.17999267578125,13756
2026-02-12 15:02:00,139.25999450683594,139.40499877929688,139.25,139.31500244140625,6746
2026-02-12 15:03:00,139.35499572753906,139.5500030517578,139.25999450683594,139.52000427246094,8330
2026-02-12 15:04:00,139.52499389648438,139.6199951171875,139.33999633789062,139.52999877929688,25324
2026-02-12 15:05:00,139.58999633789062,139.83999633789062,139.54119873046875,139.82000732421875,8883
2026-02-12 15:06:00,139.7449951171875,139.95950317382812,139.74000549316406,139.7938995361328,26701
2026-02-12 15:07:00,139.92999267578125,140.00999450683594,139.77000427246094,139.77000427246094,18836
2026-02-12 15:08:00,139.75999450683594,139.8699951171875,139.57000732421875,139.61000061035156,12698
2026-02-12 15:09:00,139.57000732421875,139.64999389648438,139.50999450683594,139.5399932861328,14046
2026-02-12 15:10:00,139.625,139.77999877929688,139.58999633789062,139.77999877929688,15142
2026-02-12 15:11:00,139.7899932861328,139.8300018310547,139.69000244140625,139.75999450683594,14497
2026-02-12 15:12:00,139.75999450683594,140.24000549316406,139.74000549316406,140.1750030517578,34088
2026-02-12 15:13:00,140.2050018310547,140.28500366210938,140.1699981689453,140.2689971923828,19315
2026-02-12 15:14:00,140.36500549316406,140.41000366210938,139.8699951171875,140.17999267578125,80245
2026-02-12 15:15:00,140.13510131835938,140.25999450683594,140.11000061035156,140.25999450683594,11045
2026-02-12 15:16:00,140.2899932861328,140.4199981689453,140.2100067138672,140.36000061035156,14077
2026-02-12 15:17:00,140.36500549316406,140.44000244140625,140.28500366210938,140.3800048828125,13255
2026-02-12 15:18:00,140.3800048828125,140.6999969482422,140.3800048828125,140.68499755859375,23580
2026-02-12 15:19:00,140.68499755859375,140.7050018310547,140.3300018310547,140.3300018310547,17504
2026-02-12 15:20:00,140.3975067138672,140.60000610351562,140.3975067138672,140.5500030517578,4666
2026-02-12 15:21:00,140.4600067138672,140.4600067138672,140.08999633789062,140.08999633789062,9545
2026-02-12 15:22:00,140.18580627441406,140.32000732421875,139.8300018310547,140.32000732421875,68046
2026-02-12 15:23:00,140.30999755859375,140.30999755859375,140.02000427246094,140.1300048828125,5820
2026-02-12 15:24:00,140.02000427246094,140.10020446777344,140.0,140.0,5070
2026-02-12 15:25:00,140.0,140.22999572753906,140.0,140.22999572753906,10776
2026-02-12 15:26:00,140.1699981689453,140.35000610351562,140.0800018310547,140.3300018310547,42706
2026-02-12 15:27:00,140.3350067138672,140.60000610351562,140.30999755859375,140.40499877929688,14515
2026-02-12 15:28:00,140.40499877929688,140.52999877929688,140.31500244140625,140.5,9814
2026-02-12 15:29:00,140.52999877929688,140.66000366210938,140.50999450683594,140.63999938964844,19544
2026-02-12 15:30:00,140.5850067138672,140.8000030517578,140.5850067138672,140.79010009765625,10565
2026-02-12 15:31:00,140.84500122070312,140.84500122070312,140.41009521484375,140.51499938964844,7768
2026-02-12 15:32:00,140.4600067138672,140.55999755859375,140.44000244140625,140.5050048828125,6634
2026-02-12 15:33:00,140.4499969482422,140.4499969482422,139.89999389648438,139.97000122070312,26337
2026-02-12 15:34:00,139.9600067138672,140.14999389648438,139.9600067138672,140.05999755859375,10989
2026-02-12 15:35:00,140.14849853515625,140.17999267578125,140.0749969482422,140.15130615234375,7671
2026-02-12 15:36:00,140.13999938964844,140.17999267578125,140.0,140.07000732421875,10256
2026-02-12 15:37:00,140.08999633789062,140.1300048828125,140.02999877929688,140.06500244140625,8249
2026-02-12 15:38:00,140.0399932861328,140.0500030517578,139.7100067138672,139.9199981689453,12048
2026-02-12 15:39:00,139.92999267578125,139.94000244140625,139.7913055419922,139.88999938964844,9557
2026-02-12 15:40:00,139.89500427246094,139.91000366210938,139.72999572753906,139.86000061035156,11785
2026-02-12 15:41:00,139.8000030517578,139.92999267578125,139.8000030517578,139.875,10643
2026-02-12 15:42:00,139.8350067138672,139.83999633789062,139.7100067138672,139.74000549316406,10268
2026-02-12 15:43:00,139.72000122070312,139.72000122070312,139.5500030517578,139.63999938964844,13948
2026-02-12 15:44:00,139.60499572753906,139.64999389648438,139.49000549316406,139.49000549316406,16244
2026-02-12 15:45:00,139.4600067138672,139.6199951171875,139.41000366210938,139.61000061035156,12328
2026-02-12 15:46:00,139.63999938964844,139.72999572753906,139.58999633789062,139.6999969482422,13430
2026-02-12 15:47:00,139.68499755859375,139.77999877929688,139.6699981689453,139.75,8711
2026-02-12 15:48:00,139.7100067138672,139.7100067138672,139.35000610351562,139.35000610351562,11020
2026-02-12 15:49:00,139.3300018310547,139.50999450683594,139.31100463867188,139.41000366210938,18655
2026-02-12 15:50:00,139.4149932861328,139.47000122070312,139.16000366210938,139.1750030517578,31869
2026-02-12 15:51:00,139.19500732421875,139.36000061035156,139.0500030517578,139.35000610351562,30344
2026-02-12 15:52:00,139.3300018310547,139.35000610351562,139.25,139.30499267578125,4975
2026-02-12 15:53:00,139.31500244140625,139.52000427246094,139.3000030517578,139.47000122070312,19710
2026-02-12 15:54:00,139.4600067138672,139.4600067138672,139.2100067138672,139.25,13426
2026-02-12 15:55:00,139.24000549316406,139.27999877929688,139.04010009765625,139.14999389648438,21996
2026-02-12 15:56:00,139.1699981689453,139.1699981689453,138.9813995361328,138.99000549316406,9424
2026-02-12 15:57:00,139.0,139.11000061035156,138.88999938964844,138.9250030517578,37394
2026-02-12 15:58:00,138.91000366210938,139.0,138.85009765625,138.9499969482422,13969
2026-02-12 15:59:00,138.9429931640625,138.95010375976562,138.6999969482422,138.6999969482422,11281
2026-02-12 16:00:00,138.7100067138672,138.9199981689453,138.69500732421875,138.875,9936
2026-02-12 16:01:00,138.875,138.89999389648438,138.77999877929688,138.86000061035156,11373
2026-02-12 16:02:00,138.8800048828125,138.8800048828125,138.6699981689453,138.72999572753906,9933
2026-02-12 16:03:00,138.77000427246094,138.8300018310547,138.68499755859375,138.77000427246094,14413
2026-02-12 16:04:00,138.77000427246094,138.8800048828125,138.74000549316406,138.75999450683594,15178
2026-02-12 16:05:00,138.74000549316406,138.8000030517578,138.57000732421875,138.60499572753906,15359
2026-02-12 16:06:00,138.5500030517578,138.69000244140625,138.5500030517578,138.6300048828125,7180
2026-02-12 16:07:00,138.6300048828125,138.7100067138672,138.5,138.7050018310547,15186
2026-02-12 16:08:00,138.6999969482422,138.82000732421875,138.64999389648438,138.82000732421875,6594
2026-02-12 16:09:00,138.82000732421875,138.86000061035156,138.69000244140625,138.71499633789062,11541
2026-02-12 16:10:00,138.69000244140625,138.75999450683594,138.4709014892578,138.4709014892578,17729
2026-02-12 16:11:00,138.47500610351562,138.55999755859375,138.38040161132812,138.38040161132812,12682
2026-02-12 16:12:00,138.38999938964844,138.41000366210938,138.3000030517578,138.39999389648438,15311
2026-02-12 16:13:00,138.3800048828125,138.41000366210938,138.3300018310547,138.3800048828125,9879
2026-02-12 16:14:00,138.39999389648438,138.39999389648438,138.3000030517578,138.36500549316406,10303
2026-02-12 16:15:00,138.33999633789062,138.4199981689453,138.0800018310547,138.0800018310547,12178
2026-02-12 16:16:00,138.0,138.03500366210938,137.8800048828125,137.96499633789062,22451
2026-02-12 16:17:00,137.9199981689453,138.1300048828125,137.9199981689453,138.0399932861328,16212
2026-02-12 16:18:00,137.97000122070312,138.0399932861328,137.75999450683594,137.75999450683594,14925
2026-02-12 16:19:00,137.7899932861328,138.0800018310547,137.7700958251953,137.97999572753906,18689
2026-02-12 16:20:00,137.99000549316406,138.07000732421875,137.80999755859375,137.85000610351562,11111
2026-02-12 16:21:00,137.8300018310547,137.97999572753906,137.75,137.75,21436
2026-02-12 16:22:00,137.76499938964844,137.83999633789062,137.64999389648438,137.6999969482422,9356
2026-02-12 16:23:00,137.69000244140625,137.9199981689453,137.69000244140625,137.86000061035156,13563
2026-02-12 16:24:00,137.92999267578125,137.97999572753906,137.61000061035156,137.6300048828125,9993
2026-02-12 16:25:00,137.60000610351562,137.6300048828125,137.3800048828125,137.3800048828125,10105
2026-02-12 16:26:00,137.30999755859375,137.43380737304688,137.28500366210938,137.28500366210938,11873
2026-02-12 16:27:00,137.31210327148438,137.4499969482422,137.2050018310547,137.4149932861328,22288
2026-02-12 16:28:00,137.375,137.375,137.11000061035156,137.1750030517578,10947
2026-02-12 16:29:00,137.16000366210938,137.1999969482422,136.95069885253906,137.03500366210938,32073
2026-02-12 16:30:00,137.03500366210938,137.1699981689453,137.0,137.08999633789062,18237
2026-02-12 16:31:00,137.05999755859375,137.05999755859375,136.8101043701172,136.94000244140625,14279
2026-02-12 16:32:00,137.00999450683594,137.02999877929688,136.83999633789062,136.91000366210938,22493
2026-02-12 16:33:00,136.88499450683594,137.00999450683594,136.74000549316406,136.9199981689453,14856
2026-02-12 16:34:00,136.8800048828125,137.0800018310547,136.8800048828125,136.9552001953125,9191
2026-02-12 16:35:00,136.92999267578125,137.1199951171875,136.89999389648438,137.0050048828125,21854
2026-02-12 16:36:00,137.02499389648438,137.27999877929688,136.9499969482422,137.27999877929688,11655
2026-02-12 16:37:00,137.38999938964844,137.38999938964844,137.02999877929688,137.1383056640625,12114
2026-02-12 16:38:00,137.16000366210938,137.30999755859375,137.16000366210938,137.1999969482422,8498
2026-02-12 16:39:00,137.25,137.39999389648438,137.22999572753906,137.3350067138672,10417
2026-02-12 16:40:00,137.39999389648438,137.47999572753906,137.3300018310547,137.38999938964844,13753
2026-02-12 16:41:00,137.38999938964844,137.5399932861328,137.38999938964844,137.51499938964844,7100
2026-02-12 16:42:00,137.50999450683594,137.52000427246094,137.39010620117188,137.5050048828125,9159
2026-02-12 16:43:00,137.57000732421875,137.67999267578125,137.46009826660156,137.6750030517578,11503
2026-02-12 16:44:00,137.6300048828125,137.71499633789062,137.24000549316406,137.36990356445312,10165
2026-02-12 16:45:00,137.3000030517578,137.4199981689453,137.3000030517578,137.4199981689453,8802
2026-02-12 16:46:00,137.41000366210938,137.57000732421875,137.24000549316406,137.24000549316406,11911
2026-02-12 16:47:00,137.3300018310547,137.4499969482422,137.30999755859375,137.35000610351562,11097
2026-02-12 16:48:00,137.26499938964844,137.4550018310547,137.1699981689453,137.1699981689453,10009
2026-02-12 16:49:00,137.16000366210938,137.33999633789062,137.16000366210938,137.27999877929688,6809
2026-02-12 16:50:00,137.25,137.38999938964844,137.22999572753906,137.2949981689453,9556
2026-02-12 16:51:00,137.27999877929688,137.5500030517578,137.25,137.42999267578125,17897
2026-02-12 16:52:00,137.4149932861328,137.4499969482422,137.3300018310547,137.39500427246094,5890
2026-02-12 16:53:00,137.42999267578125,137.4600067138672,137.38999938964844,137.42999267578125,7665
2026-02-12 16:54:00,137.43499755859375,137.55999755859375,137.32000732421875,137.375,8521
2026-02-12 16:55:00,137.3699951171875,137.4600067138672,137.32000732421875,137.4600067138672,11031
2026-02-12 16:56:00,137.47999572753906,137.47999572753906,137.3699951171875,137.37420654296875,8806
2026-02-12 16:57:00,137.38999938964844,137.46499633789062,137.35000610351562,137.38499450683594,12805
2026-02-12 16:58:00,137.39999389648438,137.4199981689453,137.35000610351562,137.39999389648438,21002
2026-02-12 16:59:00,137.4199981689453,137.5399932861328,137.3000030517578,137.5399932861328,15594
2026-02-12 17:00:00,137.55499267578125,137.5800018310547,137.31500244140625,137.34500122070312,31281
2026-02-12 17:01:00,137.33999633789062,137.33999633789062,137.1699981689453,137.2550048828125,11065
2026-02-12 17:02:00,137.2050018310547,137.4499969482422,137.14999389648438,137.4499969482422,25879
2026-02-12 17:03:00,137.49000549316406,137.69000244140625,137.4199981689453,137.47999572753906,7343
2026-02-12 17:04:00,137.52000427246094,137.5800018310547,137.47999572753906,137.57000732421875,18186
2026-02-12 17:05:00,137.5399932861328,137.5500030517578,137.3975067138672,137.41000366210938,12999
2026-02-12 17:06:00,137.38499450683594,137.6699981689453,137.38499450683594,137.66000366210938,10957
2026-02-12 17:07:00,137.65499877929688,137.74000549316406,137.58999633789062,137.74000549316406,14208
2026-02-12 17:08:00,137.74000549316406,137.74000549316406,137.57000732421875,137.58999633789062,8582
2026-02-12 17:09:00,137.6300048828125,138.0399932861328,137.5850067138672,137.9600067138672,22429
2026-02-12 17:10:00,137.94000244140625,137.94000244140625,137.72999572753906,137.8000030517578,22917
2026-02-12 17:11:00,137.8000030517578,137.8249969482422,137.57000732421875,137.57000732421875,14272
2026-02-12 17:12:00,137.60000610351562,137.6302947998047,137.50999450683594,137.5175018310547,7106
2026-02-12 17:13:00,137.52999877929688,137.52999877929688,137.4550018310547,137.4949951171875,7550
2026-02-12 17:14:00,137.47999572753906,137.61000061035156,137.4550018310547,137.55499267578125,10443
2026-02-12 17:15:00,137.5449981689453,137.63999938964844,137.4774932861328,137.4929962158203,11376
2026-02-12 17:16:00,137.47999572753906,137.6199951171875,137.47000122070312,137.5800018310547,9159
2026-02-12 17:17:00,137.56500244140625,137.61000061035156,137.4199981689453,137.5050048828125,11819
2026-02-12 17:18:00,137.47000122070312,137.47000122070312,137.3699951171875,137.38999938964844,16637
2026-02-12 17:19:00,137.38499450683594,137.4499969482422,137.30999755859375,137.3699951171875,10585
2026-02-12 17:20:00,137.35000610351562,137.69000244140625,137.35000610351562,137.63999938964844,10132
2026-02-12 17:21:00,137.69000244140625,137.7899932861328,137.6300048828125,137.7899932861328,11677
2026-02-12 17:22:00,137.77000427246094,138.02999877929688,137.72999572753906,137.94000244140625,8740
2026-02-12 17:23:00,137.85000610351562,137.99000549316406,137.85000610351562,137.94520568847656,6756
2026-02-12 17:24:00,137.93499755859375,138.03500366210938,137.8699951171875,138.02000427246094,14286
2026-02-12 17:25:00,137.99000549316406,138.0,137.83999633789062,137.8800048828125,10392
2026-02-12 17:26:00,137.96499633789062,137.99000549316406,137.83999633789062,137.86000061035156,9334
2026-02-12 17:27:00,137.85000610351562,137.8800048828125,137.77000427246094,137.80999755859375,15812
2026-02-12 17:28:00,137.8000030517578,137.89999389648438,137.64999389648438,137.72000122070312,12402
2026-02-12 17:29:00,137.72000122070312,137.75,137.25999450683594,137.25999450683594,15951
2026-02-12 17:30:00,137.30999755859375,137.52000427246094,137.17999267578125,137.1999969482422,12868
2026-02-12 17:31:00,137.21499633789062,137.30499267578125,137.19500732421875,137.22000122070312,9110
2026-02-12 17:32:00,137.21499633789062,137.27000427246094,137.1300048828125,137.2100067138672,6722
2026-02-12 17:33:00,137.2100067138672,137.61000061035156,137.2100067138672,137.57000732421875,18575
2026-02-12 17:34:00,137.60000610351562,137.67999267578125,137.5500030517578,137.64999389648438,8451
2026-02-12 17:35:00,137.6199951171875,137.69000244140625,137.57000732421875,137.6300048828125,9885
2026-02-12 17:36:00,137.61500549316406,137.72000122070312,137.58999633789062,137.61500549316406,10046
2026-02-12 17:37:00,137.60499572753906,137.88040161132812,137.60499572753906,137.77999877929688,12603
2026-02-12 17:38:00,137.76400756835938,137.85499572753906,137.5800018310547,137.60000610351562,11360
2026-02-12 17:39:00,137.58999633789062,137.74000549316406,137.4801025390625,137.49000549316406,13506
2026-02-12 17:40:00,137.49169921875,137.69000244140625,137.39500427246094,137.64999389648438,21137
2026-02-12 17:41:00,137.64999389648438,137.67999267578125,137.4199981689453,137.49000549316406,9566
2026-02-12 17:42:00,137.48500061035156,137.57000732421875,137.4600067138672,137.5399932861328,7654
2026-02-12 17:43:00,137.5449981689453,137.72000122070312,137.53500366210938,137.69000244140625,7553
2026-02-12 17:44:00,137.7100067138672,137.7100067138672,137.6300048828125,137.6300048828125,6873
2026-02-12 17:45:00,137.69000244140625,137.77000427246094,137.68499755859375,137.71359252929688,9945
2026-02-12 17:46:00,137.77000427246094,137.93499755859375,137.72000122070312,137.72000122070312,9017
2026-02-12 17:47:00,137.72000122070312,137.85000610351562,137.7050018310547,137.7050018310547,7468
2026-02-12 17:48:00,137.65499877929688,137.75999450683594,137.65499877929688,137.75,5217
2026-02-12 17:49:00,137.72500610351562,137.94500732421875,137.72149658203125,137.80499267578125,14671
2026-02-12 17:50:00,137.7700958251953,137.9600067138672,137.7700958251953,137.78500366210938,7846
2026-02-12 17:51:00,137.86000061035156,137.86000061035156,137.72000122070312,137.74000549316406,8145
2026-02-12 17:52:00,137.72000122070312,137.8300018310547,137.72000122070312,137.7949981689453,7729
2026-02-12 17:53:00,137.7949981689453,137.8000030517578,137.51010131835938,137.51010131835938,11955
2026-02-12 17:54:00,137.5399932861328,137.60000610351562,137.49740600585938,137.60000610351562,8389
2026-02-12 17:55:00,137.58999633789062,137.6300048828125,137.5,137.5,6777
2026-02-12 17:56:00,137.5399932861328,137.57000732421875,137.27999877929688,137.36000061035156,54831
2026-02-12 17:57:00,137.27999877929688,137.32000732421875,137.22999572753906,137.31500244140625,18162
2026-02-12 17:58:00,137.25999450683594,137.3300018310547,137.25999450683594,137.3300018310547,8873
2026-02-12 17:59:00,137.34500122070312,137.3800048828125,137.27000427246094,137.27000427246094,16101
2026-02-12 18:00:00,137.27000427246094,137.2899932861328,137.125,137.2449951171875,14847
2026-02-12 18:01:00,137.2624969482422,137.4199981689453,137.25,137.38999938964844,23216
2026-02-12 18:02:00,137.44000244140625,137.61000061035156,137.34500122070312,137.49000549316406,21825
2026-02-12 18:03:00,137.3800048828125,137.52000427246094,137.32000732421875,137.44000244140625,25506
2026-02-12 18:04:00,137.46229553222656,137.5399932861328,137.40499877929688,137.44500732421875,16711
2026-02-12 18:05:00,137.49000549316406,137.61000061035156,137.4250030517578,137.50999450683594,10832
2026-02-12 18:06:00,137.4600067138672,137.5399932861328,137.4199981689453,137.45010375976562,4617
2026-02-12 18:07:00,137.52000427246094,137.76499938964844,137.52000427246094,137.6649932861328,8933
2026-02-12 18:08:00,137.6300048828125,137.72500610351562,137.4949951171875,137.52639770507812,6022
2026-02-12 18:09:00,137.47000122070312,137.61000061035156,137.47000122070312,137.57000732421875,5406
2026-02-12 18:10:00,137.56500244140625,137.6199951171875,137.52000427246094,137.5800018310547,16450
2026-02-12 18:11:00,137.57000732421875,137.57000732421875,137.4199981689453,137.49000549316406,6823
2026-02-12 18:12:00,137.52999877929688,137.60000610351562,137.4199981689453,137.47999572753906,15326
2026-02-12 18:13:00,137.47999572753906,137.55999755859375,137.44000244140625,137.49070739746094,9092
2026-02-12 18:14:00,137.52499389648438,137.55209350585938,137.48500061035156,137.52499389648438,6777
2026-02-12 18:15:00,137.5,137.57000732421875,137.47999572753906,137.50999450683594,5987
2026-02-12 18:16:00,137.52000427246094,137.62989807128906,137.4600067138672,137.58999633789062,6630
2026-02-12 18:17:00,137.59039306640625,137.75,137.57000732421875,137.57000732421875,6353
2026-02-12 18:18:00,137.57000732421875,137.61000061035156,137.5399932861328,137.5399932861328,6298
2026-02-12 18:19:00,137.5850067138672,137.6699981689453,137.52000427246094,137.63499450683594,21631
2026-02-12 18:20:00,137.63499450683594,137.8800048828125,137.63499450683594,137.83999633789062,13295
2026-02-12 18:21:00,137.83999633789062,137.8699951171875,137.75999450683594,137.77499389648438,10798
2026-02-12 18:22:00,137.72000122070312,137.83999633789062,137.69000244140625,137.83999633789062,3377
2026-02-12 18:23:00,137.89500427246094,137.95509338378906,137.8699951171875,137.8800048828125,10308
2026-02-12 18:24:00,137.89500427246094,138.02000427246094,137.85000610351562,137.97000122070312,9389
2026-02-12 18:25:00,137.9499969482422,138.08999633789062,137.89999389648438,138.08999633789062,8208
2026-02-12 18:26:00,138.02000427246094,138.0500030517578,137.92999267578125,138.01780700683594,5838
2026-02-12 18:27:00,138.00999450683594,138.00999450683594,137.8699951171875,137.9250030517578,6589
2026-02-12 18:28:00,137.9250030517578,137.94500732421875,137.60000610351562,137.61500549316406,21679
2026-02-12 18:29:00,137.66000366210938,137.8699951171875,137.5,137.6999969482422,29022
2026-02-12 18:30:00,137.7550048828125,137.88999938964844,137.60000610351562,137.72999572753906,10103
2026-02-12 18:31:00,137.82000732421875,137.83999633789062,137.66000366210938,137.71499633789062,4258
2026-02-12 18:32:00,137.72250366210938,137.92999267578125,137.72250366210938,137.78500366210938,15113
2026-02-12 18:33:00,137.85000610351562,138.02000427246094,137.8300018310547,137.96499633789062,7597
2026-02-12 18:34:00,137.94000244140625,138.02999877929688,137.89999389648438,137.9550018310547,3665
2026-02-12 18:35:00,137.9550018310547,138.08999633789062,137.9550018310547,138.02999877929688,13490
2026-02-12 18:36:00,138.02000427246094,138.10989379882812,137.97000122070312,138.01499938964844,10283
2026-02-12 18:37:00,138.0,138.1699981689453,138.0,138.1699981689453,8923
2026-02-12 18:38:00,138.1699981689453,138.25,137.94000244140625,137.97000122070312,27441
2026-02-12 18:39:00,138.0,138.19000244140625,137.88999938964844,138.10499572753906,6920
2026-02-12 18:40:00,138.10499572753906,138.13999938964844,138.0399932861328,138.0749969482422,22563
2026-02-12 18:41:00,138.0500030517578,138.06500244140625,137.9199981689453,137.9199981689453,9686
2026-02-12 18:42:00,137.9199981689453,138.05999755859375,137.9199981689453,138.05999755859375,6058
2026-02-12 18:43:00,138.11000061035156,138.2100067138672,138.10519409179688,138.13499450683594,8797
2026-02-12 18:44:00,138.16000366210938,138.30999755859375,138.11000061035156,138.29660034179688,11819
2026-02-12 18:45:00,138.2899932861328,138.36000061035156,138.25999450683594,138.3249969482422,8969
2026-02-12 18:46:00,138.33999633789062,138.50999450683594,138.24000549316406,138.48500061035156,22884
2026-02-12 18:47:00,138.48500061035156,138.55679321289062,138.43499755859375,138.5500030517578,18584
2026-02-12 18:48:00,138.47999572753906,138.72999572753906,138.47999572753906,138.52999877929688,18536
2026-02-12 18:49:00,138.61500549316406,138.61500549316406,138.41000366210938,138.4550018310547,3938
2026-02-12 18:50:00,138.4199981689453,138.5,138.35000610351562,138.5,8842
2026-02-12 18:51:00,138.4550018310547,138.61500549316406,138.4499969482422,138.52999877929688,9799
2026-02-12 18:52:00,138.6020050048828,138.6300048828125,138.52999877929688,138.6300048828125,2911
2026-02-12 18:53:00,138.625,138.6699981689453,138.57000732421875,138.62750244140625,6452
2026-02-12 18:54:00,138.6199951171875,138.6699981689453,138.55999755859375,138.55999755859375,7682
2026-02-12 18:55:00,138.5200958251953,138.67999267578125,138.52000427246094,138.57000732421875,6009
2026-02-12 18:56:00,138.61000061035156,138.61000061035156,138.4250030517578,138.42999267578125,12120
2026-02-12 18:57:00,138.47000122070312,138.47500610351562,138.4199981689453,138.44500732421875,5106
2026-02-12 18:58:00,138.5,138.52000427246094,138.27999877929688,138.40499877929688,8327
2026-02-12 18:59:00,138.44000244140625,138.52000427246094,138.4199981689453,138.4600067138672,10457
2026-02-12 19:00:00,138.4600067138672,138.5500030517578,138.4600067138672,138.5500030517578,11632
2026-02-12 19:01:00,138.5500030517578,138.67999267578125,138.5399932861328,138.58999633789062,18248
2026-02-12 19:02:00,138.60000610351562,138.63600158691406,138.5,138.5800018310547,6848
2026-02-12 19:03:00,138.5500030517578,138.7335968017578,138.5301055908203,138.69000244140625,7888
2026-02-12 19:04:00,138.69500732421875,138.7100067138672,138.61000061035156,138.6699981689453,23431
2026-02-12 19:05:00,138.7100067138672,138.77999877929688,138.6699981689453,138.75999450683594,7057
2026-02-12 19:06:00,138.77000427246094,138.8350067138672,138.6999969482422,138.72999572753906,9109
2026-02-12 19:07:00,138.72000122070312,138.83999633789062,138.72000122070312,138.80999755859375,6944
2026-02-12 19:08:00,138.81500244140625,138.83990478515625,138.72000122070312,138.77000427246094,6449
2026-02-12 19:09:00,138.80999755859375,138.80999755859375,138.66000366210938,138.66299438476562,7217
2026-02-12 19:10:00,138.66000366210938,138.6999969482422,138.61180114746094,138.64500427246094,6159
2026-02-12 19:11:00,138.6300048828125,138.6300048828125,138.5,138.52000427246094,8156
2026-02-12 19:12:00,138.47000122070312,138.6199951171875,138.47000122070312,138.47000122070312,10069
2026-02-12 19:13:00,138.52499389648438,138.55999755859375,138.4600067138672,138.55999755859375,8362
2026-02-12 19:14:00,138.55999755859375,138.6300048828125,138.51499938964844,138.5800018310547,5620
2026-02-12 19:15:00,138.5800018310547,138.74000549316406,138.5800018310547,138.74000549316406,20692
2026-02-12 19:16:00,138.69000244140625,138.72999572753906,138.60000610351562,138.6699981689453,7860
2026-02-12 19:17:00,138.6999969482422,138.8800048828125,138.6999969482422,138.83999633789062,9578
2026-02-12 19:18:00,138.8300018310547,138.88999938964844,138.82000732421875,138.8800048828125,6938
2026-02-12 19:19:00,138.85499572753906,138.97999572753906,138.83999633789062,138.91000366210938,11860
2026-02-12 19:20:00,138.9600067138672,139.0,138.88999938964844,138.92999267578125,7149
2026-02-12 19:21:00,138.96249389648438,138.99989318847656,138.7949981689453,138.8000030517578,13978
2026-02-12 19:22:00,138.8249969482422,138.8249969482422,138.4949951171875,138.6699981689453,69053
2026-02-12 19:23:00,138.6699981689453,138.7899932861328,138.5800018310547,138.6083984375,23103
2026-02-12 19:24:00,138.6999969482422,138.72000122070312,138.61500549316406,138.6699981689453,7013
2026-02-12 19:25:00,138.74000549316406,138.74000549316406,138.6199951171875,138.6199951171875,8659
2026-02-12 19:26:00,138.5399932861328,138.60000610351562,138.30499267578125,138.4499969482422,17588
2026-02-12 19:27:00,138.4550018310547,138.4550018310547,138.27999877929688,138.27999877929688,6927
2026-02-12 19:28:00,138.33999633789062,138.33999633789062,138.24000549316406,138.2949981689453,12262
2026-02-12 19:29:00,138.3249969482422,138.33999633789062,138.13999938964844,138.22000122070312,12647
2026-02-12 19:30:00,138.3300018310547,138.3699951171875,138.3000030517578,138.35000610351562,4726
2026-02-12 19:31:00,138.3350067138672,138.39999389648438,138.25,138.25,9169
2026-02-12 19:32:00,138.30999755859375,138.49000549316406,138.30999755859375,138.49000549316406,12092
2026-02-12 19:33:00,138.5399932861328,138.55999755859375,138.47999572753906,138.49000549316406,6439
2026-02-12 19:34:00,138.47000122070312,138.5399932861328,138.42999267578125,138.4949951171875,5893
2026-02-12 19:35:00,138.4949951171875,138.69000244140625,138.48500061035156,138.66000366210938,13096
2026-02-12 19:36:00,138.6300048828125,138.74000549316406,138.6300048828125,138.63999938964844,9552
2026-02-12 19:37:00,138.67999267578125,138.73989868164062,138.63999938964844,138.72000122070312,5968
2026-02-12 19:38:00,138.72000122070312,138.74000549316406,138.64999389648438,138.64999389648438,6598
2026-02-12 19:39:00,138.60000610351562,138.72000122070312,138.60000610351562,138.67999267578125,3058
2026-02-12 19:40:00,138.72999572753906,138.77999877929688,138.70010375976562,138.77999877929688,2956
2026-02-12 19:41:00,138.7449951171875,138.7899932861328,138.72000122070312,138.77999877929688,8410
2026-02-12 19:42:00,138.77499389648438,138.8300018310547,138.6699981689453,138.7899932861328,29691
2026-02-12 19:43:00,138.7949981689453,138.7949981689453,138.61000061035156,138.61000061035156,13949
2026-02-12 19:44:00,138.60499572753906,138.67999267578125,138.5,138.67999267578125,9267
2026-02-12 19:45:00,138.6750030517578,138.75,138.6750030517578,138.71499633789062,4395
2026-02-12 19:46:00,138.74000549316406,138.75,138.55999755859375,138.5800018310547,10849
2026-02-12 19:47:00,138.64999389648438,138.68499755859375,138.61000061035156,138.61000061035156,6641
2026-02-12 19:48:00,138.66439819335938,138.69000244140625,138.65499877929688,138.6699981689453,3857
2026-02-12 19:49:00,138.63999938964844,138.6739959716797,138.52999877929688,138.52999877929688,9990
2026-02-12 19:50:00,138.5800018310547,138.6699981689453,138.52000427246094,138.62730407714844,8179
2026-02-12 19:51:00,138.5,138.61000061035156,138.47999572753906,138.60850524902344,9806
2026-02-12 19:52:00,138.52000427246094,138.58990478515625,138.49000549316406,138.4949951171875,5883
2026-02-12 19:53:00,138.4949951171875,138.5489959716797,138.44000244140625,138.44000244140625,7386
2026-02-12 19:54:00,138.48500061035156,138.52000427246094,138.38999938964844,138.42999267578125,22904
2026-02-12 19:55:00,138.42999267578125,138.4600067138672,138.3000030517578,138.4600067138672,12887
2026-02-12 19:56:00,138.47000122070312,138.49000549316406,138.35499572753906,138.38999938964844,6462
2026-02-12 19:57:00,138.38999938964844,138.52000427246094,138.375,138.4600067138672,6266
2026-02-12 19:58:00,138.4499969482422,138.4499969482422,138.0800018310547,138.22000122070312,18483
2026-02-12 19:59:00,138.2100067138672,138.2100067138672,138.11000061035156,138.18499755859375,6464
2026-02-12 20:00:00,138.22000122070312,138.33999633789062,138.22000122070312,138.33999633789062,7460
2026-02-12 20:01:00,138.3300018310547,138.3800048828125,138.30999755859375,138.33999633789062,10062
2026-02-12 20:02:00,138.35000610351562,138.35000610351562,138.1999969482422,138.22999572753906,8791
2026-02-12 20:03:00,138.22000122070312,138.27000427246094,138.19949340820312,138.22000122070312,6372
2026-02-12 20:04:00,138.22500610351562,138.3699951171875,138.1199951171875,138.34500122070312,29981
2026-02-12 20:05:00,138.375,138.47500610351562,138.375,138.4600067138672,17248
2026-02-12 20:06:00,138.44000244140625,138.52000427246094,138.44000244140625,138.47999572753906,4940
2026-02-12 20:07:00,138.4949951171875,138.57000732421875,138.42999267578125,138.42999267578125,12466
2026-02-12 20:08:00,138.4550018310547,138.4600067138672,138.36500549316406,138.3800048828125,7028
2026-02-12 20:09:00,138.36000061035156,138.41990661621094,138.3300018310547,138.39500427246094,4854
2026-02-12 20:10:00,138.38999938964844,138.4499969482422,138.38999938964844,138.4149932861328,11482
2026-02-12 20:11:00,138.4398956298828,138.4398956298828,138.1699981689453,138.23500061035156,31017
2026-02-12 20:12:00,138.24000549316406,138.24749755859375,138.02999877929688,138.07000732421875,10669
2026-02-12 20:13:00,138.02000427246094,138.08999633789062,137.9600067138672,137.99000549316406,41663
2026-02-12 20:14:00,138.0050048828125,138.0800018310547,137.92999267578125,138.05999755859375,24371
2026-02-12 20:15:00,138.11000061035156,138.1300048828125,138.05999755859375,138.1300048828125,5444
2026-02-12 20:16:00,138.10000610351562,138.19000244140625,138.10000610351562,138.14999389648438,13289
2026-02-12 20:17:00,138.1649932861328,138.19000244140625,138.0800018310547,138.13999938964844,14476
2026-02-12 20:18:00,138.13999938964844,138.22000122070312,138.1199951171875,138.19500732421875,20517
2026-02-12 20:19:00,138.19000244140625,138.3699951171875,138.19000244140625,138.22500610351562,11793
2026-02-12 20:20:00,138.17999267578125,138.19000244140625,138.08999633789062,138.11000061035156,17945
2026-02-12 20:21:00,138.1999969482422,138.2100067138672,138.10499572753906,138.12139892578125,6017
2026-02-12 20:22:00,138.1199951171875,138.17999267578125,138.01119995117188,138.07000732421875,29968
2026-02-12 20:23:00,138.0749969482422,138.125,138.05999755859375,138.09500122070312,8306
2026-02-12 20:24:00,138.0800018310547,138.1999969482422,138.07000732421875,138.17999267578125,11774
2026-02-12 20:25:00,138.17999267578125,138.17999267578125,138.07000732421875,138.0800018310547,8000
2026-02-12 20:26:00,138.05999755859375,138.1300048828125,138.0500030517578,138.125,9181
2026-02-12 20:27:00,138.13999938964844,138.17999267578125,138.13999938964844,138.16000366210938,7201
2026-02-12 20:28:00,138.16000366210938,138.1999969482422,138.0800018310547,138.08999633789062,17443
2026-02-12 20:29:00,138.1199951171875,138.1199951171875,137.9550018310547,137.97000122070312,15794
2026-02-12 20:30:00,138.0050048828125,138.1199951171875,137.9499969482422,138.08999633789062,32573
2026-02-12 20:31:00,138.10000610351562,138.21890258789062,138.0850067138672,138.13999938964844,14631
2026-02-12 20:32:00,138.12429809570312,138.1999969482422,138.0749969482422,138.1649932861328,8316
2026-02-12 20:33:00,138.1750030517578,138.24000549316406,138.14100646972656,138.2100067138672,19391
2026-02-12 20:34:00,138.22000122070312,138.26499938964844,138.2100067138672,138.24000549316406,9495
2026-02-12 20:35:00,138.26499938964844,138.3699951171875,138.25999450683594,138.3699951171875,16023
2026-02-12 20:36:00,138.39999389648438,138.42999267578125,138.3699951171875,138.3800048828125,12544
2026-02-12 20:37:00,138.38999938964844,138.49000549316406,138.3699951171875,138.4600067138672,12426
2026-02-12 20:38:00,138.47000122070312,138.5050048828125,138.4600067138672,138.48500061035156,17461
2026-02-12 20:39:00,138.5,138.5399932861328,138.3699951171875,138.5399932861328,15570
2026-02-12 20:40:00,138.5500030517578,138.71499633789062,138.5500030517578,138.6999969482422,14874
2026-02-12 20:41:00,138.6999969482422,138.71499633789062,138.6199951171875,138.6300048828125,12492
2026-02-12 20:42:00,138.6199951171875,138.66000366210938,138.52000427246094,138.66000366210938,17066
2026-02-12 20:43:00,138.7100067138672,138.73500061035156,138.6300048828125,138.6699981689453,12788
2026-02-12 20:44:00,138.69500732421875,138.77000427246094,138.66000366210938,138.75,9851
2026-02-12 20:45:00,138.72000122070312,138.80999755859375,138.72000122070312,138.77999877929688,11713
2026-02-12 20:46:00,138.75999450683594,138.7899932861328,138.67999267578125,138.68499755859375,14085
2026-02-12 20:47:00,138.69500732421875,138.75990295410156,138.63999938964844,138.63999938964844,11271
2026-02-12 20:48:00,138.63499450683594,138.67999267578125,138.5800018310547,138.64500427246094,20098
2026-02-12 20:49:00,138.6699981689453,138.75,138.65469360351562,138.6699981689453,23780
2026-02-12 20:50:00,138.63999938964844,138.86000061035156,138.42750549316406,138.47500610351562,42908
2026-02-12 20:51:00,138.49000549316406,138.6300048828125,138.49000549316406,138.55999755859375,24433
2026-02-12 20:52:00,138.5800018310547,138.72500610351562,138.52999877929688,138.69000244140625,37447
2026-02-12 20:53:00,138.6999969482422,138.7100067138672,138.50010681152344,138.51780700683594,31184
2026-02-12 20:54:00,138.52000427246094,138.72000122070312,138.3800048828125,138.6199951171875,150846
2026-02-12 20:55:00,138.58999633789062,138.58999633789062,138.24000549316406,138.36500549316406,80138
2026-02-12 20:56:00,138.3699951171875,138.42999267578125,138.22000122070312,138.25999450683594,75573
2026-02-12 20:57:00,138.27000427246094,138.39999389648438,138.27000427246094,138.39500427246094,86765
2026-02-12 20:58:00,138.38999938964844,138.52000427246094,138.38999938964844,138.49000549316406,99351
2026-02-12 20:59:00,138.4949951171875,138.5500030517578,138.39999389648438,138.47000122070312,251328
2026-02-12 21:00:00,138.47,138.47,138.4,138.47,2656142
2026-02-12 21:01:00,139.01,139.01,138.09,138.8,0
2026-02-12 21:02:00,138.8,138.8,138.47,138.47,0
2026-02-12 21:03:00,138.47,138.47,138.07,138.31,0
2026-02-12 21:04:00,138.46,138.47,138.46,138.47,0
2026-02-12 21:05:00,138.32,138.47,138.31,138.47,0
2026-02-12 21:06:00,138.42,138.72,138.31,138.31,0
2026-02-12 21:07:00,138.32,138.4775,138.32,138.4775,0
2026-02-12 21:10:00,138.31,138.49,138.31,138.3845,0
2026-02-12 21:11:00,138.38,138.49,138.35,138.425,0
2026-02-12 21:12:00,138.5,138.5,138.5,138.5,0
2026-02-12 21:15:00,138.35,138.56,138.35,138.56,0
2026-02-12 21:16:00,138.47,138.4725,138.47,138.47,0
2026-02-12 21:18:00,138.49,138.614,138.47,138.47,0
2026-02-12 21:19:00,139.29,139.29,138.47,138.5,0
2026-02-12 21:20:00,138.5,138.69,138.49,138.49,0
2026-02-12 21:21:00,138.6,138.6,138.6,138.6,0
2026-02-12 21:22:00,138.49,138.49,138.49,138.49,0
2026-02-12 21:23:00,138.5,138.51,138.5,138.51,0
2026-02-12 21:24:00,139.0,139.0,139.0,139.0,0
2026-02-12 21:25:00,138.9,138.9,138.7489,138.7489,0
2026-02-12 21:26:00,138.7,138.7,138.47,138.7,0
2026-02-12 21:27:00,138.49,138.49,138.49,138.49,0
2026-02-12 21:28:00,138.69,138.69,138.69,138.69,0
2026-02-12 21:30:00,138.68,138.7,138.57,138.57,0
2026-02-12 21:31:00,138.49,138.66,138.43,138.66,0
2026-02-12 21:32:00,138.42,138.5735,138.42,138.5735,0
2026-02-12 21:35:00,138.47,138.47,138.47,138.47,0
2026-02-12 21:36:00,138.44,138.51,138.44,138.51,0
2026-02-12 21:42:00,138.51,138.51,138.2,138.2,0
2026-02-12 21:43:00,138.21,138.21,138.07,138.21,0
2026-02-12 21:45:00,138.07,138.07,138.04,138.05,0
2026-02-12 21:47:00,138.0,138.0,138.0,138.0,0
2026-02-12 21:48:00,138.05,138.05,138.05,138.05,0
2026-02-12 21:49:00,138.05,138.05,138.05,138.05,0
2026-02-12 21:51:00,138.5,138.5,138.5,138.5,0
2026-02-12 21:54:00,138.06,138.6999,138.04,138.6999,0
2026-02-12 21:56:00,137.99,138.16,137.99,138.16,0
2026-02-12 21:58:00,138.11,138.11,138.11,138.11,0
2026-02-12 22:00:00,138.05,138.05,138.05,138.05,0
2026-02-12 22:01:00,138.49,138.49,138.06,138.06,0
2026-02-12 22:03:00,138.09,138.09,138.09,138.09,0
2026-02-12 22:04:00,138.1,138.1,138.1,138.1,0
2026-02-12 22:05:00,138.46,138.46,138.46,138.46,0
2026-02-12 22:06:00,138.1,138.47,138.1,138.47,0
2026-02-12 22:08:00,138.1581,138.1581,138.1581,138.1581,0
2026-02-12 22:11:00,138.15,138.15,138.15,138.15,0
2026-02-12 22:12:00,138.46,138.5,138.46,138.5,0
2026-02-12 22:13:00,138.1,138.1,138.1,138.1,0
2026-02-12 22:14:00,138.09,138.09,138.09,138.09,0
2026-02-12 22:16:00,138.44,138.44,138.1476,138.1476,0
2026-02-12 22:17:00,138.1669,138.1669,138.1669,138.1669,0
2026-02-12 22:19:00,138.11,138.11,138.11,138.11,0
2026-02-12 22:21:00,138.13,138.25,138.13,138.25,0
2026-02-12 22:22:00,138.35,138.35,138.11,138.11,0
2026-02-12 22:23:00,138.12,138.12,138.11,138.11,0
2026-02-12 22:24:00,138.11,138.11,138.11,138.11,0
2026-02-12 22:25:00,138.1504,138.7,138.1,138.1,0
2026-02-12 22:26:00,138.1,138.1,138.05,138.05,0
2026-02-12 22:27:00,138.1,138.1,138.1,138.1,0
2026-02-12 22:28:00,138.06,138.06,138.06,138.06,0
2026-02-12 22:31:00,138.1,138.1,138.1,138.1,0
2026-02-12 22:33:00,138.1,138.1,138.1,138.1,0
2026-02-12 22:34:00,138.06,138.06,138.06,138.06,0
2026-02-12 22:37:00,138.1507,138.1507,138.1507,138.1507,0
2026-02-12 22:40:00,138.1,138.44,138.07,138.44,0
2026-02-12 22:50:00,138.1402,138.1402,138.1402,138.1402,0
2026-02-12 22:51:00,138.44,138.44,138.44,138.44,0
2026-02-12 22:52:00,138.26,138.26,138.26,138.26,0
2026-02-12 22:53:00,138.05,138.05,138.05,138.05,0
2026-02-12 22:55:00,138.5824,138.5824,138.11,138.11,0
2026-02-12 22:57:00,138.47,138.47,138.47,138.47,0
2026-02-12 22:58:00,138.44,138.44,138.34,138.34,0
2026-02-12 23:04:00,138.1476,138.1476,138.06,138.06,0
2026-02-12 23:05:00,138.05,138.1394,138.05,138.1394,0
2026-02-12 23:08:00,138.3,138.3,138.3,138.3,0
2026-02-12 23:11:00,138.46,138.46,138.46,138.46,0
2026-02-12 23:12:00,138.4,138.46,138.13,138.13,0
2026-02-12 23:13:00,138.13,138.13,138.05,138.05,0
2026-02-12 23:23:00,138.05,138.05,138.05,138.05,0
2026-02-12 23:27:00,138.05,138.05,138.05,138.05,0
2026-02-12 23:28:00,138.05,138.05,138.05,138.05,0
2026-02-12 23:32:00,138.68,138.68,138.68,138.68,0
2026-02-12 23:33:00,138.15,138.15,137.98,137.98,0
2026-02-12 23:34:00,137.51,138.28,137.51,138.28,0
2026-02-12 23:36:00,137.53,137.53,137.53,137.53,0
2026-02-12 23:37:00,137.53,137.53,137.51,137.51,0
2026-02-12 23:38:00,137.51,137.51,137.31,137.31,0
2026-02-12 23:39:00,137.26,137.8252,137.26,137.8252,0
2026-02-12 23:40:00,137.83,137.83,137.83,137.83,0
2026-02-12 23:41:00,138.68,138.68,138.68,138.68,0
2026-02-12 23:42:00,138.38,138.38,137.815,137.815,0
2026-02-12 23:43:00,138.47,138.47,138.47,138.47,0
2026-02-12 23:45:00,138.3,138.3,138.3,138.3,0
2026-02-12 23:47:00,137.3,137.99,137.3,137.99,0
2026-02-12 23:48:00,137.3,137.31,137.3,137.31,0
2026-02-12 23:49:00,137.9,137.99,137.9,137.99,0
2026-02-12 23:50:00,137.99,138.43,137.9,137.9,0
2026-02-12 23:52:00,137.99,137.99,137.99,137.99,0
2026-02-12 23:53:00,138.2,138.28,138.2,138.28,0
2026-02-12 23:54:00,138.2,138.2,138.2,138.2,0
2026-02-12 23:58:00,138.0,138.0,138.0,138.0,0
2026-02-12 23:59:00,138.0,138.0,138.0,138.0,0
2026-02-13 00:00:00,137.99,137.99,137.41,137.41,0
2026-02-13 00:01:00,137.99,138.0,137.99,138.0,0
2026-02-13 00:02:00,138.0,138.0,138.0,138.0,0
2026-02-13 00:03:00,138.0,138.0,138.0,138.0,0
2026-02-13 00:04:00,138.1,138.1,138.1,138.1,0
2026-02-13 00:05:00,138.0,138.0,138.0,138.0,0
2026-02-13 00:08:00,137.26,137.26,137.26,137.26,0
2026-02-13 00:10:00,138.0,138.1,138.0,138.1,0
2026-02-13 00:22:00,137.82,138.25,137.61,137.61,0
2026-02-13 00:23:00,137.25,137.25,137.25,137.25,0
2026-02-13 00:24:00,137.2857,137.52,137.2857,137.4,0
2026-02-13 00:25:00,137.41,138.09,137.32,137.32,0
2026-02-13 00:26:00,137.32,137.32,137.32,137.32,0
2026-02-13 00:27:00,137.32,137.32,137.32,137.32,0
2026-02-13 00:28:00,138.25,138.25,138.25,138.25,0
2026-02-13 00:29:00,137.44,137.44,137.44,137.44,0
2026-02-13 00:30:00,137.45,137.45,137.45,137.45,0
2026-02-13 00:31:00,138.6462,138.6462,137.33,137.33,0
2026-02-13 00:33:00,137.47,137.47,137.44,137.44,0
2026-02-13 00:35:00,137.43,137.43,137.43,137.43,0
2026-02-13 00:36:00,137.43,137.43,137.43,137.43,0
2026-02-13 00:38:00,137.44,137.44,137.43,137.43,0
2026-02-13 00:39:00,138.4708,138.4708,138.4708,138.4708,0
2026-02-13 00:40:00,138.68,138.68,138.68,138.68,0
2026-02-13 00:42:00,137.33,137.33,137.33,137.33,0
2026-02-13 00:43:00,137.33,137.33,137.3,137.3,0
2026-02-13 00:44:00,137.28,138.284,137.26,138.284,0
2026-02-13 00:46:00,138.28,138.28,138.28,138.28,0
2026-02-13 00:47:00,137.26,137.26,137.26,137.26,0
2026-02-13 00:48:00,137.25,137.25,137.25,137.25,0
2026-02-13 00:49:00,137.5,137.5,137.5,137.5,0
2026-02-13 00:51:00,137.49,137.5,137.49,137.5,0
2026-02-13 00:53:00,137.328,137.328,137.328,137.328,0
2026-02-13 00:56:00,137.32,137.32,137.22,137.22,0
2026-02-13 00:57:00,138.2591,138.6799,138.2591,138.6799,0
2026-02-13 00:58:00,138.2,138.2,138.2,138.2,0
2026-02-13 00:59:00,137.08,137.08,137.08,137.08,0
2026-02-13 09:10:00,138.28,138.28,138.28,138.28,0
2026-02-13 09:19:00,138.24,138.24,138.24,138.24,0
2026-02-13 09:23:00,138.22,138.22,138.22,138.22,0
2026-02-13 09:25:00,138.22,138.22,138.2,138.2,0
2026-02-13 09:30:00,138.12,138.12,138.1,138.1,0
2026-02-13 09:31:00,138.09,138.11,138.09,138.09,0
2026-02-13 09:37:00,138.04,138.04,138.04,138.04,0
2026-02-13 09:39:00,138.1,138.1,138.1,138.1,0
2026-02-13 09:42:00,138.24,138.24,138.24,138.24,0
2026-02-13 09:47:00,138.11,138.11,138.11,138.11,0
2026-02-13 09:53:00,138.16,138.16,138.16,138.16,0
2026-02-13 09:54:00,138.12,138.12,138.11,138.11,0
2026-02-13 09:55:00,138.01,138.01,138.01,138.01,0
2026-02-13 10:00:00,138.01,138.01,138.01,138.01,0
2026-02-13 10:08:00,138.11,138.11,138.03,138.03,0
2026-02-13 10:09:00,138.01,138.01,138.0,138.0,0
2026-02-13 10:15:00,138.19,138.23,138.19,138.23,0
2026-02-13 10:26:00,138.06,138.06,138.02,138.02,0
2026-02-13 10:27:00,138.2,138.22,138.2,138.22,0
2026-02-13 10:28:00,138.11,138.11,138.02,138.02,0
2026-02-13 10:31:00,138.11,138.11,138.03,138.03,0
2026-02-13 10:32:00,138.03,138.06,138.01,138.06,0
2026-02-13 10:33:00,138.06,138.06,138.06,138.06,0
2026-02-13 10:34:00,138.06,138.06,138.06,138.06,0
2026-02-13 10:35:00,138.0,138.0,138.0,138.0,0
2026-02-13 10:36:00,138.06,138.06,138.06,138.06,0
2026-02-13 10:37:00,138.06,138.06,138.06,138.06,0
2026-02-13 10:38:00,138.18,138.18,138.18,138.18,0
2026-02-13 10:40:00,138.05,138.05,138.0,138.03,0
2026-02-13 10:41:00,138.08,138.08,138.08,138.08,0
2026-02-13 10:43:00,137.92,137.92,137.92,137.92,0
2026-02-13 10:45:00,138.04,138.04,138.04,138.04,0
2026-02-13 10:48:00,138.05,138.05,138.05,138.05,0
2026-02-13 10:50:00,138.04,138.04,138.04,138.04,0
2026-02-13 10:51:00,138.03,138.03,137.88,137.89,0
2026-02-13 10:53:00,138.01,138.01,138.01,138.01,0
2026-02-13 10:56:00,138.01,138.01,138.01,138.01,0
2026-02-13 10:58:00,138.0,138.0,138.0,138.0,0
2026-02-13 11:00:00,137.89,137.89,137.89,137.89,0
2026-02-13 11:01:00,137.89,137.89,137.88,137.88,0
2026-02-13 11:02:00,137.79,137.83,137.79,137.83,0
2026-02-13 11:04:00,137.68,137.68,137.68,137.68,0
2026-02-13 11:05:00,137.72,137.72,137.72,137.72,0
2026-02-13 11:07:00,137.73,137.73,137.73,137.73,0
2026-02-13 11:08:00,137.51,137.66,137.51,137.66,0
2026-02-13 11:09:00,137.71,137.71,137.71,137.71,0
2026-02-13 11:10:00,137.77,137.77,137.77,137.77,0
2026-02-13 11:14:00,137.89,137.89,137.79,137.79,0
2026-02-13 11:16:00,137.68,137.68,137.68,137.68,0
2026-02-13 11:18:00,137.77,137.77,137.77,137.77,0
2026-02-13 11:19:00,137.82,137.9,137.82,137.9,0
2026-02-13 11:23:00,137.96,138.0,137.96,138.0,0
2026-02-13 11:24:00,137.92,137.92,137.92,137.92,0
2026-02-13 11:27:00,137.98,138.02,137.98,138.02,0
2026-02-13 11:29:00,137.82,137.82,137.82,137.82,0
2026-02-13 11:31:00,137.69,137.69,137.62,137.62,0
2026-02-13 11:34:00,137.93,138.1,137.93,138.1,0
2026-02-13 11:35:00,138.12,138.12,138.12,138.12,0
2026-02-13 11:51:00,137.93,137.93,137.93,137.93,0
2026-02-13 11:52:00,137.88,137.88,137.88,137.88,0
2026-02-13 11:53:00,137.97,138.02,137.97,138.02,0
2026-02-13 11:54:00,138.03,138.08,138.03,138.08,0
2026-02-13 12:00:00,137.83,138.24,137.83,138.24,0
2026-02-13 12:13:00,138.02,138.2,138.02,138.2,0
2026-02-13 12:20:00,137.98,137.98,137.98,137.98,0
2026-02-13 12:21:00,137.98,137.98,137.98,137.98,0
2026-02-13 12:22:00,137.99,137.99,137.99,137.99,0
2026-02-13 12:34:00,138.0,138.0,138.0,138.0,0
2026-02-13 12:36:00,137.96,137.96,137.96,137.96,0
2026-02-13 12:49:00,137.73,137.73,137.72,137.72,0
2026-02-13 12:52:00,137.72,137.73,137.72,137.73,0
2026-02-13 12:53:00,138.0,138.0,138.0,138.0,0
2026-02-13 12:56:00,138.12,138.12,138.12,138.12,0
2026-02-13 12:57:00,138.13,138.13,138.13,138.13,0
2026-02-13 12:58:00,137.8,137.95,137.78,137.95,0
2026-02-13 12:59:00,137.79,137.79,137.79,137.79,0
2026-02-13 13:00:00,138.74,138.98,137.42,137.85,0
2026-02-13 13:01:00,138.05,138.47,137.62,138.2,0
2026-02-13 13:02:00,137.6303,138.88,137.6303,138.88,0
2026-02-13 13:03:00,138.38,138.38,138.38,138.38,0
2026-02-13 13:04:00,137.8,138.48,137.61,138.15,0
2026-02-13 13:06:00,138.26,138.26,138.25,138.25,0
2026-02-13 13:08:00,137.9,138.47,137.9,137.99,0
2026-02-13 13:09:00,137.99,137.99,137.99,137.99,0
2026-02-13 13:10:00,137.89,137.89,137.89,137.89,0
2026-02-13 13:11:00,137.88,137.88,137.88,137.88,0
2026-02-13 13:12:00,137.88,137.88,137.88,137.88,0
2026-02-13 13:13:00,137.89,137.89,137.85,137.85,0
2026-02-13 13:16:00,138.06,138.06,138.06,138.06,0
2026-02-13 13:19:00,138.04,138.05,138.04,138.05,0
2026-02-13 13:20:00,137.42,137.42,137.42,137.42,0
2026-02-13 13:21:00,137.99,137.99,137.99,137.99,0
2026-02-13 13:23:00,138.11,138.12,138.11,138.12,0
2026-02-13 13:24:00,138.23,138.23,138.0,138.0,0
2026-02-13 13:26:00,138.18,138.18,138.0479,138.0479,0
2026-02-13 13:27:00,138.19,138.19,138.19,138.19,0
2026-02-13 13:30:00,138.47,138.88,138.47,138.88,0
2026-02-13 13:31:00,138.47,138.47,138.29,138.29,0
2026-02-13 13:32:00,138.31,138.7,138.04,138.7,0
2026-02-13 13:33:00,138.5,138.5,138.46,138.46,0
2026-02-13 13:34:00,138.88,138.88,138.41,138.59,0
2026-02-13 13:35:00,138.16,138.6,138.11,138.53,0
2026-02-13 13:36:00,138.44,138.62,138.44,138.62,0
2026-02-13 13:37:00,138.66,138.66,138.66,138.66,0
2026-02-13 13:39:00,138.66,138.66,138.5,138.5,0
2026-02-13 13:41:00,138.65,138.65,138.65,138.65,0
2026-02-13 13:44:00,138.53,138.53,138.2,138.5,0
2026-02-13 13:46:00,138.24,138.24,138.21,138.21,0
2026-02-13 13:47:00,138.63,138.63,138.63,138.63,0
2026-02-13 13:48:00,138.63,138.63,138.49,138.49,0
2026-02-13 13:49:00,138.65,138.65,138.65,138.65,0
2026-02-13 13:50:00,138.6265,138.63,138.425,138.63,0
2026-02-13 13:51:00,138.63,138.65,138.63,138.65,0
2026-02-13 13:52:00,138.579,138.579,138.579,138.579,0
2026-02-13 13:53:00,138.55,138.8,138.55,138.73,0
2026-02-13 13:55:00,138.8,138.8,138.8,138.8,0
2026-02-13 13:56:00,138.55,138.85,138.55,138.6,0
2026-02-13 13:57:00,138.98,138.98,138.6,138.6,0
2026-02-13 13:58:00,138.61,138.8,138.61,138.8,0
2026-02-13 13:59:00,138.8,138.8,138.75,138.75,0
2026-02-13 14:01:00,138.98,138.98,138.6,138.76,0
2026-02-13 14:02:00,138.85,138.86,138.8,138.86,0
2026-02-13 14:04:00,138.6,138.62,138.6,138.62,0
2026-02-13 14:06:00,138.62,138.98,138.62,138.98,0
2026-02-13 14:07:00,138.22,138.22,138.22,138.22,0
2026-02-13 14:09:00,138.61,138.61,138.6,138.6,0
2026-02-13 14:10:00,138.22,138.46,138.2,138.2,0
2026-02-13 14:11:00,138.24,138.24,138.24,138.24,0
2026-02-13 14:12:00,138.24,138.24,138.21,138.21,0
2026-02-13 14:13:00,138.62,138.62,138.21,138.21,0
2026-02-13 14:14:00,138.21,138.98,138.21,138.3,0
2026-02-13 14:15:00,138.566,138.566,138.566,138.566,0
2026-02-13 14:16:00,138.98,138.98,138.12,138.44,0
2026-02-13 14:17:00,138.06,138.06,138.05,138.05,0
2026-02-13 14:18:00,138.04,138.11,138.04,138.11,0
2026-02-13 14:19:00,138.11,138.11,138.07,138.07,0
2026-02-13 14:20:00,138.07,138.15,138.04,138.04,0
2026-02-13 14:22:00,138.0,138.0,138.0,138.0,0
2026-02-13 14:24:00,138.05,138.05,138.05,138.05,0
2026-02-13 14:25:00,137.68,137.9,137.32,137.69,0
2026-02-13 14:26:00,137.69,137.87,137.69,137.87,0
2026-02-13 14:27:00,137.11,137.13,136.0,136.5,0
2026-02-13 14:28:00,136.59,136.66,136.43,136.6,0
2026-02-13 14:29:00,136.63,137.11,136.63,137.02,0
2026-02-13 14:30:00,137.44000244140625,137.6999969482422,136.74000549316406,137.2949981689453,1066535
2026-02-13 14:31:00,137.08999633789062,137.99000549316406,136.8800048828125,137.9600067138672,52429
2026-02-13 14:32:00,137.7899932861328,137.94000244140625,137.41000366210938,137.8000030517578,50677
2026-02-13 14:33:00,137.7899932861328,138.2100067138672,137.7864990234375,137.92999267578125,33475
2026-02-13 14:34:00,138.00999450683594,138.11000061035156,137.55999755859375,137.77999877929688,51924
2026-02-13 14:35:00,137.61000061035156,137.75,137.3300018310547,137.47500610351562,35533
2026-02-13 14:36:00,137.42999267578125,137.9499969482422,137.42999267578125,137.77540588378906,27964
2026-02-13 14:37:00,137.80499267578125,138.0500030517578,137.75,137.77000427246094,60471
2026-02-13 14:38:00,137.61000061035156,137.72000122070312,137.52000427246094,137.5500030517578,17414
2026-02-13 14:39:00,137.5399932861328,137.67999267578125,137.5399932861328,137.5399932861328,17464
2026-02-13 14:40:00,137.57000732421875,137.57000732421875,137.21499633789062,137.41000366210938,56610
2026-02-13 14:41:00,137.22999572753906,137.44000244140625,137.14100646972656,137.25,62425
2026-02-13 14:42:00,137.21499633789062,137.36000061035156,137.0500030517578,137.31500244140625,47812
2026-02-13 14:43:00,137.2884063720703,137.68499755859375,137.25999450683594,137.55999755859375,37021
2026-02-13 14:44:00,137.52000427246094,138.08999633789062,137.52000427246094,138.08999633789062,13648
2026-02-13 14:45:00,138.1699981689453,138.61000061035156,138.14999389648438,138.61000061035156,39737
2026-02-13 14:46:00,138.61000061035156,138.63999938964844,138.38999938964844,138.50999450683594,15976
2026-02-13 14:47:00,138.52000427246094,138.6199951171875,138.3000030517578,138.6199951171875,10774
2026-02-13 14:48:00,138.6199951171875,138.7899932861328,138.3699951171875,138.3699951171875,24073
2026-02-13 14:49:00,138.3300018310547,138.3300018310547,137.80499267578125,137.80499267578125,19662
2026-02-13 14:50:00,137.80999755859375,137.88999938964844,137.47000122070312,137.6699981689453,77289
2026-02-13 14:51:00,137.63999938964844,137.74000549316406,137.47500610351562,137.69500732421875,24199
2026-02-13 14:52:00,137.68499755859375,137.72000122070312,137.5399932861328,137.65499877929688,48234
2026-02-13 14:53:00,137.71499633789062,137.7899932861328,137.50999450683594,137.50999450683594,17147
2026-02-13 14:54:00,137.5399932861328,137.6999969482422,137.4709930419922,137.5,11399
2026-02-13 14:55:00,137.52000427246094,138.2100067138672,137.52000427246094,138.1649932861328,31900
2026-02-13 14:56:00,138.16000366210938,138.23500061035156,137.75,137.76499938964844,30723
2026-02-13 14:57:00,137.78500366210938,137.88999938964844,137.6300048828125,137.63999938964844,30846
2026-02-13 14:58:00,137.63999938964844,137.87069702148438,137.63999938964844,137.74000549316406,24330
2026-02-13 14:59:00,137.77000427246094,137.77000427246094,137.6199951171875,137.69000244140625,16787
2026-02-13 15:00:00,137.75,138.10000610351562,137.72999572753906,138.10000610351562,29490
2026-02-13 15:01:00,138.16000366210938,138.1875,137.8699951171875,138.0399932861328,16992
2026-02-13 15:02:00,137.9510040283203,138.30999755859375,137.9510040283203,138.1699981689453,11033
2026-02-13 15:03:00,138.33999633789062,138.4250030517578,138.27000427246094,138.27000427246094,12441
2026-02-13 15:04:00,138.22999572753906,138.30499267578125,138.1199951171875,138.30499267578125,11726
2026-02-13 15:05:00,138.24000549316406,138.31500244140625,137.9600067138672,137.99000549316406,40573
2026-02-13 15:06:00,137.97999572753906,138.35000610351562,137.97999572753906,138.31500244140625,43374
2026-02-13 15:07:00,138.30499267578125,138.3699951171875,138.1999969482422,138.26499938964844,12779
2026-02-13 15:08:00,138.24000549316406,138.67999267578125,138.24000549316406,138.6699981689453,22561
2026-02-13 15:09:00,138.66000366210938,138.89500427246094,138.53500366210938,138.89500427246094,28445
2026-02-13 15:10:00,138.89500427246094,139.0,138.74000549316406,138.97000122070312,16950
2026-02-13 15:11:00,138.9600067138672,139.1051025390625,138.94500732421875,138.94500732421875,16262
2026-02-13 15:12:00,138.9499969482422,138.9499969482422,138.4550018310547,138.47999572753906,33925
2026-02-13 15:13:00,138.47999572753906,138.7550048828125,138.4600067138672,138.5500030517578,33101
2026-02-13 15:14:00,138.52000427246094,138.69000244140625,138.44000244140625,138.47500610351562,26942
2026-02-13 15:15:00,138.4801025390625,138.60000610351562,138.32000732421875,138.375,47342
2026-02-13 15:16:00,138.33999633789062,138.44000244140625,138.0399932861328,138.0399932861328,12977
2026-02-13 15:17:00,138.05499267578125,138.17999267578125,138.02999877929688,138.0449981689453,11767
2026-02-13 15:18:00,138.06500244140625,138.36500549316406,137.97000122070312,138.36500549316406,8449
2026-02-13 15:19:00,138.39999389648438,138.64999389648438,138.0500030517578,138.5,404665
2026-02-13 15:20:00,138.4600067138672,138.75999450683594,138.3800048828125,138.75990295410156,21282
2026-02-13 15:21:00,138.69500732421875,138.75999450683594,138.46499633789062,138.47000122070312,14352
2026-02-13 15:22:00,138.49000549316406,138.74000549316406,138.49000549316406,138.52999877929688,18868
2026-02-13 15:23:00,138.57000732421875,138.9149932861328,138.57000732421875,138.9149932861328,17060
2026-02-13 15:24:00,138.8800048828125,139.17999267578125,138.8800048828125,139.11500549316406,29653
2026-02-13 15:25:00,139.1300048828125,139.3800048828125,139.08999633789062,139.22999572753906,29527
2026-02-13 15:26:00,139.25,139.57000732421875,139.2100067138672,139.38999938964844,14214
2026-02-13 15:27:00,139.4250030517578,139.46499633789062,139.30999755859375,139.3300018310547,13935
2026-02-13 15:28:00,139.36000061035156,139.5800018310547,139.34500122070312,139.52499389648438,7791
2026-02-13 15:29:00,139.52000427246094,139.52000427246094,139.2100067138672,139.3000030517578,25129
2026-02-13 15:30:00,139.32000732421875,139.40499877929688,139.2100067138672,139.35000610351562,15113
2026-02-13 15:31:00,139.35000610351562,139.35000610351562,139.07000732421875,139.10000610351562,11265
2026-02-13 15:32:00,139.11000061035156,139.16990661621094,139.0800018310547,139.13999938964844,3850
2026-02-13 15:33:00,139.13499450683594,139.2899932861328,139.13499450683594,139.25999450683594,13284
2026-02-13 15:34:00,139.30999755859375,139.30999755859375,139.0500030517578,139.08999633789062,25163
2026-02-13 15:35:00,139.0500030517578,139.27999877929688,139.00999450683594,139.27999877929688,7054
2026-02-13 15:36:00,139.2949981689453,139.32000732421875,139.1699981689453,139.25,5083
2026-02-13 15:37:00,139.27000427246094,139.32000732421875,139.13999938964844,139.22000122070312,10065
2026-02-13 15:38:00,139.1999969482422,139.2100067138672,138.85000610351562,138.8800048828125,23698
2026-02-13 15:39:00,138.88999938964844,139.0800018310547,138.88999938964844,139.0800018310547,5116
2026-02-13 15:40:00,139.0399932861328,139.30999755859375,139.02999877929688,139.25999450683594,13707
2026-02-13 15:41:00,139.27499389648438,139.3437042236328,139.17999267578125,139.26499938964844,9951
2026-02-13 15:42:00,139.3350067138672,139.42320251464844,139.27000427246094,139.27000427246094,11722
2026-02-13 15:43:00,139.3000030517578,139.4250030517578,139.27999877929688,139.32000732421875,6251
2026-02-13 15:44:00,139.35499572753906,139.39999389648438,139.13999938964844,139.13999938964844,12740
2026-02-13 15:45:00,139.22000122070312,139.2949981689453,139.1699981689453,139.2949981689453,5961
2026-02-13 15:46:00,139.39999389648438,139.44000244140625,139.05999755859375,139.05999755859375,11334
2026-02-13 15:47:00,139.10040283203125,139.3300018310547,139.07000732421875,139.27999877929688,8297
2026-02-13 15:48:00,139.27000427246094,139.47999572753906,139.27000427246094,139.3800048828125,29927
2026-02-13 15:49:00,139.35000610351562,139.3699951171875,139.22000122070312,139.36000061035156,9163
2026-02-13 15:50:00,139.36000061035156,139.5,139.33999633789062,139.44000244140625,13418
2026-02-13 15:51:00,139.42999267578125,139.5970001220703,139.42999267578125,139.55999755859375,9014
2026-02-13 15:52:00,139.55999755859375,139.58999633789062,139.43499755859375,139.47000122070312,15516
2026-02-13 15:53:00,139.53810119628906,139.76780700683594,139.53810119628906,139.73500061035156,17881
2026-02-13 15:54:00,139.73500061035156,139.8800048828125,139.73500061035156,139.8800048828125,11332
2026-02-13 15:55:00,139.94000244140625,140.10000610351562,139.94000244140625,140.0449981689453,12289
2026-02-13 15:56:00,140.08999633789062,140.1199951171875,139.75,139.76499938964844,22962
2026-02-13 15:57:00,139.7899932861328,139.89500427246094,139.7899932861328,139.86000061035156,9225
2026-02-13 15:58:00,139.8300018310547,140.08999633789062,139.8300018310547,140.0850067138672,12925
2026-02-13 15:59:00,140.0749969482422,140.1699981689453,140.0449981689453,140.0800018310547,16333
2026-02-13 16:00:00,140.0800018310547,140.17999267578125,140.02999877929688,140.1699981689453,29575
2026-02-13 16:01:00,140.11000061035156,140.14999389648438,139.9949951171875,140.11239624023438,6040
2026-02-13 16:02:00,140.14999389648438,140.21189880371094,140.1199951171875,140.1999053955078,7022
2026-02-13 16:03:00,140.19000244140625,140.1999969482422,140.02999877929688,140.14999389648438,9193
2026-02-13 16:04:00,140.15499877929688,140.21499633789062,140.08999633789062,140.18499755859375,6301
2026-02-13 16:05:00,140.22999572753906,140.2899932861328,140.21499633789062,140.27999877929688,4966
2026-02-13 16:06:00,140.3300018310547,140.5399932861328,140.2899932861328,140.50999450683594,19220
2026-02-13 16:07:00,140.5399932861328,140.5399932861328,140.27999877929688,140.27999877929688,8364
2026-02-13 16:08:00,140.31500244140625,140.36000061035156,140.27499389648438,140.28500366210938,7247
2026-02-13 16:09:00,140.27499389648438,140.35000610351562,140.11500549316406,140.17999267578125,8704
2026-02-13 16:10:00,140.1750030517578,140.1750030517578,139.94000244140625,139.94000244140625,18957
2026-02-13 16:11:00,140.0,140.02999877929688,139.91000366210938,140.02999877929688,10254
2026-02-13 16:12:00,140.06500244140625,140.06500244140625,139.77999877929688,139.8350067138672,8666
2026-02-13 16:13:00,139.8350067138672,139.9600067138672,139.7899932861328,139.9499969482422,12872
2026-02-13 16:14:00,139.97000122070312,140.08999633789062,139.91000366210938,140.0399932861328,10178
2026-02-13 16:15:00,140.0399932861328,140.11000061035156,139.97999572753906,140.06829833984375,13135
2026-02-13 16:16:00,140.07000732421875,140.16000366210938,140.0,140.00999450683594,9782
2026-02-13 16:17:00,140.02999877929688,140.2100067138672,139.94009399414062,140.19000244140625,17373
2026-02-13 16:18:00,140.18190002441406,140.18190002441406,140.0399932861328,140.0399932861328,6219
2026-02-13 16:19:00,140.07000732421875,140.12989807128906,139.99000549316406,140.00999450683594,7232
2026-02-13 16:20:00,139.97999572753906,140.07000732421875,139.86500549316406,139.89500427246094,25182
2026-02-13 16:21:00,139.91299438476562,139.94000244140625,139.8300018310547,139.92999267578125,7083
2026-02-13 16:22:00,139.92999267578125,140.03500366210938,139.92999267578125,140.03500366210938,2959
2026-02-13 16:23:00,140.0399932861328,140.13999938964844,139.8699951171875,139.87010192871094,7549
2026-02-13 16:24:00,139.91000366210938,140.0399932861328,139.8699951171875,140.03500366210938,5061
2026-02-13 16:25:00,140.07699584960938,140.125,140.03500366210938,140.11000061035156,5671
2026-02-13 16:26:00,140.2100067138672,140.3699951171875,140.19000244140625,140.3699951171875,5957
2026-02-13 16:27:00,140.3699951171875,140.42999267578125,140.260498046875,140.3300018310547,18221
2026-02-13 16:28:00,140.3699951171875,140.41000366210938,140.30999755859375,140.35000610351562,9911
2026-02-13 16:29:00,140.33999633789062,140.36500549316406,140.11000061035156,140.24000549316406,30386
2026-02-13 16:30:00,140.22500610351562,140.25999450683594,140.16000366210938,140.16000366210938,29690
2026-02-13 16:31:00,140.1999969482422,140.1999969482422,139.85000610351562,140.1199951171875,17938
2026-02-13 16:32:00,140.1199951171875,140.3699951171875,140.05999755859375,140.35000610351562,26266
2026-02-13 16:33:00,140.3300018310547,140.4600067138672,140.3300018310547,140.4600067138672,6809
2026-02-13 16:34:00,140.47000122070312,140.47000122070312,140.30999755859375,140.31500244140625,11424
2026-02-13 16:35:00,140.3300018310547,140.3800048828125,140.27999877929688,140.3249969482422,30236
2026-02-13 16:36:00,140.32000732421875,140.4600067138672,140.2449951171875,140.36000061035156,18212
2026-02-13 16:37:00,140.2949981689453,140.33999633789062,140.11500549316406,140.13499450683594,5221
2026-02-13 16:38:00,140.17999267578125,140.35000610351562,140.12100219726562,140.30999755859375,11040
2026-02-13 16:39:00,140.32000732421875,140.33999633789062,140.22000122070312,140.25,16424
2026-02-13 16:40:00,140.22000122070312,140.27499389648438,140.17999267578125,140.25,5646
2026-02-13 16:41:00,140.2100067138672,140.24000549316406,140.14999389648438,140.24000549316406,14131
2026-02-13 16:42:00,140.17999267578125,140.22999572753906,140.13999938964844,140.22999572753906,4251
2026-02-13 16:43:00,140.23500061035156,140.66000366210938,140.19000244140625,140.610107421875,41668
2026-02-13 16:44:00,140.69000244140625,140.7469940185547,140.57000732421875,140.7050018310547,32939
2026-02-13 16:45:00,140.77000427246094,140.91000366210938,140.77000427246094,140.8699951171875,6750
2026-02-13 16:46:00,140.8699951171875,140.92999267578125,140.8699951171875,140.8699951171875,5277
2026-02-13 16:47:00,140.92999267578125,140.92999267578125,140.66000366210938,140.75999450683594,31383
2026-02-13 16:48:00,140.72000122070312,140.72999572753906,140.55999755859375,140.5800018310547,5293
2026-02-13 16:49:00,140.61500549316406,140.61500549316406,140.5399932861328,140.57000732421875,8131
2026-02-13 16:50:00,140.60000610351562,140.77749633789062,140.5500030517578,140.7447967529297,8576
2026-02-13 16:51:00,140.7100067138672,140.8000030517578,140.6699981689453,140.7100067138672,6817
2026-02-13 16:52:00,140.7899932861328,140.8000030517578,140.72000122070312,140.7550048828125,9548
2026-02-13 16:53:00,140.72000122070312,140.82000732421875,140.72000122070312,140.78500366210938,4486
2026-02-13 16:54:00,140.78500366210938,140.8800048828125,140.75,140.8800048828125,6263
2026-02-13 16:55:00,140.92990112304688,140.92990112304688,140.82000732421875,140.83999633789062,7284
2026-02-13 16:56:00,140.86000061035156,140.9600067138672,140.80999755859375,140.843994140625,11819
2026-02-13 16:57:00,140.86000061035156,140.88999938964844,140.72999572753906,140.72999572753906,11534
2026-02-13 16:58:00,140.7449951171875,140.8061981201172,140.69000244140625,140.69000244140625,160588
2026-02-13 16:59:00,140.67999267578125,140.67999267578125,140.55999755859375,140.57000732421875,7837
2026-02-13 17:00:00,140.55999755859375,140.60000610351562,140.5399932861328,140.5800018310547,22046
2026-02-13 17:01:00,140.5749969482422,140.61000061035156,140.49000549316406,140.59500122070312,10243
2026-02-13 17:02:00,140.60499572753906,140.61500549316406,140.5500946044922,140.5500946044922,9982
2026-02-13 17:03:00,140.60000610351562,140.72000122070312,140.5800018310547,140.72000122070312,8966
2026-02-13 17:04:00,140.77999877929688,140.81500244140625,140.72999572753906,140.81500244140625,12579
2026-02-13 17:05:00,140.80499267578125,140.8699951171875,140.80499267578125,140.85000610351562,11023
2026-02-13 17:06:00,140.85000610351562,140.9499969482422,140.82220458984375,140.94500732421875,10337
2026-02-13 17:07:00,140.94000244140625,140.95010375976562,140.8699951171875,140.94500732421875,10612
2026-02-13 17:08:00,140.94000244140625,140.98500061035156,140.88999938964844,140.89500427246094,4317
2026-02-13 17:09:00,140.9199981689453,141.05999755859375,140.91000366210938,141.02999877929688,20094
2026-02-13 17:10:00,141.02999877929688,141.12930297851562,140.9250030517578,140.9250030517578,11262
2026-02-13 17:11:00,140.9600067138672,141.02999877929688,140.92999267578125,140.92999267578125,4419
2026-02-13 17:12:00,140.92999267578125,140.92999267578125,140.86500549316406,140.89500427246094,4430
2026-02-13 17:13:00,140.91000366210938,140.96339416503906,140.91000366210938,140.96339416503906,6635
2026-02-13 17:14:00,140.92999267578125,141.00999450683594,140.9199981689453,140.99000549316406,6463
2026-02-13 17:15:00,140.99000549316406,140.9949951171875,140.9199981689453,140.94000244140625,5786
2026-02-13 17:16:00,140.9199981689453,141.0749969482422,140.83999633789062,141.0749969482422,9155
2026-02-13 17:17:00,141.09500122070312,141.09500122070312,140.8800048828125,140.8800048828125,5347
2026-02-13 17:18:00,140.8699951171875,140.8699951171875,140.75999450683594,140.7899932861328,5517
2026-02-13 17:19:00,140.82000732421875,140.85000610351562,140.75070190429688,140.7899932861328,4596
2026-02-13 17:20:00,140.80999755859375,140.8699951171875,140.77999877929688,140.82000732421875,5016
2026-02-13 17:21:00,140.875,141.01499938964844,140.8636016845703,140.97500610351562,8942
2026-02-13 17:22:00,140.97500610351562,141.0500030517578,140.9499969482422,141.02499389648438,5805
2026-02-13 17:23:00,141.0399932861328,141.1199951171875,141.0399932861328,141.1199951171875,6234
2026-02-13 17:24:00,141.11500549316406,141.16000366210938,141.10000610351562,141.1199951171875,9500
2026-02-13 17:25:00,141.11500549316406,141.13499450683594,140.97999572753906,141.13499450683594,10080
2026-02-13 17:26:00,141.1199951171875,141.24000549316406,140.99000549316406,141.22500610351562,9798
2026-02-13 17:27:00,141.25999450683594,141.25999450683594,141.17999267578125,141.17999267578125,5759
2026-02-13 17:28:00,141.20010375976562,141.25,141.08999633789062,141.2050018310547,11352
2026-02-13 17:29:00,141.1999969482422,141.2899932861328,141.1999969482422,141.24000549316406,8632
2026-02-13 17:30:00,141.27999877929688,141.3800048828125,141.22000122070312,141.35499572753906,6141
2026-02-13 17:31:00,141.3800048828125,141.47000122070312,141.35000610351562,141.47000122070312,7415
2026-02-13 17:32:00,141.47999572753906,141.47999572753906,141.32000732421875,141.35000610351562,4866
2026-02-13 17:33:00,141.35000610351562,141.3800048828125,141.2550048828125,141.2550048828125,6849
2026-02-13 17:34:00,141.25999450683594,141.32000732421875,141.2100067138672,141.27000427246094,4323
2026-02-13 17:35:00,141.24000549316406,141.39010620117188,141.24000549316406,141.39010620117188,9645
2026-02-13 17:36:00,141.41000366210938,141.4499969482422,141.3699951171875,141.3800048828125,4841
2026-02-13 17:37:00,141.38999938964844,141.4199981689453,141.33999633789062,141.33999633789062,10760
2026-02-13 17:38:00,141.33009338378906,141.4199981689453,141.2899932861328,141.32000732421875,6263
2026-02-13 17:39:00,141.3000030517578,141.41000366210938,141.3000030517578,141.33999633789062,5915
2026-02-13 17:40:00,141.39999389648438,141.41000366210938,141.3800048828125,141.38499450683594,3410
2026-02-13 17:41:00,141.41000366210938,141.47000122070312,141.3800048828125,141.4290008544922,3943
2026-02-13 17:42:00,141.42999267578125,141.42999267578125,141.25750732421875,141.27499389648438,17351
2026-02-13 17:43:00,141.25999450683594,141.27000427246094,141.17999267578125,141.19000244140625,10409
2026-02-13 17:44:00,141.22000122070312,141.22000122070312,141.13499450683594,141.1699981689453,6112
2026-02-13 17:45:00,141.16990661621094,141.1699981689453,141.07000732421875,141.13999938964844,6860
2026-02-13 17:46:00,141.13999938964844,141.25,141.11000061035156,141.22500610351562,9574
2026-02-13 17:47:00,141.17999267578125,141.17999267578125,141.10000610351562,141.10000610351562,12689
2026-02-13 17:48:00,141.1300048828125,141.1699981689453,141.07000732421875,141.16000366210938,7635
2026-02-13 17:49:00,141.18429565429688,141.1999969482422,141.11000061035156,141.11000061035156,12308
2026-02-13 17:50:00,141.13999938964844,141.14999389648438,141.11000061035156,141.13999938964844,4628
2026-02-13 17:51:00,141.1750030517578,141.1999969482422,141.1199951171875,141.14999389648438,9849
2026-02-13 17:52:00,141.14999389648438,141.19000244140625,141.1300048828125,141.1699981689453,6349
2026-02-13 17:53:00,141.13999938964844,141.2100067138672,141.11000061035156,141.11000061035156,10285
2026-02-13 17:54:00,141.11000061035156,141.1199951171875,141.07000732421875,141.1199951171875,5776
2026-02-13 17:55:00,141.13999938964844,141.14999389648438,141.07000732421875,141.0944061279297,5614
2026-02-13 17:56:00,141.0749969482422,141.1699981689453,141.0399932861328,141.125,7294
2026-02-13 17:57:00,141.14999389648438,141.14999389648438,141.02000427246094,141.07000732421875,8609
2026-02-13 17:58:00,141.07000732421875,141.11000061035156,141.02999877929688,141.10299682617188,2996
2026-02-13 17:59:00,141.0449981689453,141.0800018310547,140.97999572753906,141.00999450683594,5729
2026-02-13 18:00:00,141.00999450683594,141.07000732421875,141.00399780273438,141.06500244140625,3939
2026-02-13 18:01:00,141.08999633789062,141.08999633789062,140.8800048828125,140.89999389648438,15824
2026-02-13 18:02:00,140.89999389648438,140.90499877929688,140.7899932861328,140.8000030517578,17652
2026-02-13 18:03:00,140.82000732421875,140.94000244140625,140.80999755859375,140.94000244140625,14284
2026-02-13 18:04:00,140.89999389648438,140.93499755859375,140.8300018310547,140.93499755859375,10811
2026-02-13 18:05:00,140.93499755859375,140.93499755859375,140.80999755859375,140.89500427246094,7601
2026-02-13 18:06:00,140.86000061035156,140.9499969482422,140.85499572753906,140.89999389648438,4017
2026-02-13 18:07:00,140.9217071533203,141.00999450683594,140.9001007080078,140.9001007080078,4573
2026-02-13 18:08:00,140.92999267578125,141.0500030517578,140.92999267578125,141.00999450683594,6465
2026-02-13 18:09:00,140.97000122070312,141.0290069580078,140.83999633789062,140.83999633789062,10536
2026-02-13 18:10:00,140.82000732421875,140.97999572753906,140.77000427246094,140.9250030517578,16465
2026-02-13 18:11:00,140.92030334472656,140.9499969482422,140.7899932861328,140.8699951171875,10437
2026-02-13 18:12:00,140.88999938964844,140.88999938964844,140.77999877929688,140.82000732421875,4070
2026-02-13 18:13:00,140.8000030517578,140.8000030517578,140.7050018310547,140.72500610351562,13217
2026-02-13 18:14:00,140.75999450683594,140.86000061035156,140.72999572753906,140.80999755859375,14190
2026-02-13 18:15:00,140.80999755859375,140.84500122070312,140.75,140.84500122070312,9564
2026-02-13 18:16:00,140.84500122070312,140.89999389648438,140.77999877929688,140.89999389648438,6018
2026-02-13 18:17:00,140.87420654296875,140.89999389648438,140.83999633789062,140.86500549316406,6220
2026-02-13 18:18:00,140.86500549316406,140.8699951171875,140.7843017578125,140.85000610351562,8712
2026-02-13 18:19:00,140.82000732421875,140.8350067138672,140.63999938964844,140.71499633789062,8697
2026-02-13 18:20:00,140.71499633789062,140.82000732421875,140.71499633789062,140.7949981689453,3814
2026-02-13 18:21:00,140.75,140.81500244140625,140.6999969482422,140.81500244140625,6117
2026-02-13 18:22:00,140.81500244140625,140.99000549316406,140.7700958251953,140.99000549316406,12243
2026-02-13 18:23:00,141.0,141.05999755859375,141.0,141.02999877929688,8597
2026-02-13 18:24:00,141.02999877929688,141.02999877929688,140.97999572753906,141.0,3912
2026-02-13 18:25:00,141.0,141.0,140.80999755859375,140.88999938964844,15947
2026-02-13 18:26:00,140.89999389648438,140.89999389648438,140.82000732421875,140.85499572753906,6059
2026-02-13 18:27:00,140.8551025390625,140.89999389648438,140.85000610351562,140.87770080566406,7887
2026-02-13 18:28:00,140.91000366210938,141.05999755859375,140.90499877929688,141.05999755859375,8437
2026-02-13 18:29:00,141.08999633789062,141.1300048828125,140.64500427246094,140.77499389648438,22669
2026-02-13 18:30:00,140.74000549316406,140.9600067138672,140.74000549316406,140.9199981689453,18658
2026-02-13 18:31:00,140.9600067138672,140.9600067138672,140.88999938964844,140.92999267578125,7178
2026-02-13 18:32:00,140.9250030517578,141.0500030517578,140.9199981689453,140.9499969482422,10207
2026-02-13 18:33:00,140.9375,141.02999877929688,140.9250030517578,140.97000122070312,15368
2026-02-13 18:34:00,141.02000427246094,141.03500366210938,140.99000549316406,141.02999877929688,1708
2026-02-13 18:35:00,141.03500366210938,141.03500366210938,140.9499969482422,140.99000549316406,7245
2026-02-13 18:36:00,141.02999877929688,141.15499877929688,140.99000549316406,141.15499877929688,8733
2026-02-13 18:37:00,141.14999389648438,141.15499877929688,141.0500030517578,141.06500244140625,7660
2026-02-13 18:38:00,141.02999877929688,141.02999877929688,140.94000244140625,141.01499938964844,6068
2026-02-13 18:39:00,141.02000427246094,141.10000610351562,140.9499969482422,141.05499267578125,4207
2026-02-13 18:40:00,141.05499267578125,141.0800018310547,141.0200958251953,141.06500244140625,8877
2026-02-13 18:41:00,141.10000610351562,141.13499450683594,141.0200958251953,141.07000732421875,5284
2026-02-13 18:42:00,141.05999755859375,141.05999755859375,140.97000122070312,140.97500610351562,4580
2026-02-13 18:43:00,140.94500732421875,141.0,140.9199981689453,140.92010498046875,4577
2026-02-13 18:44:00,140.96499633789062,140.99000549316406,140.9199981689453,140.9600067138672,4709
2026-02-13 18:45:00,140.97999572753906,141.02999877929688,140.94000244140625,140.97999572753906,6046
2026-02-13 18:46:00,141.03900146484375,141.1999969482422,141.03500366210938,141.1999969482422,4072
2026-02-13 18:47:00,141.1750030517578,141.1750030517578,141.08999633789062,141.13999938964844,8123
2026-02-13 18:48:00,141.09010314941406,141.13999938964844,141.02149963378906,141.02999877929688,10783
2026-02-13 18:49:00,141.02999877929688,141.0699005126953,141.00999450683594,141.00999450683594,5530
2026-02-13 18:50:00,141.02499389648438,141.02499389648438,140.91000366210938,140.9250030517578,10861
2026-02-13 18:51:00,140.91000366210938,140.91000366210938,140.84010314941406,140.84010314941406,7998
2026-02-13 18:52:00,140.88999938964844,140.92999267578125,140.7165985107422,140.73500061035156,9646
2026-02-13 18:53:00,140.75999450683594,140.8699951171875,140.72000122070312,140.81500244140625,10290
2026-02-13 18:54:00,140.86000061035156,140.89999389648438,140.83999633789062,140.875,2658
2026-02-13 18:55:00,140.9199981689453,140.95899963378906,140.81500244140625,140.95899963378906,3149
2026-02-13 18:56:00,140.9600067138672,140.99000549316406,140.88499450683594,140.88499450683594,3803
2026-02-13 18:57:00,140.88499450683594,141.0500030517578,140.88499450683594,141.00999450683594,7032
2026-02-13 18:58:00,141.02999877929688,141.02999877929688,140.92010498046875,140.99000549316406,10376
2026-02-13 18:59:00,140.97349548339844,141.13999938964844,140.97349548339844,141.13510131835938,14496
2026-02-13 19:00:00,141.13999938964844,141.18499755859375,141.05999755859375,141.18499755859375,11260
2026-02-13 19:01:00,141.1750030517578,141.30999755859375,141.1750030517578,141.24000549316406,12333
2026-02-13 19:02:00,141.23500061035156,141.25,141.0500030517578,141.0500030517578,7925
2026-02-13 19:03:00,141.0800018310547,141.11500549316406,141.00999450683594,141.11500549316406,7474
2026-02-13 19:04:00,141.08999633789062,141.08999633789062,140.97999572753906,141.0050048828125,11597
2026-02-13 19:05:00,140.97000122070312,141.1199951171875,140.97000122070312,141.09500122070312,4938
2026-02-13 19:06:00,141.09500122070312,141.1999969482422,141.07000732421875,141.16000366210938,11388
2026-02-13 19:07:00,141.22000122070312,141.27499389648438,141.17999267578125,141.22000122070312,5363
2026-02-13 19:08:00,141.24000549316406,141.2799072265625,141.19000244140625,141.2799072265625,6615
2026-02-13 19:09:00,141.30999755859375,141.3800048828125,141.27999877929688,141.35000610351562,8276
2026-02-13 19:10:00,141.33999633789062,141.4199981689453,141.33999633789062,141.38999938964844,10283
2026-02-13 19:11:00,141.36500549316406,141.41900634765625,141.30999755859375,141.3350067138672,5797
2026-02-13 19:12:00,141.3101043701172,141.42999267578125,141.3101043701172,141.42999267578125,15402
2026-02-13 19:13:00,141.42999267578125,141.42999267578125,141.22999572753906,141.22999572753906,15425
2026-02-13 19:14:00,141.23500061035156,141.25,141.2100067138672,141.25,3712
2026-02-13 19:15:00,141.25,141.2550048828125,141.22999572753906,141.25,5563
2026-02-13 19:16:00,141.25,141.3300018310547,141.24000549316406,141.31500244140625,15974
2026-02-13 19:17:00,141.3249969482422,141.3249969482422,141.17999267578125,141.22000122070312,13504
2026-02-13 19:18:00,141.22000122070312,141.25999450683594,141.16000366210938,141.16000366210938,4709
2026-02-13 19:19:00,141.13999938964844,141.17999267578125,141.11000061035156,141.17999267578125,4051
2026-02-13 19:20:00,141.1501007080078,141.21499633789062,141.0850067138672,141.21499633789062,4649
2026-02-13 19:21:00,141.21499633789062,141.25999450683594,141.19000244140625,141.2100067138672,8047
2026-02-13 19:22:00,141.22500610351562,141.25,141.19000244140625,141.25,4250
2026-02-13 19:23:00,141.25999450683594,141.32000732421875,141.1907958984375,141.1907958984375,14807
2026-02-13 19:24:00,141.21499633789062,141.24000549316406,141.1800994873047,141.23480224609375,8331
2026-02-13 19:25:00,141.22000122070312,141.24000549316406,141.19000244140625,141.22999572753906,6268
2026-02-13 19:26:00,141.24000549316406,141.24000549316406,141.0,141.0,7868
2026-02-13 19:27:00,141.01499938964844,141.10499572753906,140.9499969482422,141.10499572753906,5198
2026-02-13 19:28:00,141.16000366210938,141.1999969482422,141.1199951171875,141.1199951171875,7116
2026-02-13 19:29:00,141.1199951171875,141.13999938964844,140.8800048828125,141.0399932861328,13698
2026-02-13 19:30:00,141.00999450683594,141.2899932861328,141.00999450683594,141.14999389648438,10479
2026-02-13 19:31:00,141.19500732421875,141.19500732421875,141.05999755859375,141.1199951171875,6581
2026-02-13 19:32:00,141.10499572753906,141.1750030517578,141.10499572753906,141.13999938964844,5401
2026-02-13 19:33:00,141.14500427246094,141.1699981689453,141.1199951171875,141.13999938964844,3639
2026-02-13 19:34:00,141.14500427246094,141.1699981689453,140.97500610351562,141.02000427246094,19568
2026-02-13 19:35:00,141.0,141.0749969482422,141.0,141.02999877929688,3844
2026-02-13 19:36:00,141.0800018310547,141.10000610351562,141.02999877929688,141.02999877929688,5359
2026-02-13 19:37:00,141.0500030517578,141.10000610351562,141.0500030517578,141.08999633789062,11908
2026-02-13 19:38:00,141.08999633789062,141.1699981689453,141.07000732421875,141.08999633789062,8950
2026-02-13 19:39:00,141.05999755859375,141.07000732421875,141.00010681152344,141.07000732421875,5774
2026-02-13 19:40:00,141.08999633789062,141.14500427246094,141.0500030517578,141.1199951171875,5647
2026-02-13 19:41:00,141.08999633789062,141.09500122070312,140.92999267578125,140.94000244140625,7592
2026-02-13 19:42:00,140.94000244140625,141.014892578125,140.92999267578125,141.014892578125,2998
2026-02-13 19:43:00,141.02000427246094,141.0399932861328,140.91000366210938,140.91000366210938,10200
2026-02-13 19:44:00,140.9199981689453,141.0800018310547,140.9199981689453,141.0800018310547,4253
2026-02-13 19:45:00,141.07009887695312,141.26280212402344,141.02999877929688,141.25999450683594,8950
2026-02-13 19:46:00,141.2899932861328,141.3000030517578,141.17999267578125,141.19500732421875,9000
2026-02-13 19:47:00,141.1999969482422,141.2100067138672,141.13999938964844,141.14999389648438,6163
2026-02-13 19:48:00,141.13499450683594,141.19000244140625,141.11000061035156,141.1649932861328,4163
2026-02-13 19:49:00,141.13499450683594,141.1999969482422,141.13499450683594,141.16000366210938,8061
2026-02-13 19:50:00,141.16000366210938,141.19000244140625,141.10000610351562,141.14999389648438,7470
2026-02-13 19:51:00,141.14500427246094,141.14500427246094,141.0500030517578,141.0500030517578,6549
2026-02-13 19:52:00,141.05999755859375,141.11000061035156,141.0500030517578,141.10499572753906,6134
2026-02-13 19:53:00,141.13999938964844,141.13999938964844,141.05999755859375,141.07000732421875,5925
2026-02-13 19:54:00,141.0800018310547,141.11000061035156,141.0800018310547,141.09910583496094,4069
2026-02-13 19:55:00,141.1199951171875,141.17999267578125,141.05999755859375,141.0800018310547,13121
2026-02-13 19:56:00,141.08999633789062,141.16000366210938,141.0800018310547,141.08999633789062,7114
2026-02-13 19:57:00,141.07000732421875,141.11500549316406,140.99009704589844,141.02000427246094,7820
2026-02-13 19:58:00,141.00999450683594,141.00999450683594,140.77999877929688,140.8300018310547,19641
2026-02-13 19:59:00,140.77000427246094,140.7899932861328,140.72999572753906,140.75999450683594,8609
2026-02-13 20:00:00,140.75,140.88999938964844,140.74000549316406,140.875,7029
2026-02-13 20:01:00,140.85000610351562,140.96499633789062,140.85000610351562,140.96499633789062,7097
2026-02-13 20:02:00,140.9600067138672,141.0399932861328,140.9600067138672,140.97999572753906,10590
2026-02-13 20:03:00,140.97999572753906,141.02000427246094,140.97000122070312,141.02000427246094,6106
2026-02-13 20:04:00,141.02999877929688,141.10499572753906,141.02999877929688,141.10499572753906,7515
2026-02-13 20:05:00,141.1199951171875,141.2100067138672,141.1125030517578,141.2050018310547,14545
2026-02-13 20:06:00,141.22500610351562,141.24000549316406,141.08999633789062,141.15499877929688,18565
2026-02-13 20:07:00,141.15499877929688,141.17999267578125,141.0800018310547,141.0800018310547,6519
2026-02-13 20:08:00,141.05999755859375,141.09500122070312,140.97999572753906,140.97999572753906,11099
2026-02-13 20:09:00,140.97000122070312,141.05499267578125,140.9600067138672,141.0500030517578,6251
2026-02-13 20:10:00,141.02999877929688,141.0500030517578,140.9550018310547,140.97000122070312,12587
2026-02-13 20:11:00,140.97999572753906,141.11000061035156,140.97999572753906,141.11000061035156,7615
2026-02-13 20:12:00,141.07000732421875,141.10000610351562,140.9600067138672,140.9600067138672,14137
2026-02-13 20:13:00,140.94000244140625,140.94000244140625,140.77999877929688,140.8000030517578,9218
2026-02-13 20:14:00,140.82000732421875,140.82000732421875,140.68499755859375,140.68499755859375,11282
2026-02-13 20:15:00,140.7100067138672,140.7449951171875,140.66000366210938,140.6699981689453,8729
2026-02-13 20:16:00,140.67999267578125,140.78199768066406,140.6750030517578,140.70750427246094,7459
2026-02-13 20:17:00,140.71499633789062,140.7550048828125,140.6649932861328,140.72999572753906,11896
2026-02-13 20:18:00,140.6999969482422,140.72999572753906,140.6199951171875,140.69500732421875,10898
2026-02-13 20:19:00,140.64999389648438,140.80999755859375,140.64999389648438,140.7899932861328,15898
2026-02-13 20:20:00,140.77999877929688,140.7949981689453,140.6999969482422,140.7949981689453,13194
2026-02-13 20:21:00,140.8000030517578,140.85699462890625,140.75,140.7899932861328,11115
2026-02-13 20:22:00,140.81500244140625,140.82000732421875,140.75999450683594,140.7899932861328,8826
2026-02-13 20:23:00,140.8000030517578,140.8249969482422,140.6999969482422,140.75999450683594,13202
2026-02-13 20:24:00,140.76499938964844,140.76499938964844,140.66000366210938,140.66000366210938,18949
2026-02-13 20:25:00,140.67999267578125,140.7449951171875,140.57000732421875,140.5749969482422,11244
2026-02-13 20:26:00,140.5800018310547,140.6300048828125,140.42999267578125,140.625,13240
2026-02-13 20:27:00,140.64999389648438,140.66000366210938,140.4499969482422,140.5496063232422,10708
2026-02-13 20:28:00,140.50999450683594,140.55999755859375,140.49000549316406,140.49000549316406,8985
2026-02-13 20:29:00,140.47999572753906,140.6199951171875,140.4600067138672,140.6199951171875,15893
2026-02-13 20:30:00,140.6300048828125,140.64999389648438,140.49000549316406,140.60000610351562,14333
2026-02-13 20:31:00,140.55999755859375,140.72999572753906,140.52499389648438,140.66000366210938,8079
2026-02-13 20:32:00,140.63999938964844,140.75,140.60000610351562,140.60000610351562,11838
2026-02-13 20:33:00,140.61500549316406,140.66000366210938,140.5500030517578,140.5800018310547,25408
2026-02-13 20:34:00,140.57000732421875,140.60000610351562,140.52999877929688,140.55999755859375,11147
2026-02-13 20:35:00,140.52999877929688,140.57000732421875,140.4600067138672,140.4600067138672,11595
2026-02-13 20:36:00,140.52000427246094,140.5509033203125,140.4499969482422,140.54010009765625,12408
2026-02-13 20:37:00,140.55999755859375,140.57000732421875,140.42999267578125,140.46499633789062,13836
2026-02-13 20:38:00,140.44000244140625,140.52999877929688,140.41000366210938,140.52000427246094,12762
2026-02-13 20:39:00,140.55999755859375,140.57940673828125,140.44000244140625,140.5,15807
2026-02-13 20:40:00,140.5,140.61000061035156,140.4250030517578,140.5800018310547,25849
2026-02-13 20:41:00,140.5800018310547,140.58999633789062,140.4499969482422,140.47999572753906,12623
2026-02-13 20:42:00,140.49000549316406,140.49000549316406,140.3300018310547,140.3300018310547,16911
2026-02-13 20:43:00,140.3249969482422,140.4199981689453,140.3249969482422,140.39500427246094,20642
2026-02-13 20:44:00,140.41000366210938,140.5,140.41000366210938,140.47999572753906,10414
2026-02-13 20:45:00,140.47000122070312,140.57000732421875,140.4199981689453,140.4250030517578,15067
2026-02-13 20:46:00,140.44000244140625,140.5303955078125,140.44000244140625,140.50999450683594,21101
2026-02-13 20:47:00,140.50999450683594,140.58999633789062,140.5050048828125,140.57000732421875,14983
2026-02-13 20:48:00,140.5800018310547,140.60000610351562,140.49000549316406,140.49000549316406,17244
2026-02-13 20:49:00,140.4949951171875,140.63999938964844,140.4949951171875,140.5500030517578,17039
2026-02-13 20:50:00,140.5399932861328,140.5399932861328,140.2100067138672,140.35000610351562,44489
2026-02-13 20:51:00,140.3300018310547,140.41000366210938,140.3000030517578,140.33999633789062,21249
2026-02-13 20:52:00,140.33999633789062,140.33999633789062,140.14999389648438,140.17999267578125,29617
2026-02-13 20:53:00,140.2100067138672,140.375,140.1876983642578,140.27000427246094,31500
2026-02-13 20:54:00,140.27000427246094,140.66000366210938,140.26010131835938,140.55999755859375,47382
2026-02-13 20:55:00,140.58999633789062,140.61000061035156,140.39999389648438,140.50999450683594,38287
2026-02-13 20:56:00,140.5,140.52000427246094,140.39999389648438,140.51499938964844,45625
2026-02-13 20:57:00,140.52000427246094,140.58999633789062,140.47000122070312,140.57000732421875,45423
2026-02-13 20:58:00,140.57000732421875,140.60000610351562,140.5399932861328,140.5800018310547,57273
2026-02-13 20:59:00,140.58999633789062,140.77000427246094,140.5800018310547,140.75999450683594,180802
2026-02-13 21:00:00,140.7,141.0,140.64,140.7,2127251
2026-02-13 21:01:00,140.7,140.7,140.42,140.7,0
2026-02-13 21:02:00,140.7,140.7,140.45,140.51,0
2026-02-13 21:03:00,140.7,140.7,140.53,140.5582,0
2026-02-13 21:04:00,140.7,140.7,140.7,140.7,0
2026-02-13 21:05:00,140.7,140.7,140.55,140.55,0
2026-02-13 21:07:00,140.56,140.56,140.56,140.56,0
2026-02-13 21:08:00,140.56,140.7,140.56,140.7,0
2026-02-13 21:09:00,140.7,140.7,140.7,140.7,0
2026-02-13 21:10:00,140.7,140.7,140.6,140.7,0
2026-02-13 21:11:00,140.75,140.75,140.75,140.75,0
2026-02-13 21:12:00,140.7,140.7169,140.7,140.7169,0
2026-02-13 21:14:00,140.7,140.7,140.7,140.7,0
2026-02-13 21:15:00,140.7,140.7,140.62,140.62,0
2026-02-13 21:16:00,140.65,140.65,140.65,140.65,0
2026-02-13 21:18:00,140.55,140.55,140.55,140.55,0
2026-02-13 21:22:00,140.7,140.7,140.65,140.65,0
2026-02-13 21:23:00,140.65,140.65,140.65,140.65,0
2026-02-13 21:24:00,140.5822,140.5822,140.5822,140.5822,0
2026-02-13 21:26:00,140.7,140.7,140.555,140.555,0
2026-02-13 21:27:00,140.69,140.69,140.56,140.56,0
2026-02-13 21:28:00,140.5508,140.5508,140.5508,140.5508,0
2026-02-13 21:30:00,140.56,140.56,140.55,140.55,0
2026-02-13 21:31:00,140.7,140.7,140.62,140.62,0
2026-02-13 21:33:00,140.65,140.65,140.65,140.65,0
2026-02-13 21:34:00,140.56,140.56,140.46,140.46,0
2026-02-13 21:36:00,140.2,140.2,140.2,140.2,0
2026-02-13 21:38:00,140.5,140.5,140.49,140.49,0
2026-02-13 21:39:00,140.5,140.5,139.8,140.15,0
2026-02-13 21:40:00,140.3,140.3,140.15,140.15,0
2026-02-13 21:41:00,140.56,140.56,140.47,140.47,0
2026-02-13 21:42:00,140.47,140.7,140.2951,140.2951,0
2026-02-13 21:43:00,140.59,140.59,140.59,140.59,0
2026-02-13 21:45:00,140.56,140.56,140.56,140.56,0
2026-02-13 21:47:00,140.55,140.55,140.55,140.55,0
2026-02-13 21:49:00,140.6,140.6,140.4,140.56,0
2026-02-13 21:52:00,140.33,140.33,140.33,140.33,0
2026-02-13 21:54:00,140.33,140.7,140.25,140.25,0
2026-02-13 21:55:00,140.425,140.43,140.425,140.43,0
2026-02-13 21:56:00,140.43,140.55,140.3,140.3,0
2026-02-13 21:57:00,140.19,140.19,140.12,140.12,0
2026-02-13 21:59:00,140.15,140.15,140.13,140.13,0
2026-02-13 22:00:00,140.13,140.13,140.13,140.13,0
2026-02-13 22:04:00,140.15,140.33,140.15,140.33,0
2026-02-13 22:05:00,140.14,140.3,140.14,140.29,0
2026-02-13 22:09:00,140.41,140.41,140.34,140.34,0
2026-02-13 22:11:00,140.32,140.32,140.32,140.32,0
2026-02-13 22:12:00,140.15,140.15,140.15,140.15,0
2026-02-13 22:13:00,140.13,140.13,140.13,140.13,0
2026-02-13 22:15:00,140.14,140.17,140.14,140.17,0
2026-02-13 22:20:00,140.29,140.29,140.29,140.29,0
2026-02-13 22:21:00,140.26,140.26,140.26,140.26,0
2026-02-13 22:23:00,140.26,140.29,140.26,140.29,0
2026-02-13 22:27:00,140.38,140.5,140.38,140.5,0
2026-02-13 22:29:00,140.2053,140.2053,140.2053,140.2053,0
2026-02-13 22:30:00,140.0925,140.0925,140.0925,140.0925,0
2026-02-13 22:33:00,140.47,140.47,140.33,140.33,0
2026-02-13 22:40:00,140.58,140.58,140.58,140.58,0
2026-02-13 22:42:00,140.57,140.57,140.57,140.57,0
2026-02-13 22:43:00,140.31,140.31,140.31,140.31,0
2026-02-13 22:44:00,140.57,140.57,140.57,140.57,0
2026-02-13 22:45:00,140.31,140.56,140.31,140.56,0
2026-02-13 22:46:00,140.58,140.58,140.58,140.58,0
2026-02-13 22:52:00,140.32,140.32,140.32,140.32,0
2026-02-13 22:53:00,140.57,140.57,140.57,140.57,0
2026-02-13 22:58:00,140.5025,140.5025,140.5025,140.5025,0
2026-02-13 22:59:00,140.08,140.08,140.08,140.08,0
2026-02-13 23:05:00,140.16,140.16,140.16,140.16,0
2026-02-13 23:11:00,140.32,140.4,140.32,140.4,0
2026-02-13 23:12:00,140.7,140.7,140.7,140.7,0
2026-02-13 23:17:00,140.56,140.56,140.31,140.31,0
2026-02-13 23:21:00,140.54,140.5799,140.54,140.5799,0
2026-02-13 23:22:00,140.33,140.33,140.33,140.33,0
2026-02-13 23:24:00,140.33,140.33,140.33,140.33,0
2026-02-13 23:25:00,140.32,140.32,140.1,140.23,0
2026-02-13 23:26:00,140.35,140.35,140.35,140.35,0
2026-02-13 23:28:00,140.08,140.08,140.08,140.08,0
2026-02-13 23:32:00,140.2305,140.2305,140.2305,140.2305,0
2026-02-13 23:33:00,140.47,140.57,140.47,140.57,0
2026-02-13 23:35:00,140.15,140.47,140.15,140.47,0
2026-02-13 23:38:00,140.46,140.46,140.46,140.46,0
2026-02-13 23:45:00,140.1987,140.1987,140.1987,140.1987,0
2026-02-13 23:46:00,140.16,140.4,140.16,140.4,0
2026-02-13 23:54:00,140.34,140.34,140.34,140.34,0
2026-02-13 23:57:00,140.4,140.4,140.4,140.4,0
2026-02-13 23:58:00,140.58,140.58,140.58,140.58,0
2026-02-14 00:04:00,140.39,140.58,140.39,140.58,0
2026-02-14 00:06:00,140.58,140.58,140.58,140.58,0
2026-02-14 00:08:00,140.2,140.2,140.2,140.2,0
2026-02-14 00:15:00,140.2,140.2,140.2,140.2,0
2026-02-14 00:16:00,140.1607,140.1607,140.1607,140.1607,0
2026-02-14 00:17:00,140.3,140.3,140.3,140.3,0
2026-02-14 00:18:00,140.15,140.15,140.15,140.15,0
2026-02-14 00:24:00,140.1715,140.1715,140.1715,140.1715,0
2026-02-14 00:29:00,140.34,140.34,140.34,140.34,0
2026-02-14 00:39:00,140.3194,140.3194,140.3194,140.3194,0
2026-02-14 00:45:00,140.34,140.34,140.29,140.29,0
2026-02-14 00:49:00,140.2501,140.2501,140.2501,140.2501,0
2026-02-14 00:52:00,140.405,140.405,140.405,140.405,0
2026-02-14 00:53:00,140.405,140.405,140.25,140.25,0
2026-02-14 00:54:00,140.55,140.55,140.2715,140.55,0
2026-02-14 00:55:00,140.2715,140.285,140.2715,140.285,0
2026-02-14 00:56:00,140.285,140.285,140.285,140.285,0
2026-02-14 00:58:00,140.07,140.07,140.07,140.07,0
2026-02-17 09:00:00,140.01,140.03,139.32,139.88,0
2026-02-17 09:01:00,139.72,139.86,139.6,139.86,0
2026-02-17 09:02:00,139.74,139.74,139.6,139.6,0
2026-02-17 09:03:00,139.6,139.6,139.6,139.6,0
2026-02-17 09:07:00,139.6,139.6,139.59,139.59,0
2026-02-17 09:09:00,139.53,139.53,139.53,139.53,0
2026-02-17 09:10:00,139.53,139.53,139.53,139.53,0
2026-02-17 09:11:00,139.5,139.5,139.5,139.5,0
2026-02-17 09:16:00,139.48,139.48,139.48,139.48,0
2026-02-17 09:18:00,139.45,139.45,139.45,139.45,0
2026-02-17 09:19:00,139.46,139.48,139.46,139.48,0
2026-02-17 09:20:00,139.45,139.59,139.43,139.59,0
2026-02-17 09:22:00,139.62,139.62,139.61,139.61,0
2026-02-17 09:30:00,139.71,139.71,139.53,139.53,0
2026-02-17 09:46:00,139.8,139.8,139.8,139.8,0
2026-02-17 09:52:00,139.79,139.79,139.79,139.79,0
2026-02-17 09:55:00,139.96,139.96,139.96,139.96,0
2026-02-17 09:56:00,139.95,139.99,139.95,139.99,0
2026-02-17 09:57:00,139.99,140.22,139.98,140.22,0
2026-02-17 09:58:00,140.25,140.28,140.25,140.28,0
2026-02-17 10:10:00,140.1,140.1,140.1,140.1,0
2026-02-17 10:13:00,140.2,140.2,140.2,140.2,0
2026-02-17 10:14:00,140.1,140.1,140.0,140.0,0
2026-02-17 10:17:00,139.86,139.86,139.86,139.86,0
2026-02-17 10:18:00,140.0,140.0,139.77,139.77,0
2026-02-17 10:31:00,139.88,139.88,139.88,139.88,0
2026-02-17 10:37:00,139.88,139.88,139.88,139.88,0
2026-02-17 10:42:00,139.64,139.68,139.51,139.52,0
2026-02-17 10:52:00,139.52,139.52,139.51,139.51,0
2026-02-17 11:08:00,139.51,139.51,139.51,139.51,0
2026-02-17 11:09:00,139.7,139.7,139.7,139.7,0
2026-02-17 11:11:00,139.6,139.6,139.6,139.6,0
2026-02-17 11:17:00,139.53,139.53,139.53,139.53,0
2026-02-17 11:23:00,139.52,139.52,139.51,139.51,0
2026-02-17 11:25:00,139.51,139.51,139.51,139.51,0
2026-02-17 11:26:00,139.53,139.53,139.53,139.53,0
2026-02-17 11:38:00,139.62,139.62,139.62,139.62,0
2026-02-17 11:41:00,139.63,139.63,139.6,139.6,0
2026-02-17 11:45:00,139.6,139.6,139.6,139.6,0
2026-02-17 11:51:00,139.7,139.7,139.7,139.7,0
2026-02-17 11:55:00,139.63,139.63,139.63,139.63,0
2026-02-17 11:59:00,139.79,139.79,139.79,139.79,0
2026-02-17 12:00:00,139.79,139.93,139.79,139.93,0
2026-02-17 12:01:00,139.95,139.99,139.95,139.99,0
2026-02-17 12:03:00,139.97,139.97,139.97,139.97,0
2026-02-17 12:13:00,139.78,139.78,139.77,139.77,0
2026-02-17 12:14:00,139.77,139.77,139.74,139.74,0
2026-02-17 12:17:00,139.74,139.74,139.74,139.74,0
2026-02-17 12:20:00,139.74,139.74,139.74,139.74,0
2026-02-17 12:21:00,139.73,139.73,139.73,139.73,0
2026-02-17 12:24:00,139.73,139.73,139.69,139.69,0
2026-02-17 12:27:00,139.69,139.69,139.69,139.69,0
2026-02-17 12:29:00,139.65,139.65,139.65,139.65,0
2026-02-17 12:31:00,139.57,139.57,139.57,139.57,0
2026-02-17 12:39:00,139.7,139.82,139.7,139.82,0
2026-02-17 12:42:00,139.63,139.63,139.63,139.63,0
2026-02-17 12:47:00,139.53,139.53,139.51,139.51,0
2026-02-17 12:48:00,139.5,139.5,139.3,139.3,0
2026-02-17 12:51:00,139.3,139.3,139.3,139.3,0
2026-02-17 12:57:00,139.29,139.29,139.29,139.29,0
2026-02-17 12:58:00,139.29,139.29,139.29,139.29,0
2026-02-17 13:00:00,139.1612,140.69,139.1612,139.5,0
2026-02-17 13:01:00,139.68,140.18,139.42,139.65,0
2026-02-17 13:04:00,139.44,140.17,139.31,139.71,0
2026-02-17 13:06:00,139.9,139.9,139.9,139.9,0
2026-02-17 13:07:00,139.65,139.65,139.65,139.65,0
2026-02-17 13:09:00,139.28,139.4005,139.28,139.4005,0
2026-02-17 13:11:00,139.28,139.28,139.28,139.28,0
2026-02-17 13:12:00,139.28,139.29,139.28,139.29,0
2026-02-17 13:13:00,139.28,139.28,139.28,139.28,0
2026-02-17 13:15:00,139.6838,139.6838,139.35,139.35,0
2026-02-17 13:16:00,139.46,139.46,139.46,139.46,0
2026-02-17 13:17:00,139.2863,139.3,139.2863,139.3,0
2026-02-17 13:19:00,139.3,139.3,139.3,139.3,0
2026-02-17 13:20:00,139.39,139.39,139.39,139.39,0
2026-02-17 13:21:00,139.33,139.5,139.33,139.49,0
2026-02-17 13:22:00,139.5,139.6,139.5,139.6,0
2026-02-17 13:24:00,139.37,139.37,139.37,139.37,0
2026-02-17 13:25:00,139.7,139.7,139.7,139.7,0
2026-02-17 13:28:00,139.56,139.56,139.56,139.56,0
2026-02-17 13:31:00,139.4,139.44,139.4,139.44,0
2026-02-17 13:33:00,139.28,139.5,139.28,139.5,0
2026-02-17 13:35:00,139.5,139.5,139.5,139.5,0
2026-02-17 13:36:00,139.28,139.28,139.28,139.28,0
2026-02-17 13:37:00,139.4157,139.4157,139.4157,139.4157,0
2026-02-17 13:38:00,139.9,139.9,139.28,139.28,0
2026-02-17 13:39:00,139.7,139.7,139.7,139.7,0
2026-02-17 13:40:00,139.95,139.95,139.95,139.95,0
2026-02-17 13:41:00,139.7,139.7,139.7,139.7,0
2026-02-17 13:48:00,139.95,139.95,139.33,139.33,0
2026-02-17 13:49:00,139.63,139.95,139.63,139.95,0
2026-02-17 13:50:00,139.82,139.82,139.82,139.82,0
2026-02-17 13:51:00,139.95,139.95,139.7647,139.82,0
2026-02-17 13:52:00,139.45,139.9,139.45,139.9,0
2026-02-17 13:53:00,139.49,139.49,139.49,139.49,0
2026-02-17 13:54:00,139.58,139.7,139.58,139.7,0
2026-02-17 13:55:00,139.43,139.43,139.43,139.43,0
2026-02-17 13:57:00,139.8,139.8,139.8,139.8,0
2026-02-17 13:58:00,139.49,139.49,139.49,139.49,0
2026-02-17 13:59:00,139.55,139.55,139.55,139.55,0
2026-02-17 14:00:00,139.58,139.58,139.58,139.58,0
2026-02-17 14:02:00,139.89,139.89,139.89,139.89,0
2026-02-17 14:04:00,139.28,139.28,139.28,139.28,0
2026-02-17 14:05:00,139.72,139.87,139.72,139.87,0
2026-02-17 14:08:00,139.87,139.9722,139.28,139.9722,0
2026-02-17 14:10:00,139.81,139.81,139.81,139.81,0
2026-02-17 14:11:00,139.84,139.87,139.84,139.87,0
2026-02-17 14:12:00,139.6,139.6,139.6,139.6,0
2026-02-17 14:13:00,139.89,139.89,139.8,139.8,0
2026-02-17 14:14:00,139.84,139.89,139.84,139.89,0
2026-02-17 14:16:00,139.9012,139.98,139.9,139.95,0
2026-02-17 14:17:00,139.7914,139.7914,139.7914,139.7914,0
2026-02-17 14:19:00,139.9454,139.9454,139.9454,139.9454,0
2026-02-17 14:20:00,139.8512,139.8512,139.85,139.85,0
2026-02-17 14:21:00,139.885,139.885,139.885,139.885,0
2026-02-17 14:22:00,139.95,139.95,139.9076,139.9076,0
2026-02-17 14:23:00,139.9506,139.9506,139.92,139.95,0
2026-02-17 14:24:00,139.95,139.95,139.85,139.85,0
2026-02-17 14:25:00,139.97,140.5,139.97,140.44,0
2026-02-17 14:26:00,140.42,140.7,140.4,140.7,0
2026-02-17 14:27:00,140.7,140.7,140.65,140.66,0
2026-02-17 14:28:00,140.88,140.99,140.87,140.93,0
2026-02-17 14:29:00,140.93,141.0,140.93,140.99,0
2026-02-17 14:30:00,141.0,141.3699951171875,140.77000427246094,141.14999389648438,252386
2026-02-17 14:31:00,141.125,141.8800048828125,141.02999877929688,141.8249969482422,8579
2026-02-17 14:32:00,141.75999450683594,141.86000061035156,141.4600067138672,141.58999633789062,12523
2026-02-17 14:33:00,141.75,142.39500427246094,141.75,142.39500427246094,26839
2026-02-17 14:34:00,142.47999572753906,143.2449951171875,142.47000122070312,143.18499755859375,27583
2026-02-17 14:35:00,143.35989379882812,143.38999938964844,142.51499938964844,142.7550048828125,20030
2026-02-17 14:36:00,142.6300048828125,142.89999389648438,142.4600067138672,142.52499389648438,15838
2026-02-17 14:37:00,142.53500366210938,142.7100067138672,142.26499938964844,142.7100067138672,16732
2026-02-17 14:38:00,142.5850067138672,142.60000610351562,142.15499877929688,142.3000030517578,36323
2026-02-17 14:39:00,142.2899932861328,142.85000610351562,142.2899932861328,142.78990173339844,18142
2026-02-17 14:40:00,142.69000244140625,142.77000427246094,142.3800048828125,142.5500030517578,14534
2026-02-17 14:41:00,142.52499389648438,142.5399932861328,142.27000427246094,142.27000427246094,13772
2026-02-17 14:42:00,142.32000732421875,142.38999938964844,141.9199981689453,141.9199981689453,21509
2026-02-17 14:43:00,141.89500427246094,142.0500030517578,141.7100067138672,141.74989318847656,29201
2026-02-17 14:44:00,141.7100067138672,141.8699951171875,141.7100067138672,141.7899932861328,8477
2026-02-17 14:45:00,141.7550048828125,141.7550048828125,141.42999267578125,141.4600067138672,25024
2026-02-17 14:46:00,141.47500610351562,141.65499877929688,141.33999633789062,141.4600067138672,29820
2026-02-17 14:47:00,141.49000549316406,141.49000549316406,141.0800018310547,141.2899932861328,16800
2026-02-17 14:48:00,141.30999755859375,141.7449951171875,141.30999755859375,141.55999755859375,12870
2026-02-17 14:49:00,141.5601043701172,141.61500549316406,141.47999572753906,141.60499572753906,10970
2026-02-17 14:50:00,141.64999389648438,141.80999755859375,141.0,141.13999938964844,22918
2026-02-17 14:51:00,141.0749969482422,141.14999389648438,141.02000427246094,141.05499267578125,3476
2026-02-17 14:52:00,141.09500122070312,141.32000732421875,141.07000732421875,141.10000610351562,12545
2026-02-17 14:53:00,141.10000610351562,141.10000610351562,140.60000610351562,140.7100067138672,12375
2026-02-17 14:54:00,140.7100067138672,140.72000122070312,140.5500030517578,140.61000061035156,7254
2026-02-17 14:55:00,140.55999755859375,140.57000732421875,140.47000122070312,140.52999877929688,9575
2026-02-17 14:56:00,140.5399932861328,140.86000061035156,140.4600067138672,140.85499572753906,25101
2026-02-17 14:57:00,140.85000610351562,141.0749969482422,140.82000732421875,141.0,18388
2026-02-17 14:58:00,140.94500732421875,140.9600067138672,140.7050018310547,140.7899932861328,13198
2026-02-17 14:59:00,140.75,141.0,140.75,140.9949951171875,12245
2026-02-17 15:00:00,140.92999267578125,141.05499267578125,140.66000366210938,140.66000366210938,25159
2026-02-17 15:01:00,140.80999755859375,140.9600067138672,140.6699981689453,140.9199981689453,13648
2026-02-17 15:02:00,140.9499969482422,141.0500030517578,140.6699981689453,140.7100067138672,14515
2026-02-17 15:03:00,140.72999572753906,140.9199981689453,140.5601043701172,140.9199981689453,17266
2026-02-17 15:04:00,140.9250030517578,141.0,140.7899932861328,141.0,10013
2026-02-17 15:05:00,141.05999755859375,141.2899932861328,141.05999755859375,141.1699981689453,15446
2026-02-17 15:06:00,141.23500061035156,141.27000427246094,140.94000244140625,141.14610290527344,14924
2026-02-17 15:07:00,141.16000366210938,141.1649932861328,140.92999267578125,141.05999755859375,19995
2026-02-17 15:08:00,141.1300048828125,141.24000549316406,141.0500030517578,141.24000549316406,9594
2026-02-17 15:09:00,141.1199951171875,141.14999389648438,140.91000366210938,140.91000366210938,14762
2026-02-17 15:10:00,140.94000244140625,141.1750030517578,140.94000244140625,141.0500030517578,17557
2026-02-17 15:11:00,141.0500030517578,141.1699981689453,140.94500732421875,141.11500549316406,17326
2026-02-17 15:12:00,141.08999633789062,141.38999938964844,140.99000549316406,141.36000061035156,14653
2026-02-17 15:13:00,141.3800048828125,141.3800048828125,140.8699951171875,140.99000549316406,35343
2026-02-17 15:14:00,140.97999572753906,141.0399932861328,140.9499969482422,140.97000122070312,7324
2026-02-17 15:15:00,140.9600067138672,141.10499572753906,140.94500732421875,141.0500030517578,9891
2026-02-17 15:16:00,141.1199951171875,141.4199981689453,141.1199951171875,141.3699951171875,10872
2026-02-17 15:17:00,141.375,141.4499969482422,141.30499267578125,141.44000244140625,6013
2026-02-17 15:18:00,141.44500732421875,141.74000549316406,141.44000244140625,141.66000366210938,21104
2026-02-17 15:19:00,141.74000549316406,141.77999877929688,141.64059448242188,141.72999572753906,7604
2026-02-17 15:20:00,141.74000549316406,141.81939697265625,141.5500030517578,141.5500030517578,13485
2026-02-17 15:21:00,141.52999877929688,141.57000732421875,141.3852996826172,141.3852996826172,8070
2026-02-17 15:22:00,141.35000610351562,141.47000122070312,141.13999938964844,141.13999938964844,17538
2026-02-17 15:23:00,141.16000366210938,141.24000549316406,141.0500030517578,141.1031951904297,7036
2026-02-17 15:24:00,141.14999389648438,141.30999755859375,141.14999389648438,141.2100067138672,17457
2026-02-17 15:25:00,141.235107421875,141.33999633789062,141.02499389648438,141.1699981689453,17454
2026-02-17 15:26:00,141.09500122070312,141.09500122070312,140.92750549316406,141.0500030517578,7994
2026-02-17 15:27:00,141.05999755859375,141.10499572753906,140.97000122070312,141.02999877929688,9846
2026-02-17 15:28:00,141.03500366210938,141.1199951171875,140.98500061035156,141.0399932861328,15340
2026-02-17 15:29:00,141.05999755859375,141.05999755859375,140.75,140.83999633789062,11899
2026-02-17 15:30:00,140.89999389648438,140.89999389648438,140.4199981689453,140.4199981689453,10554
2026-02-17 15:31:00,140.47369384765625,140.47369384765625,140.32510375976562,140.3300018310547,8552
2026-02-17 15:32:00,140.30569458007812,140.32989501953125,140.25999450683594,140.28500366210938,3680
2026-02-17 15:33:00,140.28500366210938,140.3300018310547,140.13999938964844,140.23500061035156,7955
2026-02-17 15:34:00,140.2449951171875,140.2449951171875,140.10000610351562,140.10000610351562,7948
2026-02-17 15:35:00,140.16000366210938,140.3800048828125,140.16000366210938,140.22630310058594,9095
2026-02-17 15:36:00,140.27999877929688,140.4199981689453,140.27999877929688,140.3699951171875,7359
2026-02-17 15:37:00,140.3699951171875,140.4199981689453,140.19500732421875,140.19500732421875,11216
2026-02-17 15:38:00,140.1497039794922,140.24000549316406,140.10000610351562,140.1750030517578,4961
2026-02-17 15:39:00,140.1649932861328,140.17999267578125,140.0800018310547,140.13999938964844,11693
2026-02-17 15:40:00,140.17999267578125,140.6699981689453,140.17999267578125,140.56500244140625,17390
2026-02-17 15:41:00,140.6199951171875,140.6300048828125,140.28500366210938,140.3300018310547,15728
2026-02-17 15:42:00,140.3699951171875,140.38900756835938,140.22830200195312,140.32000732421875,26596
2026-02-17 15:43:00,140.29249572753906,140.30999755859375,140.00999450683594,140.0500030517578,32518
2026-02-17 15:44:00,140.0500030517578,140.33999633789062,140.02000427246094,140.23770141601562,47556
2026-02-17 15:45:00,140.27999877929688,140.55999755859375,140.1999969482422,140.50999450683594,24725
2026-02-17 15:46:00,140.52639770507812,140.5500030517578,140.25999450683594,140.32000732421875,13806
2026-02-17 15:47:00,140.32000732421875,140.52999877929688,140.25,140.50999450683594,14840
2026-02-17 15:48:00,140.55999755859375,140.58999633789062,140.19000244140625,140.3000030517578,20069
2026-02-17 15:49:00,140.22999572753906,140.38699340820312,140.19000244140625,140.25999450683594,12689
2026-02-17 15:50:00,140.28500366210938,140.4600067138672,140.08999633789062,140.2949981689453,27230
2026-02-17 15:51:00,140.26499938964844,140.75990295410156,140.26499938964844,140.7050018310547,12713
2026-02-17 15:52:00,140.67999267578125,140.6999969482422,140.47000122070312,140.60000610351562,11656
2026-02-17 15:53:00,140.6300048828125,140.69000244140625,140.5675048828125,140.6750030517578,8676
2026-02-17 15:54:00,140.6699981689453,140.69000244140625,140.6199951171875,140.66000366210938,4031
2026-02-17 15:55:00,140.66000366210938,140.86000061035156,140.65499877929688,140.85499572753906,9256
2026-02-17 15:56:00,140.85499572753906,140.86000061035156,140.60000610351562,140.7100067138672,8768
2026-02-17 15:57:00,140.74000549316406,140.80999755859375,140.61000061035156,140.6649932861328,13771
2026-02-17 15:58:00,140.6699981689453,140.75,140.41000366210938,140.52000427246094,25054
2026-02-17 15:59:00,140.61500549316406,140.72999572753906,140.4499969482422,140.72999572753906,16335
2026-02-17 16:00:00,140.75,140.89999389648438,140.610107421875,140.8800048828125,34504
2026-02-17 16:01:00,140.91000366210938,141.16000366210938,140.8800048828125,141.1199951171875,12095
2026-02-17 16:02:00,141.1699981689453,141.2100067138672,140.99000549316406,140.99000549316406,28746
2026-02-17 16:03:00,141.08999633789062,141.1699981689453,140.97000122070312,140.97999572753906,12628
2026-02-17 16:04:00,140.96499633789062,141.14999389648438,140.9199981689453,141.10000610351562,13439
2026-02-17 16:05:00,141.11000061035156,141.3000030517578,141.11000061035156,141.2949981689453,10225
2026-02-17 16:06:00,141.32000732421875,141.5399932861328,141.30999755859375,141.5399932861328,10150
2026-02-17 16:07:00,141.52999877929688,141.58999633789062,141.47000122070312,141.48500061035156,12828
2026-02-17 16:08:00,141.47000122070312,141.5800018310547,141.4199981689453,141.57000732421875,7792
2026-02-17 16:09:00,141.5749969482422,141.75,141.5500030517578,141.75,4182
2026-02-17 16:10:00,141.69500732421875,141.72500610351562,141.66000366210938,141.7100067138672,11070
2026-02-17 16:11:00,141.72999572753906,141.80999755859375,141.72999572753906,141.75999450683594,11424
2026-02-17 16:12:00,141.75,141.8699951171875,141.74000549316406,141.80999755859375,10081
2026-02-17 16:13:00,141.8000030517578,142.02000427246094,141.8000030517578,141.99000549316406,14258
2026-02-17 16:14:00,141.97500610351562,142.0500030517578,141.92999267578125,142.0500030517578,14922
2026-02-17 16:15:00,142.0399932861328,142.0449981689453,141.92999267578125,141.94000244140625,13065
2026-02-17 16:16:00,142.02999877929688,142.02999877929688,141.80499267578125,141.88999938964844,11697
2026-02-17 16:17:00,141.8699951171875,141.8699951171875,141.7449951171875,141.80499267578125,10196
2026-02-17 16:18:00,141.8000030517578,141.92999267578125,141.7949981689453,141.8800048828125,9220
2026-02-17 16:19:00,141.8704071044922,142.14999389648438,141.8699951171875,142.0449981689453,25297
2026-02-17 16:20:00,142.0449981689453,142.13999938964844,142.00999450683594,142.1300048828125,10820
2026-02-17 16:21:00,142.17999267578125,142.22999572753906,142.15499877929688,142.19000244140625,7267
2026-02-17 16:22:00,142.26010131835938,142.27540588378906,142.1649932861328,142.24000549316406,11468
2026-02-17 16:23:00,142.25999450683594,142.2899932861328,142.1699981689453,142.17300415039062,14685
2026-02-17 16:24:00,142.1699981689453,142.3300018310547,142.16110229492188,142.3249969482422,9175
2026-02-17 16:25:00,142.32000732421875,142.36000061035156,142.25999450683594,142.3000030517578,13157
2026-02-17 16:26:00,142.27000427246094,142.36000061035156,142.27000427246094,142.3000030517578,6970
2026-02-17 16:27:00,142.32000732421875,142.38999938964844,142.27999877929688,142.2899932861328,13133
2026-02-17 16:28:00,142.3000030517578,142.3000030517578,142.14500427246094,142.14500427246094,9682
2026-02-17 16:29:00,142.1999969482422,142.1999969482422,141.94000244140625,142.0449981689453,17481
2026-02-17 16:30:00,142.0449981689453,142.0449981689453,141.88999938964844,141.91000366210938,9718
2026-02-17 16:31:00,141.92999267578125,142.1199951171875,141.90499877929688,142.10000610351562,10789
2026-02-17 16:32:00,142.1300048828125,142.18499755859375,142.07000732421875,142.0800018310547,11300
2026-02-17 16:33:00,142.0500030517578,142.1199951171875,141.92999267578125,141.9499969482422,11301
2026-02-17 16:34:00,142.0500030517578,142.24000549316406,141.97999572753906,142.19000244140625,6098
2026-02-17 16:35:00,142.19000244140625,142.38999938964844,142.17999267578125,142.38999938964844,12111
2026-02-17 16:36:00,142.4398956298828,142.5399932861328,142.38999938964844,142.5050048828125,16087
2026-02-17 16:37:00,142.47000122070312,142.57000732421875,142.4499969482422,142.52000427246094,8955
2026-02-17 16:38:00,142.5,142.52499389648438,142.32009887695312,142.36500549316406,14930
2026-02-17 16:39:00,142.36500549316406,142.42999267578125,142.30999755859375,142.4199981689453,7850
2026-02-17 16:40:00,142.4149932861328,142.42990112304688,142.25999450683594,142.375,20871
2026-02-17 16:41:00,142.36000061035156,142.4600067138672,142.3300018310547,142.36000061035156,6947
2026-02-17 16:42:00,142.44619750976562,142.44619750976562,142.3800048828125,142.42999267578125,5117
2026-02-17 16:43:00,142.4600067138672,142.53729248046875,142.36000061035156,142.36000061035156,12450
2026-02-17 16:44:00,142.36500549316406,142.42999267578125,142.32000732421875,142.33999633789062,7725
2026-02-17 16:45:00,142.36000061035156,142.36000061035156,142.2899932861328,142.32000732421875,4904
2026-02-17 16:46:00,142.25999450683594,142.36000061035156,142.1999969482422,142.36000061035156,18368
2026-02-17 16:47:00,142.35000610351562,142.48500061035156,142.33999633789062,142.33999633789062,13523
2026-02-17 16:48:00,142.3000030517578,142.35000610351562,142.25,142.2550048828125,6576
2026-02-17 16:49:00,142.2100067138672,142.25,142.08999633789062,142.08999633789062,6411
2026-02-17 16:50:00,142.13499450683594,142.27999877929688,142.13499450683594,142.1999969482422,8885
2026-02-17 16:51:00,142.1800994873047,142.1999969482422,142.110107421875,142.1999969482422,5209
2026-02-17 16:52:00,142.17999267578125,142.36000061035156,142.1699981689453,142.27999877929688,6172
2026-02-17 16:53:00,142.3000030517578,142.33999633789062,142.1699981689453,142.2100067138672,10733
2026-02-17 16:54:00,142.13999938964844,142.1699981689453,142.11000061035156,142.11000061035156,13165
2026-02-17 16:55:00,142.1300048828125,142.38999938964844,142.1300048828125,142.364501953125,7860
2026-02-17 16:56:00,142.39999389648438,142.4199981689453,142.33999633789062,142.3699951171875,4693
2026-02-17 16:57:00,142.35000610351562,142.3800048828125,142.08999633789062,142.24000549316406,17830
2026-02-17 16:58:00,142.27000427246094,142.27000427246094,142.17160034179688,142.22999572753906,6455
2026-02-17 16:59:00,142.15499877929688,142.15499877929688,142.10000610351562,142.1300048828125,4658
2026-02-17 17:00:00,142.11000061035156,142.14500427246094,142.07000732421875,142.07000732421875,8033
2026-02-17 17:01:00,142.10000610351562,142.10000610351562,141.99000549316406,142.0800018310547,9140
2026-02-17 17:02:00,142.0800018310547,142.13999938964844,142.00999450683594,142.13510131835938,16733
2026-02-17 17:03:00,142.07000732421875,142.1649932861328,142.0500030517578,142.1649932861328,9403
2026-02-17 17:04:00,142.13999938964844,142.22000122070312,142.10000610351562,142.125,9179
2026-02-17 17:05:00,142.125,142.1300048828125,142.05999755859375,142.10000610351562,8321
2026-02-17 17:06:00,142.10000610351562,142.17999267578125,142.0500030517578,142.13999938964844,7254
2026-02-17 17:07:00,142.13499450683594,142.14999389648438,142.02000427246094,142.09500122070312,107688
2026-02-17 17:08:00,142.0399932861328,142.05999755859375,141.99000549316406,142.05999755859375,4087
2026-02-17 17:09:00,142.05499267578125,142.16000366210938,142.0,142.0,8539
2026-02-17 17:10:00,142.0,142.0800018310547,141.9300994873047,141.9949951171875,3459
2026-02-17 17:11:00,141.97999572753906,142.0399932861328,141.92999267578125,141.97500610351562,8599
2026-02-17 17:12:00,141.92999267578125,141.97000122070312,141.8800048828125,141.9250030517578,8683
2026-02-17 17:13:00,141.97000122070312,142.0449981689453,141.97000122070312,142.03500366210938,10547
2026-02-17 17:14:00,141.97000122070312,142.0500030517578,141.9499969482422,141.97000122070312,9553
2026-02-17 17:15:00,142.0299072265625,142.07000732421875,141.9600067138672,141.9600067138672,9223
2026-02-17 17:16:00,141.96499633789062,142.10000610351562,141.9199981689453,141.94000244140625,24122
2026-02-17 17:17:00,142.0,142.00999450683594,141.88999938964844,141.9499969482422,7002
2026-02-17 17:18:00,142.00999450683594,142.0399932861328,141.91000366210938,141.99000549316406,10614
2026-02-17 17:19:00,141.97999572753906,142.14999389648438,141.97999572753906,142.08999633789062,4670
2026-02-17 17:20:00,142.1199951171875,142.20799255371094,142.05999755859375,142.1649932861328,8207
2026-02-17 17:21:00,142.1699981689453,142.1820068359375,142.10499572753906,142.10499572753906,5306
2026-02-17 17:22:00,142.14999389648438,142.14999389648438,141.89999389648438,141.89999389648438,7156
2026-02-17 17:23:00,141.90499877929688,141.9698944091797,141.89999389648438,141.91000366210938,3592
2026-02-17 17:24:00,141.89999389648438,141.97999572753906,141.8699951171875,141.97999572753906,6532
2026-02-17 17:25:00,141.99000549316406,142.1699981689453,141.99000549316406,142.13999938964844,7458
2026-02-17 17:26:00,142.1300048828125,142.22999572753906,142.1300048828125,142.13999938964844,9078
2026-02-17 17:27:00,142.14500427246094,142.14999389648438,142.10000610351562,142.13999938964844,6489
2026-02-17 17:28:00,142.11000061035156,142.22000122070312,142.11000061035156,142.14500427246094,6124
2026-02-17 17:29:00,142.1649932861328,142.25999450683594,142.0800018310547,142.22500610351562,11970
2026-02-17 17:30:00,142.22999572753906,142.22999572753906,142.00999450683594,142.08999633789062,9326
2026-02-17 17:31:00,142.05499267578125,142.1125030517578,142.02999877929688,142.0500030517578,3735
2026-02-17 17:32:00,142.05999755859375,142.05999755859375,141.7899932861328,141.85000610351562,7009
2026-02-17 17:33:00,141.86000061035156,141.9199981689453,141.7899932861328,141.89999389648438,3096
2026-02-17 17:34:00,141.89999389648438,141.9199981689453,141.77000427246094,141.86000061035156,13036
2026-02-17 17:35:00,141.85499572753906,141.9499969482422,141.85499572753906,141.89010620117188,2919
2026-02-17 17:36:00,141.9250030517578,141.9250030517578,141.74000549316406,141.77499389648438,12089
2026-02-17 17:37:00,141.8000030517578,141.8699951171875,141.7899932861328,141.8699951171875,7563
2026-02-17 17:38:00,141.82000732421875,141.9499969482422,141.82000732421875,141.86000061035156,5047
2026-02-17 17:39:00,141.85499572753906,141.88999938964844,141.80140686035156,141.82000732421875,10863
2026-02-17 17:40:00,141.77999877929688,141.8000030517578,141.64999389648438,141.69000244140625,11758
2026-02-17 17:41:00,141.67999267578125,141.77999877929688,141.60000610351562,141.75999450683594,8894
2026-02-17 17:42:00,141.8000030517578,141.8000030517578,141.57000732421875,141.625,7620
2026-02-17 17:43:00,141.64999389648438,141.64999389648438,141.50999450683594,141.59500122070312,8218
2026-02-17 17:44:00,141.5850067138672,141.61000061035156,141.52000427246094,141.5399932861328,7870
2026-02-17 17:45:00,141.50999450683594,141.50999450683594,141.3699951171875,141.39999389648438,12702
2026-02-17 17:46:00,141.4499969482422,141.61000061035156,141.44500732421875,141.56500244140625,9334
2026-02-17 17:47:00,141.5399932861328,141.6300048828125,141.52000427246094,141.58999633789062,14884
2026-02-17 17:48:00,141.55999755859375,141.7550048828125,141.5500030517578,141.6999969482422,9716
2026-02-17 17:49:00,141.66000366210938,141.66000366210938,141.54010009765625,141.54010009765625,6504
2026-02-17 17:50:00,141.60000610351562,141.6699981689453,141.53500366210938,141.58999633789062,15594
2026-02-17 17:51:00,141.5399932861328,141.63999938964844,141.4199981689453,141.44500732421875,11205
2026-02-17 17:52:00,141.38999938964844,141.42999267578125,141.1999969482422,141.1999969482422,15179
2026-02-17 17:53:00,141.2100067138672,141.26010131835938,141.1300048828125,141.26010131835938,11425
2026-02-17 17:54:00,141.22999572753906,141.2550048828125,141.18499755859375,141.2449951171875,3397
2026-02-17 17:55:00,141.22500610351562,141.30499267578125,141.22500610351562,141.26510620117188,5790
2026-02-17 17:56:00,141.23959350585938,141.4199981689453,141.23959350585938,141.38999938964844,5037
2026-02-17 17:57:00,141.3699951171875,141.56500244140625,141.30999755859375,141.56500244140625,6448
2026-02-17 17:58:00,141.55999755859375,141.64999389648438,141.5,141.59500122070312,9570
2026-02-17 17:59:00,141.5850067138672,141.6649932861328,141.5749969482422,141.6649932861328,6705
2026-02-17 18:00:00,141.6999969482422,141.6999969482422,141.5,141.57000732421875,14534
2026-02-17 18:01:00,141.58999633789062,141.67149353027344,141.52999877929688,141.5850067138672,6581
2026-02-17 18:02:00,141.60000610351562,141.63999938964844,141.57000732421875,141.6199951171875,4739
2026-02-17 18:03:00,141.6300048828125,141.72000122070312,141.50999450683594,141.72000122070312,9596
2026-02-17 18:04:00,141.68499755859375,141.8699951171875,141.68499755859375,141.74000549316406,20547
2026-02-17 18:05:00,141.72000122070312,141.77000427246094,141.6199951171875,141.63999938964844,10903
2026-02-17 18:06:00,141.63499450683594,141.67999267578125,141.52000427246094,141.66000366210938,13960
2026-02-17 18:07:00,141.6750030517578,141.75,141.6750030517578,141.67999267578125,16650
2026-02-17 18:08:00,141.69000244140625,141.74000549316406,141.6199951171875,141.64010620117188,8711
2026-02-17 18:09:00,141.64999389648438,141.67999267578125,141.60000610351562,141.66990661621094,8774
2026-02-17 18:10:00,141.6199951171875,141.64999389648438,141.57000732421875,141.61500549316406,6821
2026-02-17 18:11:00,141.63499450683594,141.8800048828125,141.59500122070312,141.84750366210938,21009
2026-02-17 18:12:00,141.86000061035156,141.89500427246094,141.80999755859375,141.89500427246094,5875
2026-02-17 18:13:00,141.90499877929688,142.10000610351562,141.89010620117188,142.06500244140625,10112
2026-02-17 18:14:00,142.0749969482422,142.13999938964844,142.0,142.0,21562
2026-02-17 18:15:00,141.9600067138672,142.0399932861328,141.94000244140625,142.0,12630
2026-02-17 18:16:00,141.9716033935547,142.0399932861328,141.97000122070312,141.97000122070312,6803
2026-02-17 18:17:00,142.0,142.11000061035156,141.97000122070312,142.0749969482422,6229
2026-02-17 18:18:00,142.07000732421875,142.19000244140625,142.05499267578125,142.13009643554688,9897
2026-02-17 18:19:00,142.17999267578125,142.17999267578125,142.02999877929688,142.07000732421875,18466
2026-02-17 18:20:00,142.0800018310547,142.35000610351562,142.0800018310547,142.2899932861328,14153
2026-02-17 18:21:00,142.30999755859375,142.47000122070312,142.24009704589844,142.47000122070312,12195
2026-02-17 18:22:00,142.52000427246094,142.85000610351562,142.50999450683594,142.83999633789062,18465
2026-02-17 18:23:00,142.85000610351562,142.89999389648438,142.7899932861328,142.8000030517578,14489
2026-02-17 18:24:00,142.86900329589844,142.86900329589844,142.66009521484375,142.7899932861328,17600
2026-02-17 18:25:00,142.72000122070312,142.83999633789062,142.6699981689453,142.83999633789062,8021
2026-02-17 18:26:00,142.8350067138672,142.83999633789062,142.74000549316406,142.75709533691406,9077
2026-02-17 18:27:00,142.7200927734375,142.8699951171875,142.7200927734375,142.85000610351562,16465
2026-02-17 18:28:00,142.8800048828125,142.8800048828125,142.72500610351562,142.81500244140625,15255
2026-02-17 18:29:00,142.8300018310547,142.8800048828125,142.74000549316406,142.75,8665
2026-02-17 18:30:00,142.75,142.83999633789062,142.72000122070312,142.80499267578125,6185
2026-02-17 18:31:00,142.80499267578125,142.97999572753906,142.80499267578125,142.9799041748047,16918
2026-02-17 18:32:00,142.92999267578125,142.99000549316406,142.8800048828125,142.8800048828125,9923
2026-02-17 18:33:00,142.91000366210938,143.02000427246094,142.88999938964844,143.00599670410156,17127
2026-02-17 18:34:00,143.0399932861328,143.0800018310547,143.0,143.02000427246094,11110
2026-02-17 18:35:00,143.00999450683594,143.02000427246094,142.88999938964844,142.9499969482422,17282
2026-02-17 18:36:00,142.97999572753906,143.0800018310547,142.9550018310547,143.0550994873047,9795
2026-02-17 18:37:00,143.05999755859375,143.11000061035156,143.02999877929688,143.07000732421875,5632
2026-02-17 18:38:00,143.05999755859375,143.0800018310547,143.0399932861328,143.05999755859375,4967
2026-02-17 18:39:00,143.0500030517578,143.1199951171875,143.0399932861328,143.1114959716797,7479
2026-02-17 18:40:00,143.13999938964844,143.27999877929688,143.13999938964844,143.27000427246094,6223
2026-02-17 18:41:00,143.24090576171875,143.24090576171875,143.125,143.2050018310547,9018
2026-02-17 18:42:00,143.17999267578125,143.23500061035156,143.15499877929688,143.2100067138672,16523
2026-02-17 18:43:00,143.19000244140625,143.27000427246094,143.09500122070312,143.09500122070312,30304
2026-02-17 18:44:00,143.10499572753906,143.1300048828125,143.0850067138672,143.10000610351562,5091
2026-02-17 18:45:00,143.10000610351562,143.14999389648438,142.97000122070312,143.0,22543
2026-02-17 18:46:00,143.03700256347656,143.0500030517578,142.97999572753906,143.0500030517578,5058
2026-02-17 18:47:00,143.05999755859375,143.1199951171875,143.0399932861328,143.10000610351562,5351
2026-02-17 18:48:00,143.0500030517578,143.0500030517578,142.9499969482422,142.99000549316406,6511
2026-02-17 18:49:00,142.9949951171875,143.02999877929688,142.9600067138672,142.99000549316406,8339
2026-02-17 18:50:00,143.00999450683594,143.10000610351562,142.97999572753906,143.0601043701172,10673
2026-02-17 18:51:00,143.1199951171875,143.1300048828125,143.05999755859375,143.1300048828125,7409
2026-02-17 18:52:00,143.11000061035156,143.14999389648438,143.0500030517578,143.14999389648438,5793
2026-02-17 18:53:00,143.11000061035156,143.11000061035156,142.94500732421875,143.05499267578125,10205
2026-02-17 18:54:00,143.05499267578125,143.1199951171875,143.05499267578125,143.10000610351562,6086
2026-02-17 18:55:00,143.1199951171875,143.17999267578125,143.1199951171875,143.14999389648438,8207
2026-02-17 18:56:00,143.1300048828125,143.2100067138672,143.1199951171875,143.16409301757812,8532
2026-02-17 18:57:00,143.17999267578125,143.17999267578125,143.08999633789062,143.09500122070312,10108
2026-02-17 18:58:00,143.1199951171875,143.1300048828125,142.9600067138672,142.9600067138672,6196
2026-02-17 18:59:00,142.9405975341797,143.00999450683594,142.91000366210938,143.00999450683594,6069
2026-02-17 19:00:00,143.0399932861328,143.0500030517578,142.94000244140625,142.97999572753906,5982
2026-02-17 19:01:00,142.97999572753906,143.0800018310547,142.95509338378906,143.0050048828125,8014
2026-02-17 19:02:00,143.0050048828125,143.10000610351562,142.97000122070312,143.05999755859375,11787
2026-02-17 19:03:00,143.05999755859375,143.05999755859375,143.0,143.02000427246094,8413
2026-02-17 19:04:00,143.02000427246094,143.08999633789062,143.00999450683594,143.07000732421875,5580
2026-02-17 19:05:00,143.08999633789062,143.14500427246094,143.0500030517578,143.09500122070312,11444
2026-02-17 19:06:00,143.11000061035156,143.13499450683594,143.02000427246094,143.02000427246094,18528
2026-02-17 19:07:00,143.0449981689453,143.0449981689453,142.9600067138672,143.02000427246094,4060
2026-02-17 19:08:00,143.00999450683594,143.02999877929688,142.9199981689453,142.9499969482422,10941
2026-02-17 19:09:00,142.91000366210938,142.94000244140625,142.8699951171875,142.93499755859375,8451
2026-02-17 19:10:00,142.98500061035156,142.98500061035156,142.82000732421875,142.91000366210938,8660
2026-02-17 19:11:00,142.91000366210938,142.9199981689453,142.8300018310547,142.85000610351562,5273
2026-02-17 19:12:00,142.8699951171875,142.8699951171875,142.78500366210938,142.82069396972656,7986
2026-02-17 19:13:00,142.80999755859375,142.85000610351562,142.7899932861328,142.85000610351562,5340
2026-02-17 19:14:00,142.8300018310547,142.91000366210938,142.82000732421875,142.91000366210938,6078
2026-02-17 19:15:00,142.91749572753906,142.94000244140625,142.8800048828125,142.92010498046875,10575
2026-02-17 19:16:00,142.9149932861328,142.9550018310547,142.89999389648438,142.92999267578125,8435
2026-02-17 19:17:00,142.93499755859375,143.07000732421875,142.9250030517578,143.07000732421875,5392
2026-02-17 19:18:00,143.0800018310547,143.09500122070312,143.0,143.02000427246094,12213
2026-02-17 19:19:00,143.0399932861328,143.0399932861328,142.91000366210938,142.92999267578125,9442
2026-02-17 19:20:00,142.9199981689453,143.0,142.88999938964844,142.9499969482422,14099
2026-02-17 19:21:00,142.94000244140625,143.0823974609375,142.94000244140625,143.0399932861328,7864
2026-02-17 19:22:00,143.00999450683594,143.01499938964844,142.96499633789062,142.99000549316406,4559
2026-02-17 19:23:00,143.00999450683594,143.1199951171875,143.00999450683594,143.1199951171875,8563
2026-02-17 19:24:00,143.1186065673828,143.22500610351562,143.1186065673828,143.20030212402344,11378
2026-02-17 19:25:00,143.1999969482422,143.1999969482422,143.11000061035156,143.17999267578125,11148
2026-02-17 19:26:00,143.22999572753906,143.27999877929688,143.19500732421875,143.27999877929688,9452
2026-02-17 19:27:00,143.27999877929688,143.3000030517578,143.22000122070312,143.28990173339844,7482
2026-02-17 19:28:00,143.25999450683594,143.25999450683594,143.07000732421875,143.10000610351562,16204
2026-02-17 19:29:00,143.07000732421875,143.19000244140625,143.01699829101562,143.10000610351562,17693
2026-02-17 19:30:00,143.11500549316406,143.11500549316406,143.0500030517578,143.07249450683594,10542
2026-02-17 19:31:00,143.06500244140625,143.14999389648438,143.02000427246094,143.14999389648438,8596
2026-02-17 19:32:00,143.14999389648438,143.14999389648438,142.93130493164062,142.99000549316406,22046
2026-02-17 19:33:00,142.99000549316406,143.00999450683594,142.94000244140625,142.97999572753906,14289
2026-02-17 19:34:00,143.02999877929688,143.1300048828125,143.02999877929688,143.10000610351562,6370
2026-02-17 19:35:00,143.09500122070312,143.19000244140625,143.07000732421875,143.1300048828125,21207
2026-02-17 19:36:00,143.1479949951172,143.2449951171875,143.1479949951172,143.2100067138672,5243
2026-02-17 19:37:00,143.1855926513672,143.21499633789062,143.10499572753906,143.16000366210938,8447
2026-02-17 19:38:00,143.1649932861328,143.1649932861328,143.0399932861328,143.05499267578125,7955
2026-02-17 19:39:00,143.06500244140625,143.1699981689453,143.02000427246094,143.1699981689453,4899
2026-02-17 19:40:00,143.1750030517578,143.27999877929688,143.14999389648438,143.26510620117188,15336
2026-02-17 19:41:00,143.26510620117188,143.27520751953125,143.1999969482422,143.22000122070312,6340
2026-02-17 19:42:00,143.23500061035156,143.23500061035156,143.1699981689453,143.1699981689453,4804
2026-02-17 19:43:00,143.16009521484375,143.2799072265625,143.16009521484375,143.19000244140625,4985
2026-02-17 19:44:00,143.18499755859375,143.25,143.17999267578125,143.22500610351562,8880
2026-02-17 19:45:00,143.22500610351562,143.22999572753906,143.13999938964844,143.1999969482422,13534
2026-02-17 19:46:00,143.1999969482422,143.2550048828125,143.19000244140625,143.2550048828125,7435
2026-02-17 19:47:00,143.25,143.27000427246094,143.19000244140625,143.27000427246094,9199
2026-02-17 19:48:00,143.2899932861328,143.32000732421875,143.20230102539062,143.30499267578125,14768
2026-02-17 19:49:00,143.2899932861328,143.33999633789062,143.2899932861328,143.2899932861328,3351
2026-02-17 19:50:00,143.32000732421875,143.3800048828125,143.32000732421875,143.375,6229
2026-02-17 19:51:00,143.36000061035156,143.36000061035156,143.27999877929688,143.30499267578125,6940
2026-02-17 19:52:00,143.27999877929688,143.27999877929688,143.13999938964844,143.16000366210938,9111
2026-02-17 19:53:00,143.17999267578125,143.25999450683594,143.17999267578125,143.2449951171875,7710
2026-02-17 19:54:00,143.25999450683594,143.35000610351562,143.25999450683594,143.30999755859375,16577
2026-02-17 19:55:00,143.25010681152344,143.30999755859375,143.1999969482422,143.24099731445312,6304
2026-02-17 19:56:00,143.22000122070312,143.25,143.17010498046875,143.20989990234375,14949
2026-02-17 19:57:00,143.2263946533203,143.27000427246094,143.2263946533203,143.22999572753906,4948
2026-02-17 19:58:00,143.22999572753906,143.22999572753906,143.0500030517578,143.0500030517578,9414
2026-02-17 19:59:00,143.0749969482422,143.13690185546875,143.02999877929688,143.08999633789062,15623
2026-02-17 20:00:00,143.10000610351562,143.25,143.0572967529297,143.25,12806
2026-02-17 20:01:00,143.25999450683594,143.25999450683594,143.1999969482422,143.2100067138672,15357
2026-02-17 20:02:00,143.17999267578125,143.22999572753906,143.13400268554688,143.14999389648438,6073
2026-02-17 20:03:00,143.1199951171875,143.16000366210938,143.07000732421875,143.1199951171875,10326
2026-02-17 20:04:00,143.0800018310547,143.11500549316406,143.02000427246094,143.11500549316406,9849
2026-02-17 20:05:00,143.11000061035156,143.1199951171875,143.0800018310547,143.10000610351562,7632
2026-02-17 20:06:00,143.1300048828125,143.15960693359375,143.0800018310547,143.10499572753906,7640
2026-02-17 20:07:00,143.10499572753906,143.1199951171875,143.05499267578125,143.1199951171875,6406
2026-02-17 20:08:00,143.1199951171875,143.21499633789062,143.10000610351562,143.21499633789062,9093
2026-02-17 20:09:00,143.2100067138672,143.2100067138672,143.1300048828125,143.16000366210938,17781
2026-02-17 20:10:00,143.1699981689453,143.22000122070312,143.16000366210938,143.21820068359375,7328
2026-02-17 20:11:00,143.1999969482422,143.25,143.17999267578125,143.17999267578125,12641
2026-02-17 20:12:00,143.1999969482422,143.25999450683594,143.17999267578125,143.2550048828125,9113
2026-02-17 20:13:00,143.22500610351562,143.27000427246094,143.22500610351562,143.24000549316406,12603
2026-02-17 20:14:00,143.25999450683594,143.36000061035156,143.25999450683594,143.30999755859375,16030
2026-02-17 20:15:00,143.32000732421875,143.3300018310547,143.27000427246094,143.31500244140625,14782
2026-02-17 20:16:00,143.3350067138672,143.39999389648438,143.3300018310547,143.39999389648438,12114
2026-02-17 20:17:00,143.3800048828125,143.5,143.36500549316406,143.39999389648438,27132
2026-02-17 20:18:00,143.38499450683594,143.39999389648438,143.2010955810547,143.27999877929688,33882
2026-02-17 20:19:00,143.30999755859375,143.33999633789062,143.16000366210938,143.16000366210938,14945
2026-02-17 20:20:00,143.17999267578125,143.25999450683594,143.17999267578125,143.24000549316406,6924
2026-02-17 20:21:00,143.2100067138672,143.30999755859375,143.19000244140625,143.30999755859375,9486
2026-02-17 20:22:00,143.31910705566406,143.32000732421875,143.22999572753906,143.24989318847656,14432
2026-02-17 20:23:00,143.3000030517578,143.3699951171875,143.2550048828125,143.27499389648438,12960
2026-02-17 20:24:00,143.25,143.25,143.1699981689453,143.22000122070312,8659
2026-02-17 20:25:00,143.1999969482422,143.27999877929688,143.14999389648438,143.14999389648438,11006
2026-02-17 20:26:00,143.16000366210938,143.17999267578125,143.1199951171875,143.125,6896
2026-02-17 20:27:00,143.125,143.13999938964844,143.0500030517578,143.0500030517578,12824
2026-02-17 20:28:00,143.0399932861328,143.14999389648438,143.0,143.14999389648438,10161
2026-02-17 20:29:00,143.14500427246094,143.2100067138672,143.05999755859375,143.10499572753906,20602
2026-02-17 20:30:00,143.08999633789062,143.10000610351562,143.02499389648438,143.0500030517578,10890
2026-02-17 20:31:00,143.05999755859375,143.08999633789062,142.8800048828125,142.92999267578125,20256
2026-02-17 20:32:00,142.91000366210938,142.9600067138672,142.8719024658203,142.89500427246094,9568
2026-02-17 20:33:00,142.88999938964844,142.89999389648438,142.86000061035156,142.875,10521
2026-02-17 20:34:00,142.889892578125,142.88999938964844,142.8000030517578,142.88999938964844,15749
2026-02-17 20:35:00,142.91000366210938,142.91000366210938,142.7899932861328,142.7906951904297,13594
2026-02-17 20:36:00,142.7899932861328,142.80999755859375,142.71499633789062,142.71499633789062,14710
2026-02-17 20:37:00,142.72999572753906,142.74000549316406,142.59500122070312,142.61000061035156,17636
2026-02-17 20:38:00,142.6300048828125,142.69000244140625,142.5749969482422,142.60000610351562,28032
2026-02-17 20:39:00,142.60000610351562,142.60000610351562,142.51300048828125,142.5449981689453,29229
2026-02-17 20:40:00,142.5449981689453,142.61000061035156,142.41000366210938,142.42999267578125,30884
2026-02-17 20:41:00,142.4199981689453,142.58999633789062,142.4199981689453,142.5749969482422,10511
2026-02-17 20:42:00,142.58999633789062,142.75999450683594,142.5800018310547,142.75999450683594,14154
2026-02-17 20:43:00,142.77999877929688,142.94000244140625,142.7100067138672,142.91000366210938,18782
2026-02-17 20:44:00,142.8800048828125,142.9600067138672,142.83999633789062,142.86500549316406,12996
2026-02-17 20:45:00,142.86500549316406,142.88999938964844,142.74000549316406,142.77999877929688,19464
2026-02-17 20:46:00,142.77000427246094,142.80999755859375,142.72999572753906,142.79010009765625,16779
2026-02-17 20:47:00,142.7899932861328,142.7899932861328,142.6199951171875,142.63999938964844,19120
2026-02-17 20:48:00,142.63499450683594,142.75,142.60000610351562,142.74000549316406,16868
2026-02-17 20:49:00,142.7100067138672,142.74000549316406,142.66810607910156,142.68499755859375,16617
2026-02-17 20:50:00,142.72999572753906,142.89999389648438,142.69000244140625,142.7646026611328,50649
2026-02-17 20:51:00,142.75999450683594,142.75999450683594,142.47999572753906,142.5399932861328,64250
2026-02-17 20:52:00,142.53500366210938,142.5399932861328,142.4700927734375,142.49000549316406,19991
2026-02-17 20:53:00,142.52000427246094,142.63999938964844,142.51010131835938,142.61000061035156,29089
2026-02-17 20:54:00,142.6199951171875,142.67999267578125,142.35000610351562,142.61000061035156,46511
2026-02-17 20:55:00,142.61000061035156,142.66000366210938,142.53500366210938,142.5449981689453,44228
2026-02-17 20:56:00,142.5449981689453,142.69000244140625,142.47500610351562,142.63999938964844,62771
2026-02-17 20:57:00,142.63999938964844,142.63999938964844,142.52999877929688,142.5800018310547,59034
2026-02-17 20:58:00,142.57009887695312,142.6300048828125,142.56500244140625,142.62240600585938,73250
2026-02-17 20:59:00,142.6199951171875,142.67999267578125,142.5399932861328,142.63999938964844,213610
2026-02-17 21:00:00,142.64,142.7,142.63,142.7,1391433
2026-02-17 21:01:00,142.63,143.25,142.63,142.63,0
2026-02-17 21:02:00,142.63,143.0,142.63,142.63,0
2026-02-17 21:03:00,142.63,142.63,142.62,142.63,0
2026-02-17 21:04:00,142.63,142.63,142.3335,142.63,0
2026-02-17 21:05:00,142.68,142.68,142.3433,142.63,0
2026-02-17 21:06:00,142.64,142.64,142.64,142.64,0
2026-02-17 21:10:00,142.63,142.63,142.63,142.63,0
2026-02-17 21:14:00,142.63,142.63,142.63,142.63,0
2026-02-17 21:15:00,142.63,142.63,142.4557,142.4557,0
2026-02-17 21:16:00,143.0995,143.0995,143.0995,143.0995,0
2026-02-17 21:18:00,142.6007,142.6007,142.6007,142.6007,0
2026-02-17 21:19:00,142.82,142.82,142.82,142.82,0
2026-02-17 21:20:00,142.63,142.83,142.63,142.64,0
2026-02-17 21:21:00,142.88,142.89,142.88,142.89,0
2026-02-17 21:29:00,142.63,142.63,142.63,142.63,0
2026-02-17 21:30:00,143.25,143.25,143.25,143.25,0
2026-02-17 21:31:00,142.88,142.88,142.88,142.88,0
2026-02-17 21:32:00,142.76,142.76,142.76,142.76,0
2026-02-17 21:33:00,143.25,143.25,143.25,143.25,0
2026-02-17 21:34:00,142.63,142.63,142.63,142.63,0
2026-02-17 21:35:00,142.3335,142.79,142.3335,142.79,0
2026-02-17 21:38:00,142.89,142.89,142.89,142.89,0
2026-02-17 21:39:00,142.31,142.31,142.31,142.31,0
2026-02-17 21:40:00,142.59,142.59,142.59,142.59,0
2026-02-17 21:46:00,142.978,142.978,142.31,142.31,0
2026-02-17 21:47:00,142.67,142.67,142.41,142.4369,0
2026-02-17 21:48:00,142.31,142.31,142.31,142.31,0
2026-02-17 21:49:00,142.66,142.87,142.66,142.87,0
2026-02-17 21:51:00,142.31,142.978,142.31,142.978,0
2026-02-17 21:59:00,142.31,142.31,142.31,142.31,0
2026-02-17 22:02:00,142.9607,142.9607,142.63,142.63,0
2026-02-17 22:05:00,142.9647,142.9647,142.9647,142.9647,0
2026-02-17 22:06:00,142.43,142.43,142.43,142.43,0
2026-02-17 22:08:00,142.63,142.63,142.32,142.32,0
2026-02-17 22:09:00,142.32,142.63,142.32,142.33,0
2026-02-17 22:10:00,142.33,142.33,142.33,142.33,0
2026-02-17 22:12:00,142.33,142.33,142.33,142.33,0
2026-02-17 22:13:00,142.45,142.45,142.45,142.45,0
2026-02-17 22:14:00,142.45,142.47,142.45,142.47,0
2026-02-17 22:15:00,142.48,142.48,142.48,142.48,0
2026-02-17 22:17:00,142.44,143.0799,142.44,143.0799,0
2026-02-17 22:18:00,142.49,142.49,142.49,142.49,0
2026-02-17 22:20:00,142.49,142.49,142.35,142.35,0
2026-02-17 22:22:00,142.49,142.49,142.49,142.49,0
2026-02-17 22:23:00,142.49,142.49,142.49,142.49,0
2026-02-17 22:24:00,142.49,143.08,142.49,143.08,0
2026-02-17 22:25:00,142.49,142.5,142.49,142.5,0
2026-02-17 22:26:00,142.75,142.75,142.75,142.75,0
2026-02-17 22:29:00,142.75,142.75,142.75,142.75,0
2026-02-17 22:30:00,142.9669,142.9669,142.9669,142.9669,0
2026-02-17 22:34:00,143.0788,143.0788,143.0788,143.0788,0
2026-02-17 22:37:00,142.87,142.87,142.87,142.87,0
2026-02-17 22:39:00,142.63,143.08,142.63,143.08,0
2026-02-17 22:41:00,142.85,142.8729,142.85,142.8729,0
2026-02-17 22:42:00,142.81,142.81,142.64,142.64,0
2026-02-17 22:44:00,142.8,142.8,142.8,142.8,0
2026-02-17 22:53:00,142.81,142.81,142.81,142.81,0
2026-02-17 23:01:00,142.76,142.76,142.63,142.76,0
2026-02-17 23:02:00,142.928,142.928,142.35,142.35,0
2026-02-17 23:04:00,142.43,142.43,142.43,142.43,0
2026-02-17 23:10:00,142.43,142.43,142.43,142.43,0
2026-02-17 23:12:00,142.63,142.63,142.63,142.63,0
2026-02-17 23:15:00,142.63,142.63,142.63,142.63,0
2026-02-17 23:17:00,142.62,142.63,142.62,142.63,0
2026-02-17 23:19:00,142.35,142.63,142.35,142.44,0
2026-02-17 23:22:00,142.35,142.35,142.35,142.35,0
2026-02-17 23:23:00,142.44,142.5216,142.35,142.5216,0
2026-02-17 23:24:00,142.52,142.52,142.52,142.52,0
2026-02-17 23:26:00,142.61,142.61,142.61,142.61,0
2026-02-17 23:27:00,142.61,142.8,142.61,142.8,0
2026-02-17 23:28:00,142.8,142.8,142.8,142.8,0
2026-02-17 23:30:00,142.9,142.9,142.9,142.9,0
2026-02-17 23:32:00,142.88,142.88,142.88,142.88,0
2026-02-17 23:37:00,142.88,142.88,142.88,142.88,0
2026-02-17 23:45:00,142.63,142.63,142.63,142.63,0
2026-02-17 23:46:00,142.64,142.64,142.43,142.43,0
2026-02-17 23:49:00,142.41,142.41,142.41,142.41,0
2026-02-17 23:54:00,142.42,142.42,142.42,142.42,0
2026-02-18 00:00:00,142.4,142.4,142.4,142.4,0
2026-02-18 00:02:00,142.42,142.42,142.4,142.4,0
2026-02-18 00:05:00,142.41,142.41,142.41,142.41,0
2026-02-18 00:08:00,142.63,142.8,142.63,142.8,0
2026-02-18 00:09:00,142.8,142.8,142.8,142.8,0
2026-02-18 00:14:00,142.5,142.5,142.5,142.5,0
2026-02-18 00:18:00,142.63,142.63,142.63,142.63,0
2026-02-18 00:25:00,142.43,142.43,142.43,142.43,0
2026-02-18 00:27:00,142.4,142.4,142.4,142.4,0
2026-02-18 00:29:00,142.9,142.9,142.9,142.9,0
2026-02-18 00:37:00,142.8225,142.8225,142.8225,142.8225,0
2026-02-18 00:38:00,142.8,142.8,142.8,142.8,0
2026-02-18 00:41:00,142.9,142.9,142.9,142.9,0
2026-02-18 00:43:00,142.66,142.66,142.66,142.66,0
2026-02-18 00:44:00,142.51,142.51,142.51,142.51,0
2026-02-18 00:45:00,142.46,142.46,142.46,142.46,0
2026-02-18 00:51:00,142.51,142.51,142.51,142.51,0
2026-02-18 00:52:00,142.51,142.51,142.51,142.51,0
2026-02-18 00:53:00,142.4012,142.4012,142.4012,142.4012,0
2026-02-18 00:55:00,142.4125,142.4125,142.4125,142.4125,0
2026-02-18 00:56:00,142.41,142.41,142.41,142.41,0
2026-02-18 00:57:00,142.4,142.4,142.4,142.4,0
2026-02-18 09:00:00,143.7,143.7,143.15,143.15,0
2026-02-18 09:01:00,143.91,143.91,143.91,143.91,0
2026-02-18 09:20:00,143.36,143.36,143.36,143.36,0
2026-02-18 09:26:00,143.36,143.36,143.36,143.36,0
2026-02-18 09:27:00,143.41,143.41,143.41,143.41,0
2026-02-18 09:31:00,143.6,143.6,143.6,143.6,0
2026-02-18 09:35:00,143.6,143.6,143.6,143.6,0
2026-02-18 09:49:00,143.56,143.56,143.56,143.56,0
2026-02-18 09:55:00,143.51,143.51,143.51,143.51,0
2026-02-18 10:00:00,143.48,143.48,143.48,143.48,0
2026-02-18 10:02:00,143.46,143.46,143.46,143.46,0
2026-02-18 10:04:00,143.53,143.53,143.53,143.53,0
2026-02-18 10:07:00,143.53,143.53,143.53,143.53,0
2026-02-18 10:08:00,143.53,143.53,143.53,143.53,0
2026-02-18 10:12:00,143.54,143.54,143.54,143.54,0
2026-02-18 10:13:00,143.56,143.56,143.56,143.56,0
2026-02-18 10:25:00,143.54,143.54,143.54,143.54,0
2026-02-18 10:36:00,143.66,143.66,143.66,143.66,0
2026-02-18 10:46:00,143.55,143.55,143.55,143.55,0
2026-02-18 10:47:00,143.56,143.57,143.56,143.57,0
2026-02-18 10:52:00,143.54,143.54,143.54,143.54,0
2026-02-18 10:59:00,143.55,143.55,143.55,143.55,0
2026-02-18 11:07:00,143.5,143.5,143.5,143.5,0
2026-02-18 11:22:00,143.53,143.53,143.53,143.53,0
2026-02-18 11:23:00,143.53,143.53,143.53,143.53,0
2026-02-18 11:25:00,143.57,143.57,143.57,143.57,0
2026-02-18 11:28:00,143.55,143.59,143.55,143.59,0
2026-02-18 11:32:00,143.51,143.51,143.37,143.39,0
2026-02-18 11:33:00,143.3,143.3,143.3,143.3,0
2026-02-18 11:35:00,143.15,143.15,143.15,143.15,0
2026-02-18 11:42:00,143.3,143.3,143.3,143.3,0
2026-02-18 11:43:00,143.26,143.26,143.26,143.26,0
2026-02-18 11:44:00,143.34,143.34,143.34,143.34,0
2026-02-18 11:52:00,143.34,143.34,143.31,143.31,0
2026-02-18 11:53:00,143.24,143.24,143.24,143.24,0
2026-02-18 12:00:00,143.22,143.22,143.22,143.22,0
2026-02-18 12:08:00,143.61,143.61,143.56,143.56,0
2026-02-18 12:09:00,143.56,143.56,143.56,143.56,0
2026-02-18 12:14:00,143.72,143.8,143.72,143.8,0
2026-02-18 12:18:00,143.67,143.67,143.67,143.67,0
2026-02-18 12:19:00,143.7,143.7,143.7,143.7,0
2026-02-18 12:21:00,143.72,143.72,143.72,143.72,0
2026-02-18 12:22:00,143.7,143.7,143.64,143.64,0
2026-02-18 12:23:00,143.64,143.64,143.64,143.64,0
2026-02-18 12:25:00,143.6,143.71,143.6,143.71,0
2026-02-18 12:30:00,143.55,143.55,143.55,143.55,0
2026-02-18 12:31:00,143.51,143.51,143.45,143.45,0
2026-02-18 12:33:00,143.35,143.35,143.35,143.35,0
2026-02-18 12:34:00,143.35,143.35,143.35,143.35,0
2026-02-18 12:46:00,143.44,143.64,143.44,143.64,0
2026-02-18 12:55:00,143.61,143.61,143.61,143.61,0
2026-02-18 12:56:00,143.47,143.47,143.45,143.45,0
2026-02-18 13:00:00,143.83,143.98,142.94,143.44,0
2026-02-18 13:01:00,143.53,143.53,142.73,142.77,0
2026-02-18 13:02:00,143.64,143.64,143.45,143.45,0
2026-02-18 13:03:00,143.45,143.46,142.73,143.35,0
2026-02-18 13:04:00,143.42,143.51,143.42,143.51,0
2026-02-18 13:06:00,143.58,143.61,143.58,143.61,0
2026-02-18 13:07:00,143.61,143.61,143.61,143.61,0
2026-02-18 13:09:00,143.37,143.61,143.37,143.61,0
2026-02-18 13:13:00,143.61,143.61,143.61,143.61,0
2026-02-18 13:15:00,143.49,143.9,143.49,143.9,0
2026-02-18 13:17:00,143.3,143.3,143.3,143.3,0
2026-02-18 13:18:00,143.3,143.3,143.3,143.3,0
2026-02-18 13:22:00,143.3285,143.33,143.3285,143.33,0
2026-02-18 13:24:00,143.44,143.5,143.44,143.5,0
2026-02-18 13:25:00,143.34,143.34,143.34,143.34,0
2026-02-18 13:29:00,143.9,143.9,143.9,143.9,0
2026-02-18 13:31:00,143.61,143.61,143.6,143.6,0
2026-02-18 13:32:00,143.3,143.3,143.3,143.3,0
2026-02-18 13:35:00,143.3285,143.3285,143.3285,143.3285,0
2026-02-18 13:37:00,143.792,143.792,143.35,143.35,0
2026-02-18 13:39:00,143.37,143.37,143.37,143.37,0
2026-02-18 13:41:00,143.9,143.9,143.52,143.52,0
2026-02-18 13:42:00,143.32,143.32,143.04,143.23,0
2026-02-18 13:43:00,143.04,143.04,143.04,143.04,0
2026-02-18 13:44:00,143.03,143.03,143.03,143.03,0
2026-02-18 13:46:00,142.683,142.683,142.683,142.683,0
2026-02-18 13:49:00,143.97,143.97,143.97,143.97,0
2026-02-18 13:50:00,143.0396,143.04,143.03,143.03,0
2026-02-18 13:55:00,143.27,143.27,143.27,143.27,0
2026-02-18 13:58:00,143.25,143.5,143.25,143.5,0
2026-02-18 13:59:00,143.3,143.3,143.3,143.3,0
2026-02-18 14:00:00,143.5,143.5,143.5,143.5,0
2026-02-18 14:01:00,143.49,143.49,143.49,143.49,0
2026-02-18 14:02:00,143.49,143.49,143.1,143.1,0
2026-02-18 14:03:00,143.2,143.49,143.2,143.49,0
2026-02-18 14:06:00,143.23,143.23,143.23,143.23,0
2026-02-18 14:07:00,143.4,143.4,143.4,143.4,0
2026-02-18 14:09:00,143.08,143.08,143.08,143.08,0
2026-02-18 14:11:00,143.0,143.11,143.0,143.11,0
2026-02-18 14:12:00,143.05,143.17,143.05,143.17,0
2026-02-18 14:13:00,143.05,143.24,143.05,143.24,0
2026-02-18 14:14:00,142.7984,143.25,142.7984,143.21,0
2026-02-18 14:15:00,143.2,143.37,143.2,143.37,0
2026-02-18 14:16:00,143.23,143.23,143.23,143.23,0
2026-02-18 14:18:00,143.48,143.48,143.23,143.23,0
2026-02-18 14:22:00,143.23,143.23,143.23,143.23,0
2026-02-18 14:23:00,143.0744,143.0744,143.0744,143.0744,0
2026-02-18 14:24:00,143.24,143.24,143.0,143.0,0
2026-02-18 14:25:00,143.05,143.05,143.0,143.04,0
2026-02-18 14:26:00,143.12,143.13,142.6,143.04,0
2026-02-18 14:27:00,143.0,143.0,143.0,143.0,0
2026-02-18 14:28:00,143.4,143.49,143.3,143.46,0
2026-02-18 14:29:00,143.46,143.8,143.37,143.61,0
2026-02-18 14:30:00,143.5,143.5,142.74000549316406,142.80999755859375,92051
2026-02-18 14:31:00,142.72999572753906,143.19500732421875,142.6699981689453,143.19500732421875,19332
2026-02-18 14:32:00,143.19000244140625,143.52000427246094,143.0800018310547,143.2899932861328,17685
2026-02-18 14:33:00,143.3000030517578,143.35000610351562,143.05999755859375,143.25999450683594,13477
2026-02-18 14:34:00,143.08999633789062,143.5800018310547,143.08999633789062,143.47000122070312,13657
2026-02-18 14:35:00,143.47000122070312,143.61500549316406,143.3000030517578,143.32000732421875,20150
2026-02-18 14:36:00,143.3699951171875,143.75,143.22000122070312,143.6699981689453,6579
2026-02-18 14:37:00,143.6699981689453,143.9199981689453,143.58999633789062,143.88999938964844,7881
2026-02-18 14:38:00,143.99000549316406,144.38499450683594,143.97999572753906,144.38499450683594,13741
2026-02-18 14:39:00,144.32000732421875,144.32000732421875,144.1199951171875,144.19500732421875,14950
2026-02-18 14:40:00,144.3000030517578,144.45689392089844,144.16000366210938,144.2050018310547,23160
2026-02-18 14:41:00,144.2050018310547,144.4499969482422,144.2050018310547,144.3300018310547,18069
2026-02-18 14:42:00,144.4499969482422,144.47000122070312,144.11000061035156,144.1300048828125,20219
2026-02-18 14:43:00,144.10000610351562,144.1300048828125,143.82000732421875,144.1300048828125,21253
2026-02-18 14:44:00,144.0,144.14999389648438,143.47000122070312,143.56500244140625,34583
2026-02-18 14:45:00,143.56500244140625,143.8000030517578,143.44000244140625,143.8000030517578,11336
2026-02-18 14:46:00,143.69000244140625,143.80990600585938,143.6649932861328,143.6649932861328,9491
2026-02-18 14:47:00,143.60000610351562,143.63999938964844,143.22000122070312,143.24000549316406,12215
2026-02-18 14:48:00,143.22000122070312,143.2550048828125,142.92999267578125,143.17999267578125,12851
2026-02-18 14:49:00,143.10000610351562,143.25999450683594,143.10000610351562,143.2449951171875,10156
2026-02-18 14:50:00,143.23500061035156,143.2899932861328,142.8000946044922,142.9149932861328,18344
2026-02-18 14:51:00,142.88999938964844,142.97000122070312,142.80499267578125,142.85499572753906,13296
2026-02-18 14:52:00,142.86000061035156,143.05999755859375,142.85000610351562,143.0500030517578,5265
2026-02-18 14:53:00,143.00999450683594,143.1699981689453,142.99000549316406,143.1699981689453,7879
2026-02-18 14:54:00,143.17999267578125,143.44000244140625,143.1699981689453,143.39999389648438,10261
2026-02-18 14:55:00,143.42990112304688,143.61000061035156,143.3000946044922,143.55499267578125,10577
2026-02-18 14:56:00,143.6199951171875,143.6199951171875,143.44000244140625,143.44000244140625,10979
2026-02-18 14:57:00,143.42999267578125,143.44000244140625,143.30999755859375,143.35000610351562,6023
2026-02-18 14:58:00,143.3249969482422,143.4600067138672,143.3249969482422,143.41000366210938,7203
2026-02-18 14:59:00,143.41000366210938,143.42999267578125,143.27000427246094,143.3300018310547,10940
2026-02-18 15:00:00,143.34500122070312,143.4199981689453,143.22000122070312,143.22999572753906,13590
2026-02-18 15:01:00,143.28500366210938,143.72569274902344,143.2429962158203,143.72569274902344,9205
2026-02-18 15:02:00,143.7073974609375,143.75,143.6199951171875,143.69000244140625,9701
2026-02-18 15:03:00,143.75680541992188,143.75680541992188,143.61000061035156,143.63999938964844,12818
2026-02-18 15:04:00,143.60000610351562,143.7100067138672,143.55999755859375,143.6999969482422,11304
2026-02-18 15:05:00,143.7050018310547,143.73500061035156,143.67999267578125,143.72000122070312,14628
2026-02-18 15:06:00,143.72000122070312,143.9600067138672,143.67999267578125,143.82000732421875,15010
2026-02-18 15:07:00,143.8699951171875,143.8699951171875,143.39999389648438,143.41000366210938,17846
2026-02-18 15:08:00,143.36000061035156,143.47000122070312,143.32000732421875,143.3699951171875,11474
2026-02-18 15:09:00,143.3699951171875,143.5050048828125,143.27999877929688,143.27999877929688,20148
2026-02-18 15:10:00,143.3300018310547,143.5800018310547,143.27999877929688,143.5800018310547,11543
2026-02-18 15:11:00,143.60000610351562,143.6300048828125,143.25,143.25,18415
2026-02-18 15:12:00,143.30499267578125,143.36000061035156,143.27999877929688,143.30499267578125,11203
2026-02-18 15:13:00,143.30499267578125,143.30499267578125,143.07000732421875,143.1199951171875,28234
2026-02-18 15:14:00,143.1699981689453,143.33999633789062,143.15499877929688,143.30999755859375,6553
2026-02-18 15:15:00,143.2949981689453,143.39999389648438,143.22999572753906,143.26699829101562,16633
2026-02-18 15:16:00,143.2397003173828,143.3699951171875,143.1699981689453,143.3699951171875,31085
2026-02-18 15:17:00,143.3699951171875,143.4499969482422,143.3000030517578,143.3699951171875,16174
2026-02-18 15:18:00,143.36000061035156,143.4499969482422,143.3300018310547,143.39999389648438,18474
2026-02-18 15:19:00,143.42999267578125,143.4550018310547,143.3000030517578,143.44500732421875,13781
2026-02-18 15:20:00,143.4499969482422,143.5500030517578,143.43460083007812,143.47999572753906,5731
2026-02-18 15:21:00,143.50999450683594,143.75999450683594,143.4600067138672,143.61000061035156,47885
2026-02-18 15:22:00,143.64999389648438,143.85000610351562,143.61000061035156,143.80999755859375,11462
2026-02-18 15:23:00,143.80999755859375,143.8800048828125,143.75,143.77999877929688,6538
2026-02-18 15:24:00,143.83990478515625,143.83990478515625,143.5800018310547,143.5800018310547,6701
2026-02-18 15:25:00,143.60000610351562,143.6199951171875,143.47000122070312,143.52499389648438,10757
2026-02-18 15:26:00,143.47000122070312,143.64999389648438,143.4199981689453,143.6199951171875,24243
2026-02-18 15:27:00,143.6519012451172,143.7899932861328,143.6519012451172,143.7899932861328,4884
2026-02-18 15:28:00,143.77999877929688,143.9600067138672,143.77499389648438,143.8800048828125,10680
2026-02-18 15:29:00,143.9199981689453,144.10000610351562,143.91000366210938,143.97999572753906,13604
2026-02-18 15:30:00,143.9949951171875,144.01499938964844,143.61000061035156,143.81500244140625,15801
2026-02-18 15:31:00,143.75,143.80999755859375,143.72000122070312,143.7949981689453,3720
2026-02-18 15:32:00,143.73300170898438,143.85870361328125,143.6999969482422,143.6999969482422,3815
2026-02-18 15:33:00,143.6999969482422,143.77000427246094,143.67999267578125,143.74000549316406,5326
2026-02-18 15:34:00,143.78500366210938,143.8699951171875,143.72999572753906,143.77000427246094,8363
2026-02-18 15:35:00,143.74000549316406,143.8699951171875,143.74000549316406,143.86000061035156,4008
2026-02-18 15:36:00,143.81500244140625,143.8699951171875,143.8000030517578,143.8699951171875,4162
2026-02-18 15:37:00,143.84500122070312,143.8800048828125,143.6999969482422,143.85000610351562,11129
2026-02-18 15:38:00,143.86000061035156,144.02999877929688,143.86000061035156,144.02000427246094,8654
2026-02-18 15:39:00,143.97999572753906,144.0500030517578,143.85000610351562,144.02000427246094,20749
2026-02-18 15:40:00,144.02000427246094,144.17999267578125,143.9600067138672,144.11000061035156,21363
2026-02-18 15:41:00,144.0500030517578,144.10000610351562,143.89999389648438,143.99000549316406,22946
2026-02-18 15:42:00,144.0,144.0399932861328,143.75,143.7949981689453,10066
2026-02-18 15:43:00,143.82000732421875,143.8350067138672,143.58999633789062,143.7449951171875,11329
2026-02-18 15:44:00,143.82000732421875,143.8699951171875,143.77999877929688,143.86500549316406,6395
2026-02-18 15:45:00,143.86000061035156,144.02000427246094,143.86000061035156,144.02000427246094,9814
2026-02-18 15:46:00,143.99000549316406,144.1199951171875,143.97000122070312,144.10000610351562,5262
2026-02-18 15:47:00,144.08999633789062,144.1199951171875,144.0,144.1199951171875,19829
2026-02-18 15:48:00,144.1199951171875,144.14999389648438,144.0500030517578,144.0500030517578,9629
2026-02-18 15:49:00,144.07000732421875,144.07000732421875,143.89999389648438,143.94000244140625,11516
2026-02-18 15:50:00,143.94000244140625,143.97000122070312,143.8000030517578,143.8249969482422,14573
2026-02-18 15:51:00,143.82040405273438,143.9600067138672,143.80499267578125,143.94000244140625,10070
2026-02-18 15:52:00,143.9199981689453,143.9499969482422,143.8000030517578,143.81500244140625,13029
2026-02-18 15:53:00,143.77999877929688,144.02000427246094,143.77999877929688,143.97500610351562,7923
2026-02-18 15:54:00,143.94000244140625,143.94500732421875,143.88999938964844,143.88999938964844,4127
2026-02-18 15:55:00,143.88999938964844,144.08999633789062,143.88999938964844,144.05999755859375,10219
2026-02-18 15:56:00,144.05999755859375,144.05999755859375,143.90420532226562,143.90420532226562,9664
2026-02-18 15:57:00,143.94000244140625,143.9600067138672,143.89999389648438,143.9600067138672,4082
2026-02-18 15:58:00,144.00450134277344,144.00450134277344,143.9542999267578,143.9542999267578,2777
2026-02-18 15:59:00,144.00999450683594,144.02499389648438,143.96499633789062,144.0,12129
2026-02-18 16:00:00,144.0500030517578,144.05999755859375,143.99000549316406,144.05999755859375,7915
2026-02-18 16:01:00,144.05250549316406,144.10000610351562,144.02000427246094,144.02000427246094,12810
2026-02-18 16:02:00,144.0449981689453,144.0449981689453,143.86000061035156,143.92999267578125,8373
2026-02-18 16:03:00,143.91000366210938,144.0,143.90750122070312,143.98500061035156,6727
2026-02-18 16:04:00,143.98500061035156,144.0,143.83009338378906,143.92999267578125,29045
2026-02-18 16:05:00,144.0500030517578,144.0500030517578,143.97000122070312,143.97000122070312,4612
2026-02-18 16:06:00,144.0050048828125,144.02999877929688,143.97999572753906,144.0050048828125,13437
2026-02-18 16:07:00,144.00999450683594,144.05999755859375,143.97999572753906,144.03500366210938,4589
2026-02-18 16:08:00,144.03500366210938,144.03500366210938,143.88999938964844,143.89999389648438,7252
2026-02-18 16:09:00,143.91000366210938,143.91000366210938,143.8000030517578,143.82000732421875,7379
2026-02-18 16:10:00,143.8249969482422,144.08999633789062,143.80999755859375,144.01300048828125,20253
2026-02-18 16:11:00,144.08999633789062,144.2050018310547,144.05999755859375,144.07009887695312,11062
2026-02-18 16:12:00,144.11000061035156,144.1999969482422,144.08999633789062,144.1999969482422,7299
2026-02-18 16:13:00,144.16000366210938,144.1999969482422,144.1199951171875,144.12010192871094,10100
2026-02-18 16:14:00,144.1649932861328,144.1999969482422,144.11000061035156,144.14109802246094,5478
2026-02-18 16:15:00,144.1199951171875,144.1999969482422,144.1199951171875,144.1699981689453,7967
2026-02-18 16:16:00,144.1999969482422,144.25999450683594,144.14999389648438,144.2550048828125,5801
2026-02-18 16:17:00,144.2200927734375,144.27999877929688,144.16000366210938,144.19500732421875,16817
2026-02-18 16:18:00,144.2093048095703,144.22999572753906,144.16000366210938,144.16000366210938,4159
2026-02-18 16:19:00,144.1501007080078,144.2100067138672,144.1300048828125,144.2100067138672,6036
2026-02-18 16:20:00,144.2100067138672,144.2198944091797,144.1300048828125,144.1999969482422,6902
2026-02-18 16:21:00,144.2100067138672,144.3000030517578,144.1300048828125,144.27000427246094,7825
2026-02-18 16:22:00,144.22999572753906,144.3000030517578,144.1699981689453,144.3000030517578,4394
2026-02-18 16:23:00,144.32000732421875,144.44000244140625,144.32000732421875,144.36000061035156,10486
2026-02-18 16:24:00,144.35000610351562,144.36000061035156,144.3000030517578,144.32000732421875,7981
2026-02-18 16:25:00,144.35000610351562,144.35000610351562,144.19000244140625,144.21499633789062,11810
2026-02-18 16:26:00,144.1699981689453,144.32000732421875,144.1699981689453,144.26499938964844,5972
2026-02-18 16:27:00,144.3000030517578,144.30999755859375,144.22000122070312,144.22000122070312,5170
2026-02-18 16:28:00,144.25,144.35000610351562,144.25,144.3000030517578,5610
2026-02-18 16:29:00,144.31500244140625,144.31500244140625,144.02499389648438,144.0449981689453,14212
2026-02-18 16:30:00,144.0800018310547,144.08999633789062,143.9499969482422,144.00999450683594,9614
2026-02-18 16:31:00,144.0,144.1199951171875,144.0,144.05499267578125,6393
2026-02-18 16:32:00,144.0,144.08999633789062,144.0,144.08999633789062,5453
2026-02-18 16:33:00,144.08999633789062,144.19000244140625,144.08999633789062,144.19000244140625,7491
2026-02-18 16:34:00,144.11000061035156,144.11000061035156,143.9600067138672,143.9600067138672,6167
2026-02-18 16:35:00,143.9600067138672,143.9600067138672,143.80999755859375,143.83999633789062,11407
2026-02-18 16:36:00,143.80999755859375,143.89999389648438,143.77000427246094,143.86000061035156,7959
2026-02-18 16:37:00,143.88999938964844,143.88999938964844,143.77499389648438,143.77999877929688,6117
2026-02-18 16:38:00,143.75999450683594,143.86000061035156,143.7550048828125,143.86000061035156,7501
2026-02-18 16:39:00,143.83999633789062,143.83999633789062,143.74000549316406,143.7449951171875,6537
2026-02-18 16:40:00,143.75,143.83999633789062,143.72000122070312,143.81080627441406,6720
2026-02-18 16:41:00,143.86000061035156,144.03500366210938,143.86000061035156,144.02999877929688,6752
2026-02-18 16:42:00,144.02999877929688,144.08999633789062,143.9600067138672,144.0500030517578,7318
2026-02-18 16:43:00,144.0050048828125,144.0050048828125,143.8000030517578,143.84500122070312,20313
2026-02-18 16:44:00,143.85499572753906,143.8699951171875,143.77999877929688,143.8300018310547,8212
2026-02-18 16:45:00,143.8300018310547,143.86109924316406,143.82000732421875,143.82000732421875,11059
2026-02-18 16:46:00,143.85000610351562,143.875,143.82000732421875,143.85499572753906,5684
2026-02-18 16:47:00,143.8249969482422,143.83999633789062,143.7899932861328,143.7949981689453,3401
2026-02-18 16:48:00,143.80499267578125,143.88499450683594,143.7899932861328,143.8800048828125,7495
2026-02-18 16:49:00,143.88499450683594,143.91000366210938,143.8300018310547,143.85000610351562,13729
2026-02-18 16:50:00,143.7899932861328,143.79849243164062,143.75,143.75,2839
2026-02-18 16:51:00,143.76499938964844,143.77999877929688,143.72999572753906,143.76499938964844,4886
2026-02-18 16:52:00,143.78500366210938,143.85000610351562,143.74000549316406,143.77999877929688,4414
2026-02-18 16:53:00,143.75999450683594,143.85000610351562,143.74000549316406,143.7899932861328,5523
2026-02-18 16:54:00,143.78500366210938,143.8000030517578,143.6999969482422,143.7899932861328,6849
2026-02-18 16:55:00,143.7899932861328,143.82000732421875,143.74000549316406,143.82000732421875,7014
2026-02-18 16:56:00,143.81500244140625,143.8800048828125,143.7899932861328,143.8800048828125,5826
2026-02-18 16:57:00,143.86000061035156,143.8699951171875,143.7301025390625,143.75,4825
2026-02-18 16:58:00,143.75,143.83999633789062,143.72999572753906,143.83999633789062,5304
2026-02-18 16:59:00,143.85499572753906,143.8800048828125,143.77000427246094,143.77000427246094,10944
2026-02-18 17:00:00,143.77499389648438,143.7899932861328,143.72999572753906,143.77999877929688,3799
2026-02-18 17:01:00,143.8300018310547,143.8800048828125,143.8300018310547,143.8800048828125,3523
2026-02-18 17:02:00,143.88999938964844,143.88999938964844,143.81500244140625,143.83999633789062,12666
2026-02-18 17:03:00,143.8000030517578,143.86000061035156,143.7899932861328,143.80999755859375,5595
2026-02-18 17:04:00,143.86000061035156,144.00999450683594,143.84500122070312,144.00999450683594,6541
2026-02-18 17:05:00,144.00999450683594,144.08999633789062,143.97999572753906,144.05999755859375,9333
2026-02-18 17:06:00,144.05999755859375,144.11000061035156,144.05999755859375,144.0749969482422,6102
2026-02-18 17:07:00,144.0850067138672,144.17999267578125,144.0850067138672,144.1699981689453,3141
2026-02-18 17:08:00,144.14500427246094,144.1699981689453,144.0800018310547,144.110107421875,12961
2026-02-18 17:09:00,144.08999633789062,144.14999389648438,144.0500030517578,144.1300048828125,9249
2026-02-18 17:10:00,144.16000366210938,144.19000244140625,144.13999938964844,144.14999389648438,7015
2026-02-18 17:11:00,144.1750030517578,144.1750030517578,144.04559326171875,144.0749969482422,7351
2026-02-18 17:12:00,144.02999877929688,144.0399932861328,143.8699951171875,143.8699951171875,10841
2026-02-18 17:13:00,143.92999267578125,144.02999877929688,143.9199981689453,143.9949951171875,6981
2026-02-18 17:14:00,143.9949951171875,144.02999877929688,143.97000122070312,144.0,8285
2026-02-18 17:15:00,144.02000427246094,144.02999877929688,143.99000549316406,143.99000549316406,4805
2026-02-18 17:16:00,144.00999450683594,144.02999877929688,143.9600067138672,143.9600067138672,7647
2026-02-18 17:17:00,144.02000427246094,144.07000732421875,143.97000122070312,144.0500030517578,6027
2026-02-18 17:18:00,144.0500030517578,144.05499267578125,143.97999572753906,143.98500061035156,5730
2026-02-18 17:19:00,144.0,144.0,143.9499969482422,143.9499969482422,4659
2026-02-18 17:20:00,143.94000244140625,143.9600067138672,143.85000610351562,143.89999389648438,9310
2026-02-18 17:21:00,143.89999389648438,143.9199981689453,143.8809051513672,143.9199981689453,3651
2026-02-18 17:22:00,143.8800048828125,143.8800048828125,143.8300018310547,143.8300018310547,6493
2026-02-18 17:23:00,143.85000610351562,143.86500549316406,143.82000732421875,143.85499572753906,5075
2026-02-18 17:24:00,143.86000061035156,144.02999877929688,143.85000610351562,143.875,14224
2026-02-18 17:25:00,143.8699951171875,143.89999389648438,143.83999633789062,143.8675994873047,9173
2026-02-18 17:26:00,143.8300018310547,143.8300018310547,143.7449951171875,143.75999450683594,5319
2026-02-18 17:27:00,143.75999450683594,143.8300018310547,143.75999450683594,143.8000030517578,6433
2026-02-18 17:28:00,143.8000030517578,143.8300018310547,143.72999572753906,143.72999572753906,10057
2026-02-18 17:29:00,143.72999572753906,143.74000549316406,143.6699981689453,143.69000244140625,17428
2026-02-18 17:30:00,143.6750030517578,143.74000549316406,143.61000061035156,143.6199951171875,8847
2026-02-18 17:31:00,143.60000610351562,143.60000610351562,143.57000732421875,143.5800018310547,4188
2026-02-18 17:32:00,143.60000610351562,143.61000061035156,143.49000549316406,143.49000549316406,8835
2026-02-18 17:33:00,143.51499938964844,143.51499938964844,143.37179565429688,143.37319946289062,2563
2026-02-18 17:34:00,143.38999938964844,143.4199981689453,143.30499267578125,143.30999755859375,10930
2026-02-18 17:35:00,143.3300018310547,143.36000061035156,143.27999877929688,143.27999877929688,4588
2026-02-18 17:36:00,143.3000030517578,143.30999755859375,143.22000122070312,143.2700958251953,7812
2026-02-18 17:37:00,143.3300018310547,143.3800048828125,143.27000427246094,143.27000427246094,5455
2026-02-18 17:38:00,143.27499389648438,143.30999755859375,143.17999267578125,143.19000244140625,8973
2026-02-18 17:39:00,143.17999267578125,143.26300048828125,143.17999267578125,143.2100067138672,6076
2026-02-18 17:40:00,143.25999450683594,143.25999450683594,143.2100067138672,143.21499633789062,4099
2026-02-18 17:41:00,143.22000122070312,143.25,143.2100067138672,143.2100067138672,5793
2026-02-18 17:42:00,143.25999450683594,143.33999633789062,143.22000122070312,143.33999633789062,16875
2026-02-18 17:43:00,143.3350067138672,143.4600067138672,143.3350067138672,143.45010375976562,7612
2026-02-18 17:44:00,143.4499969482422,143.57000732421875,143.44500732421875,143.5399932861328,13704
2026-02-18 17:45:00,143.55999755859375,143.66000366210938,143.52999877929688,143.6199951171875,9135
2026-02-18 17:46:00,143.63999938964844,143.69000244140625,143.58999633789062,143.6699981689453,6007
2026-02-18 17:47:00,143.67999267578125,143.67999267578125,143.64999389648438,143.66000366210938,6096
2026-02-18 17:48:00,143.66000366210938,143.66000366210938,143.5800018310547,143.5850067138672,5664
2026-02-18 17:49:00,143.5800018310547,143.60499572753906,143.5399932861328,143.60499572753906,4850
2026-02-18 17:50:00,143.60000610351562,143.67999267578125,143.60000610351562,143.66000366210938,11450
2026-02-18 17:51:00,143.6300048828125,143.6699981689453,143.6300048828125,143.6300048828125,4100
2026-02-18 17:52:00,143.64999389648438,143.75999450683594,143.60000610351562,143.75,7977
2026-02-18 17:53:00,143.77000427246094,143.8000030517578,143.74000549316406,143.77999877929688,10504
2026-02-18 17:54:00,143.75999450683594,143.8000030517578,143.75,143.75,14321
2026-02-18 17:55:00,143.77000427246094,143.7899932861328,143.74000549316406,143.7550048828125,4489
2026-02-18 17:56:00,143.77000427246094,143.86000061035156,143.7550048828125,143.83999633789062,21261
2026-02-18 17:57:00,143.85000610351562,143.91000366210938,143.80999755859375,143.86000061035156,3937
2026-02-18 17:58:00,143.86819458007812,143.86819458007812,143.78500366210938,143.7899932861328,9131
2026-02-18 17:59:00,143.77999877929688,143.77999877929688,143.6699981689453,143.6999969482422,11808
2026-02-18 18:00:00,143.6999969482422,143.82000732421875,143.6999969482422,143.80999755859375,12620
2026-02-18 18:01:00,143.8249969482422,143.91000366210938,143.80999755859375,143.89999389648438,4591
2026-02-18 18:02:00,143.88999938964844,144.00999450683594,143.87100219726562,144.0,5675
2026-02-18 18:03:00,144.0,144.02999877929688,143.9550018310547,143.98500061035156,10526
2026-02-18 18:04:00,143.98500061035156,144.02000427246094,143.9600067138672,143.97000122070312,10324
2026-02-18 18:05:00,143.9595947265625,143.9595947265625,143.89999389648438,143.94000244140625,10404
2026-02-18 18:06:00,143.91000366210938,143.9499969482422,143.83999633789062,143.9149932861328,11360
2026-02-18 18:07:00,143.89999389648438,143.89999389648438,143.8300018310547,143.86500549316406,2098
2026-02-18 18:08:00,143.8699951171875,143.94000244140625,143.85499572753906,143.90499877929688,12470
2026-02-18 18:09:00,143.8800048828125,143.89999389648438,143.72000122070312,143.72000122070312,14208
2026-02-18 18:10:00,143.7449951171875,143.85000610351562,143.74000549316406,143.85000610351562,7433
2026-02-18 18:11:00,143.85000610351562,143.91000366210938,143.85000610351562,143.89999389648438,11849
2026-02-18 18:12:00,143.88999938964844,143.9250030517578,143.85000610351562,143.9250030517578,2523
2026-02-18 18:13:00,143.9250030517578,144.0,143.9250030517578,143.93099975585938,7767
2026-02-18 18:14:00,143.94000244140625,144.0399932861328,143.88999938964844,144.0399932861328,19819
2026-02-18 18:15:00,144.03500366210938,144.05999755859375,144.0,144.00999450683594,19523
2026-02-18 18:16:00,144.02999877929688,144.02999877929688,143.99000549316406,144.00999450683594,4081
2026-02-18 18:17:00,143.99000549316406,143.99000549316406,143.88999938964844,143.93499755859375,9989
2026-02-18 18:18:00,143.9600067138672,143.9600067138672,143.9199981689453,143.94000244140625,7377
2026-02-18 18:19:00,143.94000244140625,143.9600067138672,143.8699951171875,143.9199981689453,9476
2026-02-18 18:20:00,143.9250030517578,143.94000244140625,143.8699951171875,143.90499877929688,5730
2026-02-18 18:21:00,143.9199981689453,143.92999267578125,143.8000030517578,143.8249969482422,14496
2026-02-18 18:22:00,143.83009338378906,143.875,143.7899932861328,143.875,5981
2026-02-18 18:23:00,143.88999938964844,143.9199981689453,143.8300018310547,143.85000610351562,7354
2026-02-18 18:24:00,143.83999633789062,143.85000610351562,143.72000122070312,143.72500610351562,27001
2026-02-18 18:25:00,143.72500610351562,143.8300018310547,143.72500610351562,143.8300018310547,5224
2026-02-18 18:26:00,143.85000610351562,143.87989807128906,143.72000122070312,143.72000122070312,11773
2026-02-18 18:27:00,143.7346954345703,143.76499938964844,143.6699981689453,143.73500061035156,10098
2026-02-18 18:28:00,143.74000549316406,143.75,143.7100067138672,143.74000549316406,5724
2026-02-18 18:29:00,143.73500061035156,143.7899932861328,143.72999572753906,143.75999450683594,2212
2026-02-18 18:30:00,143.77999877929688,143.92999267578125,143.75,143.88999938964844,6753
2026-02-18 18:31:00,143.89999389648438,143.92999267578125,143.8699951171875,143.88999938964844,3123
2026-02-18 18:32:00,143.88929748535156,143.9499969482422,143.88929748535156,143.9499969482422,9205
2026-02-18 18:33:00,143.94000244140625,143.9550018310547,143.8800048828125,143.8800048828125,3635
2026-02-18 18:34:00,143.8699951171875,143.91000366210938,143.8699951171875,143.91000366210938,2668
2026-02-18 18:35:00,143.9199981689453,143.9199981689453,143.8000030517578,143.86000061035156,6160
2026-02-18 18:36:00,143.8800048828125,143.97999572753906,143.85000610351562,143.97999572753906,8048
2026-02-18 18:37:00,143.96499633789062,143.99000549316406,143.94000244140625,143.97999572753906,6580
2026-02-18 18:38:00,144.0,144.0,143.8699951171875,143.88999938964844,12103
2026-02-18 18:39:00,143.9199981689453,143.9499969482422,143.9199981689453,143.9499969482422,3077
2026-02-18 18:40:00,143.94000244140625,143.9499969482422,143.8800048828125,143.91000366210938,9001
2026-02-18 18:41:00,143.88999938964844,143.88999938964844,143.8350067138672,143.86500549316406,4306
2026-02-18 18:42:00,143.85499572753906,143.85499572753906,143.69000244140625,143.72500610351562,8583
2026-02-18 18:43:00,143.75999450683594,143.77999877929688,143.6649932861328,143.7100067138672,7839
2026-02-18 18:44:00,143.7301025390625,143.75999450683594,143.66600036621094,143.7100067138672,6459
2026-02-18 18:45:00,143.69500732421875,143.77000427246094,143.67999267578125,143.76499938964844,3780
2026-02-18 18:46:00,143.75,143.85000610351562,143.72500610351562,143.80499267578125,5845
2026-02-18 18:47:00,143.77999877929688,143.8699951171875,143.77999877929688,143.8699951171875,10918
2026-02-18 18:48:00,143.86500549316406,143.89999389648438,143.8300018310547,143.86000061035156,6392
2026-02-18 18:49:00,143.86500549316406,143.88999938964844,143.77000427246094,143.81500244140625,5960
2026-02-18 18:50:00,143.8249969482422,143.86000061035156,143.76730346679688,143.77499389648438,4598
2026-02-18 18:51:00,143.7550048828125,143.75999450683594,143.67999267578125,143.67999267578125,4361
2026-02-18 18:52:00,143.66000366210938,143.6999969482422,143.59500122070312,143.625,11752
2026-02-18 18:53:00,143.5800018310547,143.67999267578125,143.49000549316406,143.67999267578125,7684
2026-02-18 18:54:00,143.6999969482422,143.82000732421875,143.6999969482422,143.7899932861328,7301
2026-02-18 18:55:00,143.72999572753906,143.82000732421875,143.7100067138672,143.77999877929688,7785
2026-02-18 18:56:00,143.77999877929688,143.77999877929688,143.72000122070312,143.7550048828125,5979
2026-02-18 18:57:00,143.74009704589844,143.77999877929688,143.7100067138672,143.74000549316406,5579
2026-02-18 18:58:00,143.72999572753906,143.72999572753906,143.66000366210938,143.69000244140625,9963
2026-02-18 18:59:00,143.72000122070312,143.77000427246094,143.66000366210938,143.69500732421875,4583
2026-02-18 19:00:00,143.64999389648438,143.77000427246094,143.61000061035156,143.77000427246094,6708
2026-02-18 19:01:00,143.71499633789062,143.7899932861328,143.7100067138672,143.74000549316406,9681
2026-02-18 19:02:00,143.7899932861328,143.7899932861328,143.57000732421875,143.61000061035156,11243
2026-02-18 19:03:00,143.61000061035156,143.63999938964844,143.5850067138672,143.63999938964844,4354
2026-02-18 19:04:00,143.6199951171875,143.6699981689453,143.58999633789062,143.66000366210938,5449
2026-02-18 19:05:00,143.65499877929688,143.66000366210938,143.5800018310547,143.5800018310547,8749
2026-02-18 19:06:00,143.59500122070312,143.6699981689453,143.5800018310547,143.6300048828125,4343
2026-02-18 19:07:00,143.625,143.63999938964844,143.55999755859375,143.55999755859375,12203
2026-02-18 19:08:00,143.5800018310547,143.61500549316406,143.5399932861328,143.60000610351562,3780
2026-02-18 19:09:00,143.55679321289062,143.57000732421875,143.47999572753906,143.48500061035156,5111
2026-02-18 19:10:00,143.48500061035156,143.60000610351562,143.48500061035156,143.60000610351562,5019
2026-02-18 19:11:00,143.60000610351562,143.69000244140625,143.59500122070312,143.69000244140625,2464
2026-02-18 19:12:00,143.6199951171875,143.64999389648438,143.61000061035156,143.6125030517578,11429
2026-02-18 19:13:00,143.60499572753906,143.60499572753906,143.52000427246094,143.5500030517578,6321
2026-02-18 19:14:00,143.5449981689453,143.60000610351562,143.50999450683594,143.52499389648438,5949
2026-02-18 19:15:00,143.5229034423828,143.5500030517578,143.49000549316406,143.49000549316406,6534
2026-02-18 19:16:00,143.50999450683594,143.55999755859375,143.47999572753906,143.47999572753906,5147
2026-02-18 19:17:00,143.4600067138672,143.47999572753906,143.4499969482422,143.4499969482422,7147
2026-02-18 19:18:00,143.4499969482422,143.47000122070312,143.42039489746094,143.44500732421875,6429
2026-02-18 19:19:00,143.47000122070312,143.47000122070312,143.4199981689453,143.44000244140625,6310
2026-02-18 19:20:00,143.44500732421875,143.5500030517578,143.44000244140625,143.44000244140625,16475
2026-02-18 19:21:00,143.44500732421875,143.5500030517578,143.44500732421875,143.5399932861328,4706
2026-02-18 19:22:00,143.50999450683594,143.67999267578125,143.50999450683594,143.55999755859375,8271
2026-02-18 19:23:00,143.5800018310547,143.6300048828125,143.5800018310547,143.6300048828125,3309
2026-02-18 19:24:00,143.64010620117188,143.67100524902344,143.6199951171875,143.6199951171875,7633
2026-02-18 19:25:00,143.65499877929688,143.75,143.65499877929688,143.75,6084
2026-02-18 19:26:00,143.75,143.7899932861328,143.7301025390625,143.77000427246094,8936
2026-02-18 19:27:00,143.77000427246094,143.77000427246094,143.57000732421875,143.68499755859375,13034
2026-02-18 19:28:00,143.66000366210938,143.7550048828125,143.65499877929688,143.7550048828125,7239
2026-02-18 19:29:00,143.75999450683594,143.77999877929688,143.69500732421875,143.69500732421875,6470
2026-02-18 19:30:00,143.72000122070312,143.74000549316406,143.6199951171875,143.63999938964844,7918
2026-02-18 19:31:00,143.63999938964844,143.63999938964844,143.41000366210938,143.49000549316406,14790
2026-02-18 19:32:00,143.42999267578125,143.49000549316406,143.3300018310547,143.33999633789062,10437
2026-02-18 19:33:00,143.34500122070312,143.4199981689453,143.34500122070312,143.375,6968
2026-02-18 19:34:00,143.33999633789062,143.36000061035156,143.32000732421875,143.32000732421875,4873
2026-02-18 19:35:00,143.30999755859375,143.33999633789062,143.27000427246094,143.28500366210938,10475
2026-02-18 19:36:00,143.2624053955078,143.2624053955078,143.0800018310547,143.22000122070312,7375
2026-02-18 19:37:00,143.19000244140625,143.24000549316406,143.10499572753906,143.10499572753906,18586
2026-02-18 19:38:00,143.0919952392578,143.13999938964844,143.03500366210938,143.08999633789062,13778
2026-02-18 19:39:59,143.16000366210938,143.16000366210938,143.16000366210938,143.16000366210938,0
2026-02-25 00:54:00,144.72,144.72,144.72,144.72,0
2026-02-25 00:55:00,144.95,145.0,144.95,145.0,0
2026-02-25 00:57:00,145.0,145.0,145.0,145.0,0
2026-02-25 00:59:00,144.98,144.99,144.78,144.78,0
2026-02-25 09:00:00,145.29,145.29,145.29,145.29,0
2026-02-25 09:01:00,145.25,145.25,145.25,145.25,0
2026-02-25 09:10:00,145.25,145.25,145.25,145.25,0
2026-02-25 09:26:00,145.17,145.17,145.17,145.17,0
2026-02-25 09:32:00,145.21,145.21,145.21,145.21,0
2026-02-25 09:43:00,145.23,145.23,145.23,145.23,0
2026-02-25 09:46:00,145.24,145.26,145.24,145.26,0
2026-02-25 09:48:00,145.21,145.21,145.21,145.21,0
2026-02-25 10:08:00,145.21,145.21,145.21,145.21,0
2026-02-25 10:26:00,145.31,145.32,145.31,145.32,0
2026-02-25 10:34:00,145.15,145.15,145.12,145.12,0
2026-02-25 10:37:00,145.22,145.23,145.19,145.2,0
2026-02-25 10:42:00,145.28,145.28,145.28,145.28,0
2026-02-25 10:45:00,145.2,145.2,145.2,145.2,0
2026-02-25 10:53:00,145.08,145.08,145.08,145.08,0
2026-02-25 11:09:00,145.16,145.19,145.16,145.19,0
2026-02-25 11:17:00,145.16,145.16,145.16,145.16,0
2026-02-25 11:18:00,145.16,145.16,145.16,145.16,0
2026-02-25 11:30:00,145.2,145.2,145.2,145.2,0
2026-02-25 11:38:00,145.21,145.21,145.21,145.21,0
2026-02-25 11:49:00,145.26,145.26,145.21,145.21,0
2026-02-25 12:00:00,145.36,145.36,145.36,145.36,0
2026-02-25 12:12:00,145.32,145.32,145.32,145.32,0
2026-02-25 12:21:00,145.39,145.41,145.39,145.41,0
2026-02-25 12:22:00,145.22,145.22,145.22,145.22,0
2026-02-25 12:24:00,145.36,145.36,145.36,145.36,0
2026-02-25 12:29:00,145.36,145.36,145.36,145.36,0
2026-02-25 12:45:00,145.45,145.45,145.41,145.41,0
2026-02-25 12:46:00,145.5,145.5,145.5,145.5,0
2026-02-25 12:48:00,145.5,145.5,145.5,145.5,0
2026-02-25 12:51:00,145.58,145.59,145.58,145.59,0
2026-02-25 12:53:00,145.52,145.52,145.5,145.5,0
2026-02-25 12:55:00,145.56,145.63,145.56,145.63,0
2026-02-25 13:00:00,145.48,146.2988,144.78,145.1586,0
2026-02-25 13:01:00,145.26,145.47,145.04,145.16,0
2026-02-25 13:02:00,145.38,145.38,145.38,145.38,0
2026-02-25 13:03:00,145.37,145.37,145.14,145.18,0
2026-02-25 13:04:00,145.24,145.36,145.16,145.36,0
2026-02-25 13:06:00,145.36,145.5,145.36,145.5,0
2026-02-25 13:07:00,145.5,145.5,145.31,145.31,0
2026-02-25 13:09:00,145.5,145.65,145.5,145.65,0
2026-02-25 13:10:00,145.65,145.65,145.65,145.65,0
2026-02-25 13:11:00,145.65,145.65,145.5,145.5,0
2026-02-25 13:12:00,145.37,145.37,145.37,145.37,0
2026-02-25 13:13:00,145.33,145.33,145.33,145.33,0
2026-02-25 13:14:00,145.43,145.5,145.43,145.5,0
2026-02-25 13:15:00,145.5,145.5,145.5,145.5,0
2026-02-25 13:16:00,145.5,145.5,145.5,145.5,0
2026-02-25 13:19:00,145.36,145.36,145.36,145.36,0
2026-02-25 13:20:00,145.33,145.33,145.33,145.33,0
2026-02-25 13:21:00,145.33,145.33,145.33,145.33,0
2026-02-25 13:24:00,145.46,145.46,145.46,145.46,0
2026-02-25 13:28:00,145.26,145.26,145.26,145.26,0
2026-02-25 13:29:00,145.46,145.46,145.2703,145.2703,0
2026-02-25 13:30:00,145.64,145.64,145.64,145.64,0
2026-02-25 13:31:00,145.27,145.27,145.27,145.27,0
2026-02-25 13:32:00,145.26,145.26,145.26,145.26,0
2026-02-25 13:33:00,145.5116,145.5116,145.5116,145.5116,0
2026-02-25 13:34:00,145.38,145.38,145.38,145.38,0
2026-02-25 13:35:00,145.38,145.38,145.38,145.38,0
2026-02-25 13:36:00,145.32,145.32,145.32,145.32,0
2026-02-25 13:38:00,145.2592,145.6,145.2592,145.6,0
2026-02-25 13:42:00,145.53,145.53,145.53,145.53,0
2026-02-25 13:43:00,145.53,145.53,145.53,145.53,0
2026-02-25 13:44:00,145.5,145.6,145.5,145.6,0
2026-02-25 13:46:00,145.3073,145.3073,145.3073,145.3073,0
2026-02-25 13:47:00,145.52,145.52,145.52,145.52,0
2026-02-25 13:48:00,145.52,145.52,145.43,145.43,0
2026-02-25 13:49:00,145.5,145.5,145.5,145.5,0
2026-02-25 13:51:00,145.31,145.5616,145.31,145.5616,0
2026-02-25 13:57:00,145.25,145.5571,145.25,145.5571,0
2026-02-25 14:02:00,145.59,145.59,145.58,145.58,0
2026-02-25 14:03:00,145.2585,145.2585,145.2585,145.2585,0
2026-02-25 14:04:00,145.5,145.5,145.5,145.5,0
2026-02-25 14:05:00,145.5728,145.5728,145.52,145.52,0
2026-02-25 14:06:00,145.5,145.5,145.25,145.25,0
2026-02-25 14:08:00,145.52,145.52,145.52,145.52,0
2026-02-25 14:10:00,145.65,145.65,145.65,145.65,0
2026-02-25 14:14:00,145.95,145.95,145.69,145.69,0
2026-02-25 14:16:00,145.5,145.5,145.5,145.5,0
2026-02-25 14:17:00,145.6,145.9,145.6,145.9,0
2026-02-25 14:18:00,145.6,145.6,145.59,145.59,0
2026-02-25 14:20:00,145.5,145.9,145.5,145.5,0
2026-02-25 14:21:00,145.52,145.56,145.52,145.56,0
2026-02-25 14:22:00,145.56,145.56,145.53,145.53,0
2026-02-25 14:25:00,145.53,145.53,145.53,145.53,0
2026-02-25 14:26:00,145.52,145.53,145.3,145.53,0
2026-02-25 14:27:00,145.25,146.0,145.09,146.0,0
2026-02-25 14:28:00,145.0,146.0,145.0,146.0,0
2026-02-25 14:29:00,145.87,145.87,145.87,145.87,0
2026-02-25 14:30:00,145.600006103516,145.690002441406,145.100006103516,145.149993896484,143580
2026-02-25 14:31:00,145.039993286133,145.387496948242,144.820007324219,145.0,7534
2026-02-25 14:32:00,144.914001464844,145.600006103516,144.820007324219,145.399993896484,60204
2026-02-25 14:33:00,145.399993896484,145.520004272461,144.860000610352,145.009994506836,0
2026-02-25 14:34:00,145.050003051758,145.119995117188,144.669998168945,144.929992675781,24103
2026-02-25 14:35:00,144.884994506836,145.320007324219,144.854995727539,145.240005493164,13476
2026-02-25 14:36:00,145.240005493164,145.350006103516,144.889999389648,144.994995117188,13986
2026-02-25 14:37:00,145.0,145.320007324219,144.98649597168,145.184997558594,12488
2026-02-25 14:38:00,145.184997558594,145.509994506836,145.139999389648,145.445007324219,17693
2026-02-25 14:39:00,145.445007324219,145.570007324219,145.320007324219,145.550003051758,16550
2026-02-25 14:40:00,145.569198608398,145.569198608398,145.350006103516,145.445007324219,12414
2026-02-25 14:41:00,145.445007324219,145.460006713867,145.139999389648,145.264999389648,22026
2026-02-25 14:42:00,145.279998779297,145.490005493164,145.254302978516,145.395004272461,8694
2026-02-25 14:43:00,145.369995117188,145.5,145.220001220703,145.25,173018
2026-02-25 14:44:00,145.259994506836,145.449996948242,145.259994506836,145.384994506836,0
2026-02-25 14:45:00,145.350006103516,145.429992675781,145.264999389648,145.384994506836,186102
2026-02-25 14:46:00,145.384994506836,145.440002441406,144.800003051758,145.0,0
2026-02-25 14:47:00,145.050003051758,145.149993896484,144.869995117188,144.884994506836,14935
2026-02-25 14:48:00,144.884994506836,144.884994506836,144.649993896484,144.785003662109,23345
2026-02-25 14:49:00,144.785003662109,144.809997558594,144.705001831055,144.789993286133,6191
2026-02-25 14:50:00,144.789993286133,144.887496948242,144.660003662109,144.695007324219,223578
2026-02-25 14:51:00,144.705001831055,144.809997558594,144.529998779297,144.554992675781,0
2026-02-25 14:52:00,144.539993286133,144.679992675781,144.5,144.554992675781,10573
2026-02-25 14:53:00,144.570007324219,144.649993896484,144.5,144.619995117188,7174
2026-02-25 14:54:00,144.619995117188,144.669998168945,144.539993286133,144.604995727539,239145
2026-02-25 14:55:00,144.630004882813,144.75,144.559997558594,144.669998168945,0
2026-02-25 14:56:00,144.725006103516,144.779998779297,144.660003662109,144.690002441406,241574
2026-02-25 14:57:00,144.690002441406,144.690002441406,144.5,144.570007324219,15797
2026-02-25 14:58:00,144.554992675781,144.910003662109,144.554992675781,144.899993896484,0
2026-02-25 14:59:00,144.895004272461,144.895004272461,144.804992675781,144.804992675781,5859
2026-02-25 15:00:00,144.804992675781,144.889999389648,144.779998779297,144.815002441406,11749
2026-02-25 15:01:00,144.850006103516,144.990005493164,144.830001831055,144.929992675781,11634
2026-02-25 15:02:00,144.979995727539,145.089996337891,144.925003051758,145.035003662109,12901
2026-02-25 15:03:00,145.044998168945,145.190002441406,145.020004272461,145.130004882813,10987
2026-02-25 15:04:00,145.110000610352,145.149993896484,144.919998168945,144.960006713867,290528
2026-02-25 15:05:00,144.960006713867,145.100006103516,144.875198364258,144.875198364258,0
2026-02-25 15:06:00,144.846496582031,144.889999389648,144.639999389648,144.639999389648,12326
2026-02-25 15:07:00,144.589996337891,144.625,144.529998779297,144.529998779297,13381
2026-02-25 15:08:00,144.570007324219,144.720001220703,144.570007324219,144.720001220703,9598
2026-02-25 15:09:00,144.720001220703,144.735000610352,144.460006713867,144.507507324219,11710
2026-02-25 15:10:00,144.479995727539,144.615005493164,144.479995727539,144.565002441406,36032
2026-02-25 15:11:00,144.630004882813,145.050003051758,144.630004882813,145.050003051758,14948
2026-02-25 15:12:00,145.0,145.25,145.0,145.190002441406,13180
2026-02-25 15:13:00,145.190002441406,145.228897094727,145.089996337891,145.119995117188,10123
2026-02-25 15:14:00,145.095001220703,145.210006713867,145.095001220703,145.160003662109,10401
2026-02-25 15:15:00,145.160003662109,145.175003051758,145.014999389648,145.039993286133,345753
2026-02-25 15:16:00,145.070007324219,145.070098876953,144.910003662109,144.970001220703,0
2026-02-25 15:17:00,144.970001220703,145.214996337891,144.970001220703,145.210006713867,9919
2026-02-25 15:18:00,145.190002441406,145.365005493164,145.160003662109,145.320007324219,11206
2026-02-25 15:19:00,145.270004272461,145.330001831055,145.199996948242,145.25,10273
2026-02-25 15:20:00,145.225006103516,145.225006103516,145.054992675781,145.171005249023,11676
2026-02-25 15:21:00,145.210006713867,145.210006713867,145.020004272461,145.179992675781,15496
2026-02-25 15:22:00,145.130004882813,145.220001220703,145.119995117188,145.220001220703,6186
2026-02-25 15:23:00,145.199996948242,145.330001831055,145.119995117188,145.210006713867,10483
2026-02-25 15:24:00,145.222503662109,145.279998779297,145.210006713867,145.244995117188,8835
2026-02-25 15:25:00,145.229995727539,145.330001831055,145.229995727539,145.300003051758,10223
2026-02-25 15:26:00,145.285003662109,145.369995117188,145.259994506836,145.300003051758,15244
2026-02-25 15:27:00,145.304992675781,145.440002441406,145.294998168945,145.369995117188,14481
2026-02-25 15:28:00,145.380004882813,145.529998779297,145.380004882813,145.494995117188,8391
2026-02-25 15:29:00,145.5,145.5,145.25,145.304992675781,409843
2026-02-25 15:30:00,145.279998779297,145.350006103516,145.199996948242,145.259994506836,0
2026-02-25 15:31:00,145.289993286133,145.445007324219,145.279998779297,145.369995117188,8480
2026-02-25 15:32:00,145.360000610352,145.440002441406,145.350006103516,145.404998779297,3931
2026-02-25 15:33:00,145.369995117188,145.369995117188,145.229995727539,145.289993286133,429780
2026-02-25 15:34:00,145.270004272461,145.274993896484,145.070007324219,145.070007324219,14157
2026-02-25 15:35:00,145.065002441406,145.110000610352,144.970001220703,144.975006103516,19309
2026-02-25 15:36:00,144.949996948242,145.119995117188,144.929992675781,145.119995117188,0
2026-02-25 15:37:00,145.115005493164,145.176300048828,145.080001831055,145.169998168945,450662
2026-02-25 15:38:00,145.190002441406,145.25,145.179992675781,145.214996337891,6691
2026-02-25 15:39:00,145.214996337891,145.25,145.190002441406,145.205001831055,11802
2026-02-25 15:40:00,145.199996948242,145.25,145.130004882813,145.149993896484,15985
2026-02-25 15:41:00,145.149993896484,145.309997558594,145.149993896484,145.279998779297,0
2026-02-25 15:42:00,145.339996337891,145.350006103516,145.139999389648,145.190002441406,16284
2026-02-25 15:43:00,145.195007324219,145.229995727539,145.130004882813,145.149993896484,468222
2026-02-25 15:44:00,145.160003662109,145.169998168945,145.070007324219,145.089996337891,0
2026-02-25 15:45:00,145.080001831055,145.195007324219,145.080001831055,145.119995117188,16917
2026-02-25 15:46:00,145.125,145.217697143555,145.110000610352,145.119995117188,5376
2026-02-25 15:47:00,145.110000610352,145.110000610352,145.0,145.100006103516,483115
2026-02-25 15:48:00,145.095001220703,145.095001220703,144.899993896484,144.899993896484,0
2026-02-25 15:49:00,144.914993286133,144.940002441406,144.865005493164,144.929992675781,10123
2026-02-25 15:50:00,144.929992675781,144.929992675781,144.789993286133,144.815002441406,13283
2026-02-25 15:51:00,144.800704956055,144.869995117188,144.770004272461,144.869995117188,10179
2026-02-25 15:52:00,144.850006103516,144.899993896484,144.820007324219,144.820007324219,7233
2026-02-25 15:53:00,144.839996337891,144.839996337891,144.690002441406,144.729995727539,8130
2026-02-25 15:54:00,144.759994506836,144.789993286133,144.699996948242,144.714996337891,7190
2026-02-25 15:55:00,144.705001831055,144.720001220703,144.585006713867,144.589996337891,6559
2026-02-25 15:56:00,144.589996337891,144.649993896484,144.559997558594,144.559997558594,514990
2026-02-25 15:57:00,144.589996337891,144.675003051758,144.575500488281,144.675003051758,10664
2026-02-25 15:58:00,144.664993286133,144.770004272461,144.660003662109,144.714996337891,0
2026-02-25 15:59:00,144.690002441406,144.690002441406,144.615005493164,144.634994506836,4415
2026-02-25 16:00:00,144.660003662109,144.759994506836,144.630004882813,144.725006103516,520946
2026-02-25 16:01:00,144.725006103516,144.725006103516,144.634994506836,144.710006713867,0
2026-02-25 16:02:00,144.669998168945,144.695007324219,144.589996337891,144.589996337891,6361
2026-02-25 16:03:00,144.610000610352,144.610000610352,144.479995727539,144.550003051758,6194
2026-02-25 16:04:00,144.520004272461,144.589996337891,144.479995727539,144.544998168945,9338
2026-02-25 16:05:00,144.539993286133,144.570007324219,144.470001220703,144.494995117188,542508
2026-02-25 16:06:00,144.494995117188,144.5,144.429992675781,144.449996948242,0
2026-02-25 16:07:00,144.449600219727,144.479995727539,144.419998168945,144.470001220703,7530
2026-02-25 16:08:00,144.460006713867,144.479995727539,144.419998168945,144.425003051758,9031
2026-02-25 16:09:00,144.399993896484,144.419998168945,144.339996337891,144.419998168945,7220
2026-02-25 16:10:00,144.414993286133,144.455596923828,144.380004882813,144.455596923828,10546
2026-02-25 16:11:00,144.460006713867,144.460006713867,144.399993896484,144.436401367188,5437
2026-02-25 16:12:00,144.399993896484,144.524993896484,144.399993896484,144.524993896484,5412
2026-02-25 16:13:00,144.520004272461,144.550003051758,144.505004882813,144.524993896484,571908
2026-02-25 16:14:00,144.551803588867,144.580001831055,144.524993896484,144.529998779297,0
2026-02-25 16:15:00,144.524993896484,144.539993286133,144.460006713867,144.490005493164,5476
2026-02-25 16:16:00,144.475006103516,144.529998779297,144.455001831055,144.5,577023
2026-02-25 16:17:00,144.490005493164,144.505706787109,144.440002441406,144.475006103516,0
2026-02-25 16:18:00,144.475006103516,144.570007324219,144.475006103516,144.550003051758,5052
2026-02-25 16:19:00,144.539993286133,144.539993286133,144.455093383789,144.494995117188,18578
2026-02-25 16:20:00,144.490005493164,144.490005493164,144.300003051758,144.354995727539,15630
2026-02-25 16:21:00,144.350006103516,144.350006103516,144.270004272461,144.330001831055,6609
2026-02-25 16:22:00,144.31640625,144.5,144.309997558594,144.5,605621
2026-02-25 16:23:00,144.470001220703,144.5,144.429992675781,144.479995727539,0
2026-02-25 16:24:00,144.479995727539,144.520004272461,144.440002441406,144.479995727539,9169
2026-02-25 16:25:00,144.460693359375,144.5,144.410003662109,144.429992675781,11631
2026-02-25 16:26:00,144.429992675781,144.5,144.419998168945,144.434997558594,9678
2026-02-25 16:27:00,144.434997558594,144.470001220703,144.389999389648,144.399993896484,7177
2026-02-25 16:28:00,144.406402587891,144.449996948242,144.360000610352,144.449996948242,8290
2026-02-25 16:29:00,144.460006713867,144.470001220703,144.380004882813,144.419998168945,636573
2026-02-25 16:30:00,144.389999389648,144.389999389648,144.289993286133,144.300003051758,0
2026-02-25 16:31:00,144.294998168945,144.360000610352,144.270004272461,144.360000610352,10372
2026-02-25 16:32:00,144.354995727539,144.395004272461,144.340194702148,144.395004272461,6320
2026-02-25 16:33:00,144.399993896484,144.419998168945,144.376693725586,144.390594482422,6677
2026-02-25 16:34:00,144.399993896484,144.406692504883,144.360000610352,144.360000610352,3420
2026-02-25 16:35:00,144.380004882813,144.380004882813,144.210006713867,144.210006713867,9020
2026-02-25 16:36:00,144.214996337891,144.214996337891,144.020004272461,144.054397583008,664186
2026-02-25 16:37:00,144.065002441406,144.100006103516,144.020004272461,144.095001220703,0
2026-02-25 16:38:00,144.110000610352,144.160003662109,144.080001831055,144.139999389648,4775
2026-02-25 16:39:00,144.160003662109,144.289993286133,144.130004882813,144.25,7787
2026-02-25 16:40:00,144.25,144.279998779297,144.199996948242,144.205001831055,659482
2026-02-25 16:41:00,144.205001831055,144.210006713867,144.179992675781,144.190002441406,0
2026-02-25 16:42:00,144.199996948242,144.389999389648,144.199996948242,144.369995117188,7635
2026-02-25 16:43:00,144.369995117188,144.369995117188,144.220001220703,144.25,5617
2026-02-25 16:44:00,144.259994506836,144.300003051758,144.240005493164,144.240005493164,668349
2026-02-25 16:45:00,144.279998779297,144.369995117188,144.25,144.360000610352,6312
2026-02-25 16:46:00,144.365005493164,144.399993896484,144.350006103516,144.350006103516,10135
2026-02-25 16:47:00,144.339996337891,144.339996337891,144.27099609375,144.289993286133,0
2026-02-25 16:48:00,144.309997558594,144.479995727539,144.309997558594,144.470001220703,11684
2026-02-25 16:49:00,144.449996948242,144.449996948242,144.380004882813,144.410003662109,681338
2026-02-25 16:50:00,144.390106201172,144.440002441406,144.390106201172,144.434997558594,0
2026-02-25 16:51:00,144.419998168945,144.419998168945,144.296997070313,144.371795654297,11228
2026-02-25 16:52:00,144.399597167969,144.429992675781,144.380004882813,144.399993896484,6597
2026-02-25 16:53:00,144.384994506836,144.449996948242,144.380004882813,144.434997558594,4958
2026-02-25 16:54:00,144.391006469727,144.419998168945,144.369995117188,144.389999389648,6086
2026-02-25 16:55:00,144.360000610352,144.360000610352,144.279998779297,144.320007324219,10212
2026-02-25 16:56:00,144.330001831055,144.369995117188,144.300003051758,144.369995117188,4327
2026-02-25 16:57:00,144.375,144.380004882813,144.309997558594,144.339996337891,17089
2026-02-25 16:58:00,144.360000610352,144.384994506836,144.345001220703,144.350006103516,7204
2026-02-25 16:59:00,144.354995727539,144.470001220703,144.350006103516,144.455001831055,10980
2026-02-25 17:00:00,144.429992675781,144.439895629883,144.384994506836,144.419998168945,6209
2026-02-25 17:01:00,144.440002441406,144.619995117188,144.425003051758,144.570007324219,8461
2026-02-25 17:02:00,144.619995117188,144.699996948242,144.600006103516,144.690002441406,9183
2026-02-25 17:03:00,144.690002441406,144.75,144.660003662109,144.740005493164,7330
2026-02-25 17:04:00,144.75,144.804992675781,144.75,144.774993896484,6604
2026-02-25 17:05:00,144.803894042969,144.910003662109,144.789993286133,144.910003662109,8950
2026-02-25 17:06:00,144.925003051758,144.925003051758,144.824996948242,144.835006713867,11622
2026-02-25 17:07:00,144.820007324219,144.850006103516,144.800003051758,144.850006103516,5134
2026-02-25 17:08:00,144.860000610352,144.889999389648,144.740005493164,144.779998779297,16518
2026-02-25 17:09:00,144.779998779297,144.808898925781,144.770004272461,144.794998168945,7937
2026-02-25 17:10:00,144.789993286133,144.934997558594,144.789993286133,144.929992675781,3901
2026-02-25 17:11:00,144.949996948242,144.970001220703,144.890106201172,144.890106201172,5852
2026-02-25 17:12:00,144.910003662109,144.914993286133,144.869995117188,144.889999389648,6183
2026-02-25 17:13:00,144.869995117188,144.880004882813,144.809997558594,144.842498779297,6247
2026-02-25 17:14:00,144.854995727539,144.854995727539,144.740005493164,144.759994506836,11124
2026-02-25 17:15:00,144.764999389648,144.779998779297,144.735000610352,144.740005493164,5047
2026-02-25 17:16:00,144.729995727539,144.779998779297,144.729995727539,144.764999389648,4386
2026-02-25 17:17:00,144.759994506836,144.869995117188,144.759994506836,144.869995117188,5720
2026-02-25 17:18:00,144.910003662109,144.929992675781,144.860000610352,144.860000610352,10331
2026-02-25 17:19:00,144.854995727539,144.880004882813,144.809997558594,144.830001831055,6890
2026-02-25 17:20:00,144.839996337891,144.910003662109,144.830001831055,144.830001831055,790851
2026-02-25 17:21:00,144.839996337891,144.919998168945,144.839996337891,144.919998168945,0
2026-02-25 17:22:00,144.914993286133,144.914993286133,144.860000610352,144.860000610352,9363
2026-02-25 17:23:00,144.839996337891,144.839996337891,144.794998168945,144.824996948242,4294
2026-02-25 17:24:00,144.830001831055,144.914993286133,144.800003051758,144.914993286133,3787
2026-02-25 17:25:00,144.899993896484,144.949996948242,144.899993896484,144.925003051758,7584
2026-02-25 17:26:00,144.925003051758,144.970001220703,144.925003051758,144.970001220703,3476
2026-02-25 17:27:00,144.970001220703,144.970001220703,144.940002441406,144.970001220703,3906
2026-02-25 17:28:00,145.0,145.009994506836,144.960006713867,144.960006713867,9192
2026-02-25 17:29:00,144.970001220703,144.970001220703,144.940002441406,144.955001831055,3098
2026-02-25 17:30:00,144.929992675781,144.959899902344,144.889999389648,144.949996948242,5819
2026-02-25 17:31:00,144.960006713867,145.0,144.949996948242,144.990005493164,5604
2026-02-25 17:32:00,144.970001220703,145.029998779297,144.960006713867,145.029998779297,3788
2026-02-25 17:33:00,145.059997558594,145.074996948242,145.039993286133,145.039993286133,3280
2026-02-25 17:34:00,145.039993286133,145.050003051758,145.029998779297,145.044998168945,3012
2026-02-25 17:35:00,145.029998779297,145.029998779297,144.940002441406,144.960006713867,7101
2026-02-25 17:36:00,144.955001831055,144.960006713867,144.940307617188,144.940307617188,3849
2026-02-25 17:37:00,144.941192626953,145.005004882813,144.941192626953,144.994995117188,4407
2026-02-25 17:38:00,144.979995727539,144.979995727539,144.869995117188,144.880004882813,5589
2026-02-25 17:39:00,144.869995117188,144.869995117188,144.770004272461,144.770004272461,6764
2026-02-25 17:40:00,144.755004882813,144.779998779297,144.740005493164,144.755004882813,6088
2026-02-25 17:41:00,144.755004882813,144.779998779297,144.720001220703,144.720001220703,11355
2026-02-25 17:42:00,144.725006103516,144.730392456055,144.630004882813,144.660003662109,8004
2026-02-25 17:43:00,144.639999389648,144.690002441406,144.630004882813,144.675003051758,7889
2026-02-25 17:44:00,144.690002441406,144.690002441406,144.654998779297,144.660003662109,4196
2026-02-25 17:45:00,144.669998168945,144.669998168945,144.410003662109,144.505004882813,12062
2026-02-25 17:46:00,144.490005493164,144.490005493164,144.460006713867,144.470001220703,851524
2026-02-25 17:47:00,144.470001220703,144.529998779297,144.470001220703,144.529998779297,0
2026-02-25 17:48:00,144.494995117188,144.505004882813,144.470001220703,144.494995117188,5274
2026-02-25 17:49:00,144.449996948242,144.529998779297,144.440002441406,144.520004272461,6950
2026-02-25 17:50:00,144.524993896484,144.587493896484,144.514999389648,144.570007324219,7459
2026-02-25 17:51:00,144.570007324219,144.654998779297,144.565002441406,144.654998779297,6849
2026-02-25 17:52:00,144.645004272461,144.660003662109,144.634994506836,144.634994506836,2604
2026-02-25 17:53:00,144.630004882813,144.679992675781,144.630004882813,144.669998168945,4803
2026-02-25 17:54:00,144.672500610352,144.744995117188,144.639999389648,144.639999389648,6089
2026-02-25 17:55:00,144.679992675781,144.740005493164,144.679992675781,144.714996337891,4104
2026-02-25 17:56:00,144.643295288086,144.710006713867,144.643295288086,144.705001831055,14386
2026-02-25 17:57:00,144.699996948242,144.820007324219,144.699996948242,144.804992675781,22313
2026-02-25 17:58:00,144.800003051758,144.839996337891,144.764999389648,144.815002441406,10385
2026-02-25 17:59:00,144.815002441406,144.860000610352,144.789993286133,144.800003051758,37636
2026-02-25 18:00:00,144.779998779297,144.789993286133,144.740005493164,144.759994506836,4855
2026-02-25 18:01:00,144.75,144.75,144.720001220703,144.740005493164,3079
2026-02-25 18:02:00,144.729995727539,144.800003051758,144.710006713867,144.789993286133,10152
2026-02-25 18:03:00,144.779998779297,145.0,144.779998779297,145.0,6210
2026-02-25 18:04:00,145.009994506836,145.070007324219,145.000106811523,145.000106811523,8152
2026-02-25 18:05:00,144.990005493164,145.0,144.970001220703,144.979995727539,4027
2026-02-25 18:06:00,144.985000610352,145.070007324219,144.970001220703,144.979995727539,7973
2026-02-25 18:07:00,144.979995727539,144.990005493164,144.951705932617,144.96809387207,4993
2026-02-25 18:08:00,145.020004272461,145.027496337891,144.990005493164,145.024993896484,2872
2026-02-25 18:09:00,144.979995727539,145.050003051758,144.979995727539,145.014999389648,2860
2026-02-25 18:10:00,145.015106201172,145.050003051758,145.014999389648,145.014999389648,5280
2026-02-25 18:11:00,145.020004272461,145.039993286133,145.020004272461,145.039993286133,3319
2026-02-25 18:12:00,145.029998779297,145.070007324219,145.020004272461,145.029998779297,4873
2026-02-25 18:13:00,145.029998779297,145.059997558594,145.029998779297,145.029998779297,3557
2026-02-25 18:14:00,145.059997558594,145.070007324219,145.029998779297,145.059997558594,2928
2026-02-25 18:15:00,145.070007324219,145.070007324219,144.960006713867,144.979995727539,7187
2026-02-25 18:16:00,144.985000610352,144.990005493164,144.949996948242,144.990005493164,3101
2026-02-25 18:17:00,145.0,145.009994506836,144.979995727539,144.990005493164,2556
2026-02-25 18:18:00,145.009994506836,145.089996337891,145.009994506836,145.070007324219,7012
2026-02-25 18:19:00,145.065002441406,145.110000610352,145.050003051758,145.095001220703,5265
2026-02-25 18:20:00,145.115005493164,145.115005493164,145.059997558594,145.070007324219,3567
2026-02-25 18:21:00,145.089996337891,145.115005493164,145.089996337891,145.115005493164,2060
2026-02-25 18:22:00,145.115005493164,145.139999389648,145.070007324219,145.070007324219,4895
2026-02-25 18:23:00,145.100006103516,145.100006103516,145.059997558594,145.070007324219,3130
2026-02-25 18:24:00,145.044998168945,145.044998168945,144.960006713867,144.985000610352,8128
2026-02-25 18:25:00,144.975006103516,145.050003051758,144.975006103516,145.024993896484,7103
2026-02-25 18:26:00,145.039993286133,145.050094604492,145.039993286133,145.050003051758,2474
2026-02-25 18:27:00,145.044998168945,145.089996337891,145.039993286133,145.070007324219,2764
2026-02-25 18:28:00,145.050003051758,145.059997558594,145.029998779297,145.039993286133,3193
2026-02-25 18:29:00,145.039993286133,145.059997558594,145.035003662109,145.044998168945,7896
2026-02-25 18:30:00,145.044998168945,145.130493164063,145.029998779297,145.130493164063,6861
2026-02-25 18:31:00,145.115005493164,145.179992675781,145.100006103516,145.160003662109,11750
2026-02-25 18:32:00,145.154998779297,145.159896850586,145.115005493164,145.159896850586,981851
2026-02-25 18:33:00,145.139999389648,145.289993286133,145.130004882813,145.289993286133,0
2026-02-25 18:34:00,145.320007324219,145.320007324219,145.229995727539,145.229995727539,7541
2026-02-25 18:35:00,145.229995727539,145.25,145.220001220703,145.25,2747
2026-02-25 18:36:00,145.259994506836,145.320007324219,145.25,145.309997558594,7819
2026-02-25 18:37:00,145.270004272461,145.300003051758,145.270004272461,145.270004272461,1883
2026-02-25 18:38:00,145.289993286133,145.335006713867,145.289993286133,145.324996948242,13740
2026-02-25 18:39:00,145.309997558594,145.330001831055,145.270004272461,145.270004272461,5356
2026-02-25 18:40:00,145.264999389648,145.279998779297,145.229995727539,145.229995727539,6442
2026-02-25 18:41:00,145.240005493164,145.279006958008,145.240005493164,145.270004272461,3318
2026-02-25 18:42:00,145.240097045898,145.270004272461,145.240097045898,145.251998901367,3701
2026-02-25 18:43:00,145.240005493164,145.289993286133,145.240005493164,145.289993286133,3969
2026-02-25 18:44:00,145.270004272461,145.274993896484,145.227203369141,145.229995727539,5909
2026-02-25 18:45:00,145.210006713867,145.210006713867,145.210006713867,145.210006713867,1442
2026-02-25 18:46:00,145.210006713867,145.289993286133,145.210006713867,145.255004882813,3142
2026-02-25 18:47:00,145.259994506836,145.289993286133,145.259994506836,145.274993896484,2744
2026-02-25 18:48:00,145.270004272461,145.315002441406,145.264999389648,145.304992675781,5020
2026-02-25 18:49:00,145.300003051758,145.360000610352,145.289993286133,145.345001220703,8731
2026-02-25 18:50:00,145.350006103516,145.399993896484,145.339996337891,145.380004882813,6043
2026-02-25 18:51:00,145.420303344727,145.420303344727,145.360000610352,145.380004882813,8775
2026-02-25 18:52:00,145.410003662109,145.479995727539,145.410003662109,145.470001220703,4064
2026-02-25 18:53:00,145.479995727539,145.509994506836,145.473999023438,145.509994506836,2989
2026-02-25 18:54:00,145.509994506836,145.520004272461,145.389999389648,145.399993896484,11128
2026-02-25 18:55:00,145.380004882813,145.460006713867,145.380004882813,145.455093383789,6078
2026-02-25 18:56:00,145.455001831055,145.460006713867,145.410003662109,145.425003051758,5988
2026-02-25 18:57:00,145.425003051758,145.440002441406,145.425003051758,145.425003051758,2024
2026-02-25 18:58:00,145.440002441406,145.464996337891,145.440002441406,145.460006713867,2828
2026-02-25 18:59:00,145.449996948242,145.449996948242,145.419998168945,145.429992675781,4695
2026-02-25 19:00:00,145.434997558594,145.434997558594,145.414993286133,145.434997558594,5983
2026-02-25 19:01:00,145.440002441406,145.479995727539,145.440002441406,145.479995727539,2608
2026-02-25 19:02:00,145.485000610352,145.539993286133,145.485000610352,145.5,10221
2026-02-25 19:03:00,145.490005493164,145.5,145.460006713867,145.460006713867,10457
2026-02-25 19:04:00,145.490005493164,145.559997558594,145.490005493164,145.559997558594,3205
2026-02-25 19:05:00,145.550994873047,145.690002441406,145.550994873047,145.690002441406,6682
2026-02-25 19:06:00,145.664993286133,145.690002441406,145.660003662109,145.660003662109,8431
2026-02-25 19:07:00,145.649993896484,145.649993896484,145.600006103516,145.600006103516,2248
2026-02-25 19:08:00,145.589996337891,145.639999389648,145.585006713867,145.62109375,4178
2026-02-25 19:09:00,145.625,145.645004272461,145.610000610352,145.645004272461,2633
2026-02-25 19:10:00,145.645004272461,145.675003051758,145.630599975586,145.649993896484,7357
2026-02-25 19:11:00,145.639999389648,145.649993896484,145.570693969727,145.580001831055,5567
2026-02-25 19:12:00,145.589996337891,145.669998168945,145.585006713867,145.669998168945,2226
2026-02-25 19:13:00,145.690002441406,145.699996948242,145.660003662109,145.699996948242,9406
2026-02-25 19:14:00,145.699996948242,145.740005493164,145.699996948242,145.729995727539,2756
2026-02-25 19:15:00,145.729995727539,145.729995727539,145.699996948242,145.710006713867,8493
2026-02-25 19:16:00,145.710006713867,145.744995117188,145.710006713867,145.744995117188,2808
2026-02-25 19:17:00,145.75,145.75,145.720001220703,145.729995727539,4620
2026-02-25 19:18:00,145.740005493164,145.764999389648,145.740005493164,145.764999389648,3324
2026-02-25 19:19:00,145.779998779297,145.779998779297,145.740005493164,145.752502441406,1102726
2026-02-25 19:20:00,145.75,145.789993286133,145.717407226563,145.789993286133,0
2026-02-25 19:21:00,145.789993286133,145.910003662109,145.779998779297,145.895004272461,13582
2026-02-25 19:22:00,145.890197753906,145.904998779297,145.860000610352,145.860000610352,6860
2026-02-25 19:23:00,145.854995727539,145.854995727539,145.801193237305,145.801193237305,3992
2026-02-25 19:24:00,145.809997558594,145.820007324219,145.750106811523,145.750106811523,5693
2026-02-25 19:25:00,145.759994506836,145.759994506836,145.740005493164,145.75,7733
2026-02-25 19:26:00,145.740005493164,145.744995117188,145.720001220703,145.729995727539,5649
2026-02-25 19:27:00,145.729995727539,145.729995727539,145.690002441406,145.710006713867,8529
2026-02-25 19:28:00,145.710006713867,145.740005493164,145.710006713867,145.729995727539,3220
2026-02-25 19:29:00,145.738998413086,145.759994506836,145.699996948242,145.720001220703,10088
2026-02-25 19:30:00,145.72200012207,145.759994506836,145.699996948242,145.75,12501
2026-02-25 19:31:00,145.729995727539,145.779998779297,145.729995727539,145.770004272461,4372
2026-02-25 19:32:00,145.770004272461,145.789993286133,145.720001220703,145.729995727539,4174
2026-02-25 19:33:00,145.720001220703,145.729995727539,145.710006713867,145.720001220703,5121
2026-02-25 19:34:00,145.725006103516,145.75,145.710006713867,145.740005493164,5396
2026-02-25 19:35:00,145.759994506836,145.800003051758,145.759994506836,145.800003051758,5988
2026-02-25 19:36:00,145.800003051758,145.800003051758,145.759994506836,145.759994506836,6410
2026-02-25 19:37:00,145.759994506836,145.759994506836,145.729995727539,145.759994506836,5132
2026-02-25 19:38:00,145.759994506836,145.789993286133,145.755004882813,145.779998779297,5016
2026-02-25 19:39:00,145.779998779297,145.789993286133,145.740005493164,145.75,10543
2026-02-25 19:40:00,145.755004882813,145.759994506836,145.740005493164,145.75,5035
2026-02-25 19:41:00,145.75,145.759994506836,145.639999389648,145.660003662109,33145
2026-02-25 19:42:00,145.665100097656,145.665100097656,145.570007324219,145.574996948242,12310
2026-02-25 19:43:00,145.570007324219,145.570007324219,145.485000610352,145.485000610352,3944
2026-02-25 19:44:00,145.490005493164,145.490005493164,145.479995727539,145.485000610352,3463
2026-02-25 19:45:00,145.5,145.520004272461,145.490005493164,145.490005493164,6306
2026-02-25 19:46:00,145.494995117188,145.5,145.449996948242,145.460006713867,7249
2026-02-25 19:47:00,145.460006713867,145.509994506836,145.430603027344,145.479995727539,6554
2026-02-25 19:48:00,145.470001220703,145.580001831055,145.462905883789,145.580001831055,8391
2026-02-25 19:49:00,145.585006713867,145.619995117188,145.570007324219,145.580001831055,7943
2026-02-25 19:50:00,145.610000610352,145.610000610352,145.440002441406,145.450103759766,9472
2026-02-25 19:51:00,145.440002441406,145.529998779297,145.410003662109,145.470001220703,17502
2026-02-25 19:52:00,145.475006103516,145.509994506836,145.475006103516,145.479995727539,4192
2026-02-25 19:53:00,145.470001220703,145.5,145.41130065918,145.431106567383,11335
2026-02-25 19:54:00,145.429992675781,145.479995727539,145.429992675781,145.430999755859,4474
2026-02-25 19:55:00,145.440002441406,145.524993896484,145.440002441406,145.516006469727,6914
2026-02-25 19:56:00,145.509994506836,145.514999389648,145.470001220703,145.470001220703,7314
2026-02-25 19:57:00,145.479995727539,145.529998779297,145.395004272461,145.410003662109,17375
2026-02-25 19:58:00,145.429992675781,145.490005493164,145.428207397461,145.490005493164,4602
2026-02-25 19:59:00,145.485000610352,145.524993896484,145.479995727539,145.520004272461,3901
2026-02-25 20:00:00,145.518707275391,145.602493286133,145.518707275391,145.580001831055,7908
2026-02-25 20:01:00,145.599899291992,145.654998779297,145.589996337891,145.645004272461,6572
2026-02-25 20:02:00,145.634994506836,145.649993896484,145.610000610352,145.649993896484,5277
2026-02-25 20:03:00,145.645004272461,145.684997558594,145.610000610352,145.639999389648,12328
2026-02-25 20:04:00,145.639999389648,145.639999389648,145.619995117188,145.630004882813,4305
2026-02-25 20:05:00,145.623001098633,145.630004882813,145.570007324219,145.570098876953,5861
2026-02-25 20:06:00,145.570007324219,145.580001831055,145.550003051758,145.580001831055,4424
2026-02-25 20:07:00,145.574996948242,145.574996948242,145.509994506836,145.539993286133,9328
2026-02-25 20:08:00,145.544998168945,145.550003051758,145.509994506836,145.529998779297,7039
2026-02-25 20:09:00,145.535003662109,145.604995727539,145.535003662109,145.604995727539,6508
2026-02-25 20:10:00,145.589996337891,145.600006103516,145.550003051758,145.559997558594,13189
2026-02-25 20:11:00,145.570007324219,145.600006103516,145.559997558594,145.595001220703,4750
2026-02-25 20:12:00,145.604995727539,145.649993896484,145.604995727539,145.630004882813,16385
2026-02-25 20:13:00,145.627395629883,145.649993896484,145.535003662109,145.565002441406,16966
2026-02-25 20:14:00,145.580001831055,145.580001831055,145.509994506836,145.539993286133,6374
2026-02-25 20:15:00,145.550003051758,145.550003051758,145.529998779297,145.539993286133,7936
2026-02-25 20:16:00,145.529998779297,145.589996337891,145.520004272461,145.589996337891,7760
2026-02-25 20:17:00,145.589996337891,145.610000610352,145.559997558594,145.574996948242,12487
2026-02-25 20:18:00,145.574996948242,145.574996948242,145.449996948242,145.449996948242,43522
2026-02-25 20:19:00,145.470001220703,145.520004272461,145.445007324219,145.520004272461,14763
2026-02-25 20:20:00,145.53010559082,145.550003051758,145.509994506836,145.529998779297,8065
2026-02-25 20:21:00,145.539703369141,145.570007324219,145.53059387207,145.53059387207,8803
2026-02-25 20:22:00,145.539993286133,145.570007324219,145.509994506836,145.524993896484,8248
2026-02-25 20:23:00,145.520004272461,145.551300048828,145.490005493164,145.539993286133,8167
2026-02-25 20:24:00,145.539993286133,145.570007324219,145.490005493164,145.570007324219,8805
2026-02-25 20:25:00,145.550003051758,145.589996337891,145.550003051758,145.570007324219,11201
2026-02-25 20:26:00,145.559997558594,145.578994750977,145.520004272461,145.539993286133,8743
2026-02-25 20:27:00,145.539993286133,145.570007324219,145.539993286133,145.559997558594,7979
2026-02-25 20:28:00,145.559997558594,145.570007324219,145.539993286133,145.550003051758,12372
2026-02-25 20:29:00,145.550003051758,145.615005493164,145.541000366211,145.615005493164,7088
2026-02-25 20:30:00,145.600006103516,145.610000610352,145.509994506836,145.529998779297,15406
2026-02-25 20:31:00,145.514999389648,145.630004882813,145.514999389648,145.619995117188,8514
2026-02-25 20:32:00,145.610000610352,145.714996337891,145.610000610352,145.710006713867,11695
2026-02-25 20:33:00,145.710006713867,145.740005493164,145.699996948242,145.735000610352,17355
2026-02-25 20:34:00,145.735000610352,145.740005493164,145.720001220703,145.720001220703,4917
2026-02-25 20:35:00,145.729995727539,145.794998168945,145.729995727539,145.794998168945,6924
2026-02-25 20:36:00,145.809997558594,145.839996337891,145.809997558594,145.824996948242,5485
2026-02-25 20:37:00,145.820007324219,145.860000610352,145.779998779297,145.830001831055,14423
2026-02-25 20:38:00,145.830001831055,145.919998168945,145.820098876953,145.880004882813,13443
2026-02-25 20:39:00,145.899993896484,145.919998168945,145.895004272461,145.899993896484,8596
2026-02-25 20:40:00,145.899993896484,145.940002441406,145.889999389648,145.910003662109,16108
2026-02-25 20:41:00,145.910003662109,145.959899902344,145.899993896484,145.945007324219,13446
2026-02-25 20:42:00,145.930099487305,146.0,145.930099487305,145.979995727539,9034
2026-02-25 20:43:00,145.970001220703,146.024993896484,145.929992675781,145.934997558594,32211
2026-02-25 20:44:00,145.929992675781,145.929992675781,145.815002441406,145.850006103516,10747
2026-02-25 20:45:00,145.839996337891,145.860000610352,145.809997558594,145.839996337891,8998
2026-02-25 20:46:00,145.820007324219,145.820098876953,145.669998168945,145.669998168945,8875
2026-02-25 20:47:00,145.654998779297,145.720001220703,145.630004882813,145.695007324219,6211
2026-02-25 20:48:00,145.720001220703,145.815002441406,145.710006713867,145.740005493164,10629
2026-02-25 20:49:00,145.729995727539,145.729995727539,145.660003662109,145.667999267578,7372
2026-02-25 20:50:00,145.660003662109,145.869995117188,145.600006103516,145.835006713867,18624
2026-02-25 20:51:00,145.880004882813,145.949996948242,145.869995117188,145.880004882813,16044
2026-02-25 20:52:00,145.904998779297,145.979995727539,145.904998779297,145.910003662109,18223
2026-02-25 20:53:00,145.929992675781,145.990005493164,145.914993286133,145.934997558594,16451
2026-02-25 20:54:00,145.949996948242,145.970001220703,145.820098876953,145.860000610352,33213
2026-02-25 20:55:00,145.880004882813,145.880004882813,145.764999389648,145.764999389648,22613
2026-02-25 20:56:00,145.764999389648,145.809997558594,145.740005493164,145.740005493164,35223
2026-02-25 20:57:00,145.729995727539,145.826995849609,145.699996948242,145.800003051758,38894
2026-02-25 20:58:00,145.800003051758,145.850006103516,145.789993286133,145.830001831055,60384
2026-02-25 20:59:00,145.839996337891,145.910003662109,145.830001831055,145.830001831055,139628
2026-02-25 21:00:00,145.82,145.98,145.65,145.76,703685
2026-02-25 21:01:00,145.82,145.9,145.65,145.9,0
2026-02-25 21:02:00,145.82,145.9899,145.81,145.82,0
2026-02-25 21:03:00,145.82,145.82,145.75,145.82,0
2026-02-25 21:04:00,145.82,145.82,145.82,145.82,0
2026-02-25 21:05:00,145.8181,145.8181,145.8181,145.8181,0
2026-02-25 21:06:00,145.76,145.8,145.76,145.8,0
2026-02-25 21:07:00,145.83,145.83,145.8,145.82,0
2026-02-25 21:08:00,145.423,145.423,145.423,145.423,0
2026-02-25 21:09:00,145.9,145.95,145.85,145.95,0
2026-02-25 21:10:00,145.82,145.94,145.82,145.82,0
2026-02-25 21:11:00,145.82,145.91,145.82,145.91,0
2026-02-25 21:13:00,145.91,145.94,145.91,145.94,0
2026-02-25 21:14:00,145.94,145.94,145.94,145.94,0
2026-02-25 21:15:00,145.82,145.82,145.82,145.82,0
2026-02-25 21:16:00,145.9,145.9,145.9,145.9,0
2026-02-25 21:17:00,144.8,145.82,144.8,145.82,0
2026-02-25 21:18:00,145.81,145.84,145.6,145.6,0
2026-02-25 21:19:00,145.65,145.65,145.65,145.65,0
2026-02-25 21:20:00,145.82,145.82,145.82,145.82,0
2026-02-25 21:21:00,145.81,145.82,145.81,145.82,0
2026-02-25 21:23:00,145.9,145.9,145.82,145.82,0
2026-02-25 21:24:00,145.82,145.82,145.82,145.82,0
2026-02-25 21:26:00,145.77,145.9,145.77,145.9,0
2026-02-25 21:27:00,145.95,145.95,145.78,145.78,0
2026-02-25 21:30:00,145.65,145.65,145.65,145.65,0
2026-02-25 21:31:00,145.94,145.99,145.522,145.98,0
2026-02-25 21:32:00,145.75,145.84,145.75,145.84,0
2026-02-25 21:35:00,145.88,146.0,145.87,146.0,0
2026-02-25 21:38:00,146.0,146.18,146.0,146.18,0
2026-02-25 21:40:00,146.0,146.0,146.0,146.0,0
2026-02-25 21:41:00,146.183,146.183,146.183,146.183,0
2026-02-25 21:42:00,146.0,146.0,145.819,145.84,0
2026-02-25 21:43:00,146.0,146.0,145.98,146.0,0
2026-02-25 21:44:00,146.04,146.1,145.03,145.03,0
2026-02-25 21:45:00,146.06,146.06,146.06,146.06,0
2026-02-25 21:49:00,146.06,146.06,146.06,146.06,0
2026-02-25 21:50:00,146.03,146.03,146.03,146.03,0
2026-02-25 21:51:00,146.0,146.06,145.82,146.06,0
2026-02-25 21:52:00,146.08,146.08,146.08,146.08,0
2026-02-25 21:53:00,146.169,146.169,146.16,146.16,0
2026-02-25 21:54:00,146.16,146.16,146.04,146.06,0
2026-02-25 21:55:00,146.2,146.2,145.0,145.84,0
2026-02-25 21:57:00,146.01,146.01,146.01,146.01,0
2026-02-25 21:59:00,146.01,146.01,146.01,146.01,0
2026-02-25 22:03:00,146.1,146.1,145.25,145.25,0
2026-02-25 22:11:00,145.25,145.25,145.25,145.25,0
2026-02-25 22:14:00,145.2812,145.2812,145.2812,145.2812,0
2026-02-25 22:16:00,145.81,145.81,145.81,145.81,0
2026-02-25 22:17:00,145.92,145.96,145.92,145.96,0
2026-02-25 22:18:00,145.89,145.89,145.85,145.85,0
2026-02-25 22:19:00,145.25,145.25,145.25,145.25,0
2026-02-25 22:20:00,145.75,145.92,145.75,145.92,0
2026-02-25 22:21:00,145.99,145.99,145.99,145.99,0
2026-02-25 22:22:00,145.25,145.92,145.25,145.92,0
2026-02-25 22:25:00,146.0,146.0,145.83,145.83,0
2026-02-25 22:26:00,145.83,145.98,145.83,145.98,0
2026-02-25 22:28:00,145.99,146.25,145.8,146.25,0
2026-02-25 22:30:00,146.18,146.18,146.18,146.18,0
2026-02-25 22:31:00,146.1,146.1,146.1,146.1,0
2026-02-25 22:32:00,146.1,146.1,146.1,146.1,0
2026-02-25 22:33:00,146.1,146.1,145.76,145.76,0
2026-02-25 22:34:00,145.25,145.25,145.25,145.25,0
2026-02-25 22:35:00,145.25,146.08,145.25,146.08,0
2026-02-25 22:36:00,146.1,146.1,146.1,146.1,0
2026-02-25 22:38:00,146.1,146.1,146.1,146.1,0
2026-02-25 22:40:00,146.08,146.08,145.82,145.83,0
2026-02-25 22:44:00,145.88,145.88,145.76,145.76,0
2026-02-25 22:51:00,145.76,145.77,145.76,145.77,0
2026-02-25 22:53:00,145.97,145.97,145.97,145.97,0
2026-02-25 22:59:00,145.83,145.83,145.83,145.83,0
2026-02-25 23:00:00,146.0,146.0,146.0,146.0,0
2026-02-25 23:04:00,145.7119,145.7119,145.7119,145.7119,0
2026-02-25 23:05:00,145.7856,145.7856,145.7856,145.7856,0
2026-02-25 23:06:00,145.96,145.96,145.96,145.96,0
2026-02-25 23:07:00,145.97,145.97,145.75,145.75,0
2026-02-25 23:09:00,145.7119,145.91,145.7119,145.91,0
2026-02-25 23:10:00,145.92,145.92,145.92,145.92,0
2026-02-25 23:11:00,145.95,145.95,145.95,145.95,0
2026-02-25 23:13:00,145.7856,145.7856,145.7856,145.7856,0
2026-02-25 23:14:00,145.87,145.87,145.87,145.87,0
2026-02-25 23:16:00,145.976,145.976,145.9,145.9,0
2026-02-25 23:18:00,145.97,145.97,145.97,145.97,0
2026-02-25 23:19:00,145.75,145.9,145.75,145.8182,0
2026-02-25 23:20:00,145.82,145.82,145.6,145.6,0
2026-02-25 23:21:00,145.81,145.81,145.76,145.76,0
2026-02-25 23:26:00,145.6,145.6,145.6,145.6,0
2026-02-25 23:27:00,145.98,145.98,145.98,145.98,0
2026-02-25 23:31:00,145.9788,145.9788,145.9788,145.9788,0
2026-02-25 23:32:00,145.98,145.98,145.98,145.98,0
2026-02-25 23:33:00,145.98,145.98,145.98,145.98,0
2026-02-25 23:34:00,145.98,145.98,145.6589,145.6589,0
2026-02-25 23:35:00,145.76,145.76,145.76,145.76,0
2026-02-25 23:36:00,145.9077,145.9077,145.9077,145.9077,0
2026-02-25 23:39:00,145.6,145.6,145.6,145.6,0
2026-02-25 23:43:00,145.76,145.76,145.68,145.7,0
2026-02-25 23:44:00,145.6,145.6,145.6,145.6,0
2026-02-25 23:47:00,145.6,145.6,145.6,145.6,0
2026-02-25 23:54:00,145.7,145.7,145.7,145.7,0
2026-02-25 23:55:00,145.98,145.98,145.98,145.98,0
2026-02-26 00:03:00,145.85,145.85,145.85,145.85,0
2026-02-26 00:04:00,145.85,145.85,145.85,145.85,0
2026-02-26 00:05:00,145.9,145.9,145.9,145.9,0
2026-02-26 00:07:00,145.9,145.9,145.9,145.9,0
2026-02-26 00:18:00,145.98,145.98,145.98,145.98,0
2026-02-26 00:20:00,145.85,145.85,145.85,145.85,0
2026-02-26 00:21:00,145.85,145.85,145.85,145.85,0
2026-02-26 00:26:00,145.75,145.75,145.75,145.75,0
2026-02-26 00:31:00,145.7014,145.7014,145.7014,145.7014,0
2026-02-26 00:37:00,145.72,145.72,145.7,145.7,0
2026-02-26 00:38:00,145.51,145.76,145.51,145.76,0
2026-02-26 00:40:00,145.5,145.5,145.5,145.5,0
2026-02-26 00:43:00,145.65,145.65,145.65,145.65,0
2026-02-26 00:49:00,145.41,145.51,145.41,145.51,0
2026-02-26 00:53:00,145.51,145.51,145.51,145.51,0
2026-02-26 00:54:00,145.5,145.5,145.5,145.5,0
2026-02-26 00:56:00,145.65,145.65,145.65,145.65,0
2026-02-26 00:58:00,145.65,145.65,145.65,145.65,0
2026-02-26 00:59:00,145.5,145.5,145.5,145.5,0
2026-02-26 09:03:00,145.96,145.96,145.96,145.96,0
2026-02-26 09:12:00,145.74,145.74,145.74,145.74,0
2026-02-26 09:13:00,145.78,145.78,145.78,145.78,0
2026-02-26 09:14:00,145.78,145.78,145.78,145.78,0
2026-02-26 09:23:00,145.64,145.64,145.5,145.5,0
2026-02-26 09:26:00,145.64,145.64,145.64,145.64,0
2026-02-26 09:29:00,145.94,145.96,145.7,145.7,0
2026-02-26 09:52:00,145.86,145.86,145.82,145.82,0
2026-02-26 09:53:00,145.82,145.82,145.82,145.82,0
2026-02-26 10:23:00,145.73,145.73,145.73,145.73,0
2026-02-26 10:29:00,145.63,145.63,145.62,145.62,0
2026-02-26 10:34:00,145.63,145.63,145.63,145.63,0
2026-02-26 10:46:00,145.61,145.61,145.61,145.61,0
2026-02-26 10:55:00,145.59,145.59,145.59,145.59,0
2026-02-26 11:15:00,145.56,145.56,145.56,145.56,0
2026-02-26 11:21:00,145.45,145.45,145.45,145.45,0
2026-02-26 11:24:00,145.54,145.54,145.54,145.54,0
2026-02-26 11:38:00,145.54,145.55,145.54,145.55,0
2026-02-26 11:53:00,145.72,145.72,145.72,145.72,0
2026-02-26 11:57:00,145.82,145.82,145.82,145.82,0
2026-02-26 12:02:00,145.71,145.71,145.71,145.71,0
2026-02-26 12:04:00,145.74,145.74,145.74,145.74,0
2026-02-26 12:14:00,145.71,145.71,145.71,145.71,0
2026-02-26 12:16:00,145.69,145.71,145.69,145.71,0
2026-02-26 12:19:00,145.72,145.95,145.72,145.94,0
2026-02-26 12:33:00,145.82,145.82,145.82,145.82,0
2026-02-26 12:35:00,145.81,145.81,145.81,145.81,0
2026-02-26 12:48:00,145.86,145.86,145.86,145.86,0
2026-02-26 12:57:00,145.58,145.62,145.56,145.62,0
2026-02-26 12:59:00,145.62,145.62,145.62,145.62,0
2026-02-26 13:00:00,146.18,146.19,145.44,145.7138,0
2026-02-26 13:01:00,145.85,145.88,145.14,145.24,0
2026-02-26 13:03:00,145.5435,145.79,145.14,145.68,0
2026-02-26 13:04:00,145.68,145.82,145.55,145.55,0
2026-02-26 13:05:00,145.82,145.82,145.82,145.82,0
2026-02-26 13:06:00,145.77,145.77,145.77,145.77,0
2026-02-26 13:07:00,145.55,145.57,145.55,145.57,0
2026-02-26 13:08:00,145.7704,145.7704,145.7704,145.7704,0
2026-02-26 13:09:00,145.5167,145.5167,145.5167,145.5167,0
2026-02-26 13:10:00,145.7704,145.7704,145.7704,145.7704,0
2026-02-26 13:13:00,145.78,145.78,145.78,145.78,0
2026-02-26 13:14:00,145.7225,145.7225,145.7225,145.7225,0
2026-02-26 13:15:00,145.8033,145.82,145.8033,145.82,0
2026-02-26 13:17:00,145.8,145.82,145.8,145.82,0
2026-02-26 13:24:00,146.0,146.0,145.84,145.84,0
2026-02-26 13:25:00,145.83,145.99,145.83,145.99,0
2026-02-26 13:27:00,145.97,145.97,145.97,145.97,0
2026-02-26 13:28:00,145.98,145.98,145.98,145.98,0
2026-02-26 13:29:00,145.98,146.0,145.98,145.98,0
2026-02-26 13:30:00,146.0,146.0,145.97,145.97,0
2026-02-26 13:31:00,146.0,146.19,146.0,146.19,0
2026-02-26 13:33:00,145.45,145.99,145.45,145.99,0
2026-02-26 13:34:00,146.09,146.09,146.09,146.09,0
2026-02-26 13:36:00,146.0,146.0,146.0,146.0,0
2026-02-26 13:37:00,146.12,146.12,146.12,146.12,0
2026-02-26 13:41:00,145.549,145.549,145.549,145.549,0
2026-02-26 13:44:00,145.83,145.83,145.83,145.83,0
2026-02-26 13:47:00,146.08,146.14,146.08,146.14,0
2026-02-26 13:50:00,145.9,145.9,145.9,145.9,0
2026-02-26 13:53:00,146.451,146.451,146.34,146.34,0
2026-02-26 13:55:00,145.84,145.84,145.84,145.84,0
2026-02-26 13:56:00,146.34,146.34,146.34,146.34,0
2026-02-26 13:57:00,145.84,146.34,145.529,145.529,0
2026-02-26 13:58:00,145.7779,145.7779,145.7779,145.7779,0
2026-02-26 13:59:00,145.78,145.78,145.78,145.78,0
2026-02-26 14:02:00,145.6456,145.6456,145.6456,145.6456,0
2026-02-26 14:03:00,146.25,146.25,146.25,146.25,0
2026-02-26 14:04:00,146.0,146.0,146.0,146.0,0
2026-02-26 14:05:00,146.0,146.24,146.0,146.24,0
2026-02-26 14:07:00,146.24,146.24,146.24,146.24,0
2026-02-26 14:08:00,145.5185,146.24,145.5185,146.24,0
2026-02-26 14:09:00,146.0222,146.0222,146.0222,146.0222,0
2026-02-26 14:10:00,145.529,145.529,145.529,145.529,0
2026-02-26 14:11:00,145.5185,145.5185,145.5185,145.5185,0
2026-02-26 14:12:00,145.52,145.8,145.52,145.8,0
2026-02-26 14:15:00,145.85,145.85,145.85,145.85,0
2026-02-26 14:17:00,146.24,146.24,146.24,146.24,0
2026-02-26 14:18:00,146.2388,146.2388,146.2388,146.2388,0
2026-02-26 14:20:00,146.24,146.24,146.0,146.0,0
2026-02-26 14:22:00,146.0,146.0,146.0,146.0,0
2026-02-26 14:23:00,146.0,146.0,146.0,146.0,0
2026-02-26 14:24:00,145.84,145.84,145.84,145.84,0
2026-02-26 14:25:00,145.75,145.75,145.5,145.5,0
2026-02-26 14:26:00,145.53,145.53,145.5261,145.5261,0
2026-02-26 14:27:00,145.92,145.92,145.5,145.5,0
2026-02-26 14:28:00,145.55,145.55,145.55,145.55,0
2026-02-26 14:29:00,146.0,146.0,146.0,146.0,0
2026-02-26 14:30:00,145.940002441406,146.020004272461,145.309997558594,145.529998779297,129996
2026-02-26 14:31:00,145.449996948242,146.100006103516,145.389999389648,145.889999389648,13964
2026-02-26 14:32:00,145.960006713867,146.479995727539,145.880004882813,146.395004272461,60566
2026-02-26 14:33:00,146.460006713867,146.550003051758,146.330001831055,146.404998779297,0
2026-02-26 14:34:00,146.520004272461,146.580001831055,146.369995117188,146.535003662109,10742
2026-02-26 14:35:00,146.649993896484,146.75,146.639999389648,146.675003051758,16109
2026-02-26 14:36:00,146.679992675781,146.720001220703,146.350006103516,146.414993286133,14449
2026-02-26 14:37:00,146.350006103516,146.660003662109,146.350006103516,146.395004272461,10958
2026-02-26 14:38:00,146.440002441406,146.559997558594,146.0,146.044998168945,20845
2026-02-26 14:39:00,146.070007324219,146.330001831055,146.070007324219,146.119995117188,10909
2026-02-26 14:40:00,146.150207519531,146.190002441406,145.960006713867,146.005004882813,8740
2026-02-26 14:41:00,145.996002197266,146.128692626953,145.979995727539,146.044998168945,6914
2026-02-26 14:42:00,146.029998779297,146.119995117188,145.929992675781,146.029998779297,10303
2026-02-26 14:43:00,146.080001831055,146.440002441406,146.074996948242,146.440002441406,9704
2026-02-26 14:44:00,146.410003662109,146.740005493164,146.410003662109,146.720001220703,23162
2026-02-26 14:45:00,146.759994506836,146.759994506836,146.360107421875,146.509994506836,22498
2026-02-26 14:46:00,146.470001220703,146.619995117188,146.339996337891,146.429992675781,16776
2026-02-26 14:47:00,146.309997558594,146.460006713867,146.210006713867,146.259994506836,24738
2026-02-26 14:48:00,146.229995727539,146.256607055664,145.990005493164,146.130004882813,26051
2026-02-26 14:49:00,146.199996948242,146.300003051758,146.130004882813,146.210494995117,9172
2026-02-26 14:50:00,146.279998779297,146.399993896484,146.244995117188,146.350006103516,199518
2026-02-26 14:51:00,146.304992675781,146.304992675781,145.880004882813,145.910003662109,28686
2026-02-26 14:52:00,145.910003662109,146.389999389648,145.899993896484,146.270004272461,0
2026-02-26 14:53:00,146.369995117188,146.539993286133,146.210006713867,146.350006103516,12539
2026-02-26 14:54:00,146.300003051758,146.300003051758,146.081100463867,146.199996948242,12942
2026-02-26 14:55:00,146.139999389648,146.380004882813,146.139999389648,146.270004272461,229895
2026-02-26 14:56:00,146.309997558594,146.330001831055,145.990005493164,145.990005493164,0
2026-02-26 14:57:00,145.929992675781,146.059997558594,145.899993896484,146.009994506836,244531
2026-02-26 14:58:00,146.009994506836,146.169998168945,145.945007324219,146.134994506836,16696
2026-02-26 14:59:00,146.134994506836,146.220001220703,145.910003662109,145.940002441406,0
2026-02-26 15:00:00,145.940002441406,146.029998779297,145.879104614258,145.889999389648,11075
2026-02-26 15:01:00,145.889999389648,145.919998168945,145.679595947266,145.794998168945,22612
2026-02-26 15:02:00,145.794998168945,145.839996337891,145.710098266602,145.839996337891,8759
2026-02-26 15:03:00,145.869995117188,146.149993896484,145.869995117188,146.130004882813,17479
2026-02-26 15:04:00,146.149993896484,146.270004272461,146.149993896484,146.225006103516,7085
2026-02-26 15:05:00,146.225006103516,146.350006103516,146.100006103516,146.100006103516,334050
2026-02-26 15:06:00,146.130004882813,146.399993896484,146.100006103516,146.389999389648,0
2026-02-26 15:07:00,146.375,146.460006713867,146.289993286133,146.419998168945,12104
2026-02-26 15:08:00,146.419998168945,146.645004272461,146.389999389648,146.645004272461,15645
2026-02-26 15:09:00,146.630004882813,146.789993286133,146.570007324219,146.720001220703,28779
2026-02-26 15:10:00,146.759994506836,146.940002441406,146.67399597168,146.940002441406,371234
2026-02-26 15:11:00,146.889999389648,146.940002441406,146.759994506836,146.774993896484,0
2026-02-26 15:12:00,146.770004272461,146.779998779297,146.470001220703,146.479995727539,15916
2026-02-26 15:13:00,146.419998168945,146.520004272461,146.309997558594,146.339996337891,31771
2026-02-26 15:14:00,146.339996337891,146.399993896484,146.259994506836,146.365005493164,15585
2026-02-26 15:15:00,146.365005493164,146.365005493164,146.149993896484,146.207504272461,15544
2026-02-26 15:16:00,146.169998168945,146.169998168945,145.759994506836,145.880004882813,16565
2026-02-26 15:17:00,145.919998168945,146.059997558594,145.910003662109,145.990005493164,11690
2026-02-26 15:18:00,146.026992797852,146.089996337891,145.964996337891,146.020004272461,15403
2026-02-26 15:19:00,146.020004272461,146.054992675781,145.940002441406,146.0,12132
2026-02-26 15:20:00,146.059997558594,146.279998779297,145.919998168945,145.949996948242,22496
2026-02-26 15:21:00,145.949996948242,146.0,145.729995727539,145.755004882813,17526
2026-02-26 15:22:00,145.789993286133,145.972503662109,145.699996948242,145.955001831055,27095
2026-02-26 15:23:00,145.929992675781,146.070007324219,145.860000610352,146.044998168945,35015
2026-02-26 15:24:00,146.044998168945,146.044998168945,145.764999389648,145.779998779297,479893
2026-02-26 15:25:00,145.809997558594,145.869995117188,145.729995727539,145.764999389648,0
2026-02-26 15:26:00,145.794998168945,145.970001220703,145.759994506836,145.934997558594,17898
2026-02-26 15:27:00,145.929992675781,145.929992675781,145.520004272461,145.535003662109,554547
2026-02-26 15:28:00,145.535003662109,145.725006103516,145.535003662109,145.660003662109,0
2026-02-26 15:29:00,145.669998168945,145.850006103516,145.664993286133,145.789993286133,15023
2026-02-26 15:30:00,145.820007324219,145.899993896484,145.740005493164,145.809997558594,17769
2026-02-26 15:31:00,145.809997558594,146.240005493164,145.789993286133,146.130004882813,554119
2026-02-26 15:32:00,146.130004882813,146.199996948242,146.009994506836,146.009994506836,0
2026-02-26 15:33:00,145.970001220703,145.979995727539,145.821304321289,145.925003051758,8219
2026-02-26 15:34:00,145.940002441406,145.949996948242,145.815307617188,145.929992675781,563913
2026-02-26 15:35:00,145.940002441406,146.119995117188,145.910003662109,146.080001831055,0
2026-02-26 15:36:00,146.050003051758,146.100006103516,145.854995727539,145.945007324219,6704
2026-02-26 15:37:00,145.990005493164,146.190002441406,145.990005493164,146.065002441406,10810
2026-02-26 15:38:00,146.089996337891,146.270004272461,146.0,146.270004272461,6983
2026-02-26 15:39:00,146.235000610352,146.270004272461,146.104995727539,146.139999389648,10662
2026-02-26 15:40:00,146.220001220703,146.429992675781,146.195007324219,146.320007324219,11778
2026-02-26 15:41:00,146.320007324219,146.330001831055,146.130004882813,146.190002441406,9051
2026-02-26 15:42:00,146.114807128906,146.130004882813,145.970001220703,146.029998779297,11380
2026-02-26 15:43:00,146.009994506836,146.089996337891,145.979995727539,145.979995727539,14626
2026-02-26 15:44:00,146.0,146.119995117188,145.919998168945,146.059997558594,13820
2026-02-26 15:45:00,146.089996337891,146.360000610352,146.089996337891,146.350006103516,12663
2026-02-26 15:46:00,146.350006103516,146.369995117188,146.139999389648,146.145004272461,21772
2026-02-26 15:47:00,146.139999389648,146.479995727539,146.130004882813,146.429992675781,656339
2026-02-26 15:48:00,146.425003051758,146.559997558594,146.380004882813,146.380004882813,30252
2026-02-26 15:49:00,146.380004882813,146.380004882813,146.320007324219,146.324996948242,0
2026-02-26 15:50:00,146.324996948242,146.324996948242,146.184997558594,146.259994506836,8239
2026-02-26 15:51:00,146.25,146.320007324219,146.119995117188,146.320007324219,17028
2026-02-26 15:52:00,146.279998779297,146.570007324219,146.279998779297,146.479995727539,22809
2026-02-26 15:53:00,146.470001220703,146.470001220703,146.279998779297,146.279998779297,12320
2026-02-26 15:54:00,146.264999389648,146.320007324219,146.210006713867,146.214996337891,11932
2026-02-26 15:55:00,146.229995727539,146.289993286133,146.190002441406,146.225006103516,19113
2026-02-26 15:56:00,146.199996948242,146.226806640625,146.054992675781,146.125,711866
2026-02-26 15:57:00,146.089996337891,146.145004272461,145.970001220703,146.050003051758,0
2026-02-26 15:58:00,146.050003051758,146.199996948242,146.029998779297,146.154998779297,13553
2026-02-26 15:59:00,146.145004272461,146.190002441406,146.070007324219,146.115005493164,19713
2026-02-26 16:00:00,146.139999389648,146.279998779297,146.139999389648,146.25,25821
2026-02-26 16:01:00,146.240005493164,146.289993286133,146.179992675781,146.210006713867,18443
2026-02-26 16:02:00,146.205001831055,146.259994506836,146.029998779297,146.195007324219,21412
2026-02-26 16:03:00,146.25,146.251495361328,146.0,146.0,765910
2026-02-26 16:04:00,146.020004272461,146.130004882813,146.009994506836,146.130004882813,0
2026-02-26 16:05:00,146.110000610352,146.229995727539,146.100006103516,146.149993896484,772365
2026-02-26 16:06:00,146.169998168945,146.169998168945,145.970001220703,146.080001831055,0
2026-02-26 16:07:00,146.095001220703,146.490005493164,146.095001220703,146.479995727539,11901
2026-02-26 16:08:00,146.380004882813,146.550003051758,146.360000610352,146.539993286133,11919
2026-02-26 16:09:00,146.524993896484,146.619995117188,146.460006713867,146.479995727539,10282
2026-02-26 16:10:00,146.479995727539,146.520904541016,146.410003662109,146.425003051758,9605
2026-02-26 16:11:00,146.399993896484,146.485000610352,146.369995117188,146.404998779297,10614
2026-02-26 16:12:00,146.414993286133,146.639999389648,146.389999389648,146.580001831055,14143
2026-02-26 16:13:00,146.539993286133,146.600006103516,146.520004272461,146.559997558594,13430
2026-02-26 16:14:00,146.600006103516,146.679992675781,146.520004272461,146.669998168945,14566
2026-02-26 16:15:00,146.649993896484,146.660003662109,146.580001831055,146.619995117188,12027
2026-02-26 16:16:00,146.660003662109,146.660003662109,146.521392822266,146.595001220703,825504
2026-02-26 16:17:00,146.565399169922,146.580001831055,146.399993896484,146.422500610352,0
2026-02-26 16:18:00,146.425003051758,146.449996948242,146.339996337891,146.395004272461,6332
2026-02-26 16:19:00,146.395004272461,146.440002441406,146.270004272461,146.270004272461,16929
2026-02-26 16:20:00,146.255004882813,146.335006713867,146.210006713867,146.240005493164,867508
2026-02-26 16:21:00,146.229995727539,146.259994506836,146.070007324219,146.100006103516,0
2026-02-26 16:22:00,146.089996337891,146.139999389648,145.895004272461,145.915496826172,12594
2026-02-26 16:23:00,145.895004272461,145.949996948242,145.809997558594,145.884994506836,878628
2026-02-26 16:24:00,145.880004882813,145.990005493164,145.880004882813,145.990005493164,0
2026-02-26 16:25:00,145.960006713867,146.0,145.779998779297,145.910003662109,11211
2026-02-26 16:26:00,145.929992675781,145.960006713867,145.820007324219,145.860000610352,9944
2026-02-26 16:27:00,145.845001220703,146.039993286133,145.845001220703,146.009994506836,8127
2026-02-26 16:28:00,146.009994506836,146.089996337891,145.919998168945,145.979995727539,896832
2026-02-26 16:29:00,146.0,146.079895019531,145.890106201172,146.020004272461,0
2026-02-26 16:30:00,146.039993286133,146.054992675781,145.940002441406,145.940002441406,10223
2026-02-26 16:31:00,145.940002441406,145.940002441406,145.759994506836,145.779998779297,5915
2026-02-26 16:32:00,145.770004272461,145.970001220703,145.770004272461,145.919998168945,14904
2026-02-26 16:33:00,145.869995117188,145.875,145.699996948242,145.705001831055,3715
2026-02-26 16:34:00,145.720001220703,145.735000610352,145.619995117188,145.690002441406,910127
2026-02-26 16:35:00,145.695602416992,145.739898681641,145.559997558594,145.610000610352,0
2026-02-26 16:36:00,145.529998779297,145.529998779297,145.404998779297,145.440002441406,10694
2026-02-26 16:37:00,145.350006103516,145.369995117188,145.300003051758,145.300003051758,4250
2026-02-26 16:38:00,145.279998779297,145.279998779297,145.195007324219,145.250793457031,7793
2026-02-26 16:39:00,145.235000610352,145.235000610352,145.145004272461,145.145004272461,4878
2026-02-26 16:40:00,145.160003662109,145.25,145.160003662109,145.235000610352,10839
2026-02-26 16:41:00,145.279998779297,145.320007324219,145.160003662109,145.320007324219,939517
2026-02-26 16:42:00,145.302200317383,145.429992675781,145.25,145.380004882813,0
2026-02-26 16:43:00,145.384994506836,145.460006713867,145.320007324219,145.330001831055,18548
2026-02-26 16:44:00,145.349899291992,145.349899291992,145.190002441406,145.190002441406,12098
2026-02-26 16:45:00,145.210006713867,145.25,145.050003051758,145.100006103516,10116
2026-02-26 16:46:00,145.080001831055,145.235000610352,145.020004272461,145.139999389648,15272
2026-02-26 16:47:00,145.259994506836,145.259994506836,145.210006713867,145.225006103516,1302
2026-02-26 16:48:00,145.255004882813,145.309997558594,145.255004882813,145.309997558594,2642
2026-02-26 16:49:00,145.330001831055,145.5,145.330001831055,145.440002441406,5427
2026-02-26 16:50:00,145.419998168945,145.419998168945,145.330001831055,145.350006103516,3604
2026-02-26 16:51:00,145.259994506836,145.425003051758,145.25,145.369995117188,966177
2026-02-26 16:52:00,145.360000610352,145.440002441406,145.320007324219,145.320007324219,0
2026-02-26 16:53:00,145.300003051758,145.410003662109,145.270095825195,145.410003662109,9800
2026-02-26 16:54:00,145.440002441406,145.440002441406,145.320007324219,145.399993896484,4413
2026-02-26 16:55:00,145.369995117188,145.434997558594,145.369995117188,145.389999389648,7307
2026-02-26 16:56:00,145.350006103516,145.434997558594,145.300994873047,145.304504394531,7332
2026-02-26 16:57:00,145.304992675781,145.410003662109,145.300003051758,145.410003662109,9374
2026-02-26 16:58:00,145.410003662109,145.619995117188,145.410003662109,145.580001831055,18776
2026-02-26 16:59:00,145.589996337891,145.684997558594,145.470001220703,145.539993286133,17361
2026-02-26 17:00:00,145.520004272461,145.630004882813,145.475006103516,145.630004882813,6082
2026-02-26 17:01:00,145.630004882813,145.645004272461,145.445007324219,145.51530456543,16685
2026-02-26 17:02:00,145.440002441406,145.498397827148,145.389999389648,145.399993896484,9163
2026-02-26 17:03:00,145.380004882813,145.549896240234,145.360000610352,145.549896240234,7891
2026-02-26 17:04:00,145.490005493164,145.595001220703,145.490005493164,145.595001220703,7281
2026-02-26 17:05:00,145.634994506836,145.740005493164,145.600006103516,145.610000610352,4925
2026-02-26 17:06:00,145.600006103516,145.699996948242,145.539993286133,145.559997558594,4114
2026-02-26 17:07:00,145.529998779297,145.714996337891,145.529998779297,145.626007080078,12092
2026-02-26 17:08:00,145.675003051758,145.716201782227,145.639999389648,145.690002441406,5987
2026-02-26 17:09:00,145.660003662109,145.690002441406,145.600006103516,145.600006103516,8410
2026-02-26 17:10:00,145.630004882813,145.639999389648,145.615005493164,145.615005493164,3212
2026-02-26 17:11:00,145.615005493164,145.679992675781,145.589996337891,145.639999389648,6261
2026-02-26 17:12:00,145.610000610352,145.660003662109,145.539993286133,145.639999389648,1056777
2026-02-26 17:13:00,145.649993896484,145.649993896484,145.509994506836,145.550003051758,0
2026-02-26 17:14:00,145.524993896484,145.539993286133,145.464996337891,145.490005493164,4334
2026-02-26 17:15:00,145.520004272461,145.520004272461,145.369995117188,145.369995117188,3459
2026-02-26 17:16:00,145.389999389648,145.445007324219,145.320007324219,145.330001831055,6837
2026-02-26 17:17:00,145.330001831055,145.339996337891,145.279998779297,145.339996337891,4411
2026-02-26 17:18:00,145.324996948242,145.350006103516,145.259994506836,145.330001831055,9751
2026-02-26 17:19:00,145.335006713867,145.440002441406,145.270004272461,145.360000610352,6826
2026-02-26 17:20:00,145.354995727539,145.360000610352,145.300003051758,145.300003051758,3702
2026-02-26 17:21:00,145.324996948242,145.324996948242,145.149993896484,145.149993896484,12796
2026-02-26 17:22:00,145.130004882813,145.130004882813,145.095001220703,145.100006103516,3193
2026-02-26 17:23:00,145.080001831055,145.089996337891,144.910095214844,144.975006103516,35604
2026-02-26 17:24:00,144.990005493164,145.0,144.960006713867,144.979995727539,3830
2026-02-26 17:25:00,144.960006713867,144.990005493164,144.919998168945,144.955001831055,7611
2026-02-26 17:26:00,144.920104980469,144.949996948242,144.899993896484,144.917999267578,6245
2026-02-26 17:27:00,144.934997558594,144.948806762695,144.899993896484,144.919998168945,7521
2026-02-26 17:28:00,144.869995117188,145.070007324219,144.85009765625,145.050003051758,27354
2026-02-26 17:29:00,145.059997558594,145.080001831055,145.009994506836,145.080001831055,8857
2026-02-26 17:30:00,145.110000610352,145.190002441406,145.110000610352,145.169998168945,4115
2026-02-26 17:31:00,145.199996948242,145.211502075195,145.091201782227,145.169998168945,27892
2026-02-26 17:32:00,145.179992675781,145.25,145.100006103516,145.100006103516,22124
2026-02-26 17:33:00,145.229995727539,145.289993286133,145.160003662109,145.225006103516,13852
2026-02-26 17:34:00,145.220001220703,145.270004272461,145.219604492188,145.270004272461,13061
2026-02-26 17:35:00,145.160003662109,145.160003662109,145.049697875977,145.104995727539,13626
2026-02-26 17:36:00,145.089996337891,145.169998168945,145.085006713867,145.130004882813,9415
2026-02-26 17:37:00,145.100006103516,145.100006103516,144.960006713867,144.960006713867,12459
2026-02-26 17:38:00,144.964996337891,145.039993286133,144.964996337891,145.029998779297,8947
2026-02-26 17:39:00,145.020004272461,145.080001831055,145.020004272461,145.080001831055,4299
2026-02-26 17:40:00,145.070007324219,145.095001220703,144.925003051758,144.940002441406,8573
2026-02-26 17:41:00,144.970001220703,145.029907226563,144.889999389648,144.899993896484,11543
2026-02-26 17:42:00,144.877395629883,144.949996948242,144.877395629883,144.899993896484,6180
2026-02-26 17:43:00,144.919998168945,144.940002441406,144.899993896484,144.934997558594,1180881
2026-02-26 17:44:00,144.914993286133,144.940002441406,144.899993896484,144.940002441406,0
2026-02-26 17:45:00,144.929992675781,144.960006713867,144.899993896484,144.949996948242,8738
2026-02-26 17:46:00,144.959594726563,144.990005493164,144.920104980469,144.920104980469,8030
2026-02-26 17:47:00,144.994995117188,145.0,144.979995727539,145.0,4732
2026-02-26 17:48:00,144.994995117188,145.210006713867,144.970001220703,145.195007324219,16266
2026-02-26 17:49:00,145.134994506836,145.190002441406,145.039993286133,145.085006713867,20780
2026-02-26 17:50:00,145.083404541016,145.083404541016,145.029998779297,145.050003051758,2519
2026-02-26 17:51:00,145.035003662109,145.294998168945,145.035003662109,145.214996337891,5829
2026-02-26 17:52:00,145.199996948242,145.300003051758,145.199996948242,145.289993286133,2596
2026-02-26 17:53:00,145.289993286133,145.330001831055,145.169998168945,145.169998168945,7916
2026-02-26 17:54:00,145.25,145.339996337891,145.240005493164,145.339904785156,6869
2026-02-26 17:55:00,145.309997558594,145.360000610352,145.289993286133,145.289993286133,4958
2026-02-26 17:56:00,145.300003051758,145.404998779297,145.300003051758,145.350006103516,4872
2026-02-26 17:57:00,145.350006103516,145.350006103516,145.309997558594,145.309997558594,1466
2026-02-26 17:58:00,145.309997558594,145.389999389648,145.309997558594,145.389999389648,6690
2026-02-26 17:59:00,145.399993896484,145.440002441406,145.390106201172,145.419998168945,1230449
2026-02-26 18:00:00,145.440002441406,145.449905395508,145.350006103516,145.350006103516,0
2026-02-26 18:01:00,145.350006103516,145.429901123047,145.350006103516,145.360000610352,13574
2026-02-26 18:02:00,145.350006103516,145.399993896484,145.335998535156,145.380004882813,3636
2026-02-26 18:03:00,145.380004882813,145.399993896484,145.270004272461,145.300003051758,1239355
2026-02-26 18:04:00,145.259994506836,145.320007324219,145.259994506836,145.270004272461,0
2026-02-26 18:05:00,145.259994506836,145.360000610352,145.259994506836,145.300003051758,7977
2026-02-26 18:06:00,145.304992675781,145.320007324219,145.194198608398,145.194198608398,5188
2026-02-26 18:07:00,145.179992675781,145.190002441406,145.139999389648,145.149993896484,4049
2026-02-26 18:08:00,145.139999389648,145.139999389648,144.990005493164,145.039993286133,8701
2026-02-26 18:09:00,144.990005493164,145.050003051758,144.990005493164,145.050003051758,3506
2026-02-26 18:10:00,145.059997558594,145.130004882813,145.059997558594,145.130004882813,5955
2026-02-26 18:11:00,145.089996337891,145.190002441406,145.050003051758,145.190002441406,6716
2026-02-26 18:12:00,145.190002441406,145.218307495117,145.160003662109,145.160003662109,4444
2026-02-26 18:13:00,145.190002441406,145.279998779297,145.190002441406,145.279998779297,7416
2026-02-26 18:14:00,145.270004272461,145.360000610352,145.270004272461,145.360000610352,6922
2026-02-26 18:15:00,145.339996337891,145.360000610352,145.179992675781,145.179992675781,13018
2026-02-26 18:16:00,145.179000854492,145.179000854492,145.054992675781,145.110000610352,6167
2026-02-26 18:17:00,145.104995727539,145.300003051758,145.104995727539,145.285003662109,4293
2026-02-26 18:18:00,145.309997558594,145.339996337891,145.304992675781,145.330001831055,8397
2026-02-26 18:19:00,145.320007324219,145.360000610352,145.304992675781,145.339996337891,6035
2026-02-26 18:20:00,145.320007324219,145.335006713867,145.199996948242,145.220001220703,4968
2026-02-26 18:21:00,145.259994506836,145.259994506836,145.160003662109,145.160003662109,1631
2026-02-26 18:22:00,145.169998168945,145.270004272461,145.169998168945,145.255004882813,8371
2026-02-26 18:23:00,145.244995117188,145.330001831055,145.229995727539,145.330001831055,12500
2026-02-26 18:24:00,145.300003051758,145.389999389648,145.270004272461,145.369995117188,5316
2026-02-26 18:25:00,145.354995727539,145.360000610352,145.309997558594,145.347106933594,5374
2026-02-26 18:26:00,145.360000610352,145.419998168945,145.360000610352,145.419998168945,2724
2026-02-26 18:27:00,145.490005493164,145.5,145.399993896484,145.399993896484,5089
2026-02-26 18:28:00,145.393798828125,145.395004272461,145.380004882813,145.380004882813,1271
2026-02-26 18:29:00,145.399993896484,145.399993896484,145.320007324219,145.354995727539,13223
2026-02-26 18:30:00,145.350006103516,145.410003662109,145.350006103516,145.406997680664,5484
2026-02-26 18:31:00,145.395004272461,145.402496337891,145.25,145.354995727539,10117
2026-02-26 18:32:00,145.339996337891,145.339996337891,145.199996948242,145.240005493164,7321
2026-02-26 18:33:00,145.235000610352,145.339996337891,145.169998168945,145.335006713867,7447
2026-02-26 18:34:00,145.354995727539,145.419998168945,145.259994506836,145.369995117188,7149
2026-02-26 18:35:00,145.369995117188,145.369995117188,145.259994506836,145.259994506836,3250
2026-02-26 18:36:00,145.300003051758,145.399993896484,145.300003051758,145.399993896484,3653
2026-02-26 18:37:00,145.449996948242,145.520004272461,145.399993896484,145.430892944336,8704
2026-02-26 18:38:00,145.380004882813,145.380004882813,145.330001831055,145.330001831055,2805
2026-02-26 18:39:00,145.380004882813,145.420104980469,145.365005493164,145.414993286133,2855
2026-02-26 18:40:00,145.414993286133,145.414993286133,145.300003051758,145.300003051758,6464
2026-02-26 18:41:00,145.369995117188,145.389999389648,145.342193603516,145.369995117188,2366
2026-02-26 18:42:00,145.369995117188,145.369995117188,145.259994506836,145.304992675781,4982
2026-02-26 18:43:00,145.339996337891,145.429992675781,145.339996337891,145.429992675781,6579
2026-02-26 18:44:00,145.440002441406,145.580001831055,145.440002441406,145.509994506836,7203
2026-02-26 18:45:00,145.630798339844,145.690002441406,145.600006103516,145.690002441406,7875
2026-02-26 18:46:00,145.625900268555,145.669998168945,145.570007324219,145.570007324219,3245
2026-02-26 18:47:00,145.537506103516,145.537506103516,145.414993286133,145.414993286133,3026
2026-02-26 18:48:00,145.440002441406,145.440002441406,145.309997558594,145.339996337891,6645
2026-02-26 18:49:00,145.300003051758,145.309997558594,145.279998779297,145.289703369141,2592
2026-02-26 18:50:00,145.300003051758,145.309997558594,145.160003662109,145.165100097656,4900
2026-02-26 18:51:00,145.149993896484,145.160003662109,145.119995117188,145.149993896484,5064
2026-02-26 18:52:00,145.149993896484,145.190002441406,145.149993896484,145.164993286133,2541
2026-02-26 18:53:00,145.199996948242,145.270004272461,145.199996948242,145.210006713867,3063
2026-02-26 18:54:00,145.198501586914,145.199996948242,145.160003662109,145.169998168945,2747
2026-02-26 18:55:00,145.139999389648,145.184997558594,145.139999389648,145.184997558594,5263
2026-02-26 18:56:00,145.210006713867,145.300003051758,145.184997558594,145.300003051758,8076
2026-02-26 18:57:00,145.300003051758,145.300003051758,145.210006713867,145.25,2564
2026-02-26 18:58:00,145.289993286133,145.289993286133,145.240005493164,145.240005493164,3307
2026-02-26 18:59:00,145.29460144043,145.330001831055,145.279998779297,145.279998779297,4491
2026-02-26 19:00:00,145.259994506836,145.259994506836,144.850006103516,145.0,40503
2026-02-26 19:01:00,145.0,145.089996337891,144.880004882813,145.029998779297,14186
2026-02-26 19:02:00,144.975006103516,144.979995727539,144.639999389648,144.809997558594,29364
2026-02-26 19:03:00,144.830093383789,145.100006103516,144.830093383789,145.039993286133,9050
2026-02-26 19:04:00,145.009994506836,145.059997558594,144.520004272461,144.559997558594,24521
2026-02-26 19:05:00,144.544998168945,144.800003051758,144.529998779297,144.800003051758,13243
2026-02-26 19:06:00,144.809997558594,144.940002441406,144.809997558594,144.940002441406,7953
2026-02-26 19:07:00,144.957992553711,144.960006713867,144.899993896484,144.960006713867,3274
2026-02-26 19:08:00,144.949996948242,144.949996948242,144.919998168945,144.934997558594,3812
2026-02-26 19:09:00,144.920104980469,145.199798583984,144.899993896484,145.160003662109,9952
2026-02-26 19:10:00,145.190002441406,145.330001831055,145.179992675781,145.274993896484,1423346
2026-02-26 19:11:00,145.270004272461,145.320495605469,145.264999389648,145.320495605469,0
2026-02-26 19:12:00,145.320007324219,145.380004882813,145.320007324219,145.375,3773
2026-02-26 19:13:00,145.320007324219,145.372100830078,145.270004272461,145.372100830078,4397
2026-02-26 19:14:00,145.365005493164,145.479995727539,145.339996337891,145.399993896484,9484
2026-02-26 19:15:00,145.389999389648,145.445007324219,145.369995117188,145.445007324219,3833
2026-02-26 19:16:00,145.445007324219,145.570007324219,145.445007324219,145.524993896484,9992
2026-02-26 19:17:00,145.5,145.509399414063,145.419998168945,145.419998168945,6194
2026-02-26 19:18:00,145.470001220703,145.600006103516,145.440002441406,145.440002441406,3285
2026-02-26 19:19:00,145.470001220703,145.505004882813,145.464996337891,145.505004882813,2739
2026-02-26 19:20:00,145.429992675781,145.44709777832,145.360000610352,145.369995117188,6889
2026-02-26 19:21:00,145.320007324219,145.369995117188,145.164993286133,145.165100097656,8408
2026-02-26 19:22:00,145.199905395508,145.199996948242,145.130004882813,145.130004882813,7231
2026-02-26 19:23:00,145.139999389648,145.210006713867,145.139999389648,145.145004272461,8493
2026-02-26 19:24:00,145.100006103516,145.289993286133,145.100006103516,145.289993286133,3340
2026-02-26 19:25:00,145.289993286133,145.289993286133,145.179992675781,145.179992675781,3063
2026-02-26 19:26:00,145.115005493164,145.115005493164,145.044998168945,145.074996948242,12858
2026-02-26 19:27:00,145.000106811523,145.050003051758,145.000106811523,145.050003051758,1455
2026-02-26 19:28:00,145.0,145.100006103516,144.960006713867,145.050094604492,11857
2026-02-26 19:29:00,145.020004272461,145.050003051758,145.0,145.050003051758,2559
2026-02-26 19:30:00,145.089996337891,145.154998779297,145.074996948242,145.130004882813,9493
2026-02-26 19:31:00,145.169998168945,145.199996948242,145.134994506836,145.160003662109,8471
2026-02-26 19:32:00,145.220001220703,145.289993286133,145.199996948242,145.274993896484,7375
2026-02-26 19:33:00,145.259994506836,145.360000610352,145.259994506836,145.345001220703,4513
2026-02-26 19:34:00,145.350006103516,145.460006713867,145.350006103516,145.419998168945,5596
2026-02-26 19:35:00,145.419998168945,145.494995117188,145.399993896484,145.460006713867,4926
2026-02-26 19:36:00,145.449996948242,145.449996948242,145.369995117188,145.399993896484,5876
2026-02-26 19:37:00,145.399993896484,145.440002441406,145.380004882813,145.440002441406,7723
2026-02-26 19:38:00,145.425003051758,145.440002441406,145.399993896484,145.440002441406,4735
2026-02-26 19:39:00,145.440002441406,145.451507568359,145.410003662109,145.420104980469,5979
2026-02-26 19:40:00,145.425003051758,145.490005493164,145.399993896484,145.479995727539,5999
2026-02-26 19:41:00,145.494995117188,145.494995117188,145.360000610352,145.360000610352,10634
2026-02-26 19:42:00,145.352493286133,145.354995727539,145.309997558594,145.339996337891,10429
2026-02-26 19:43:00,145.320007324219,145.339996337891,145.214996337891,145.339996337891,3966
2026-02-26 19:44:00,145.320007324219,145.339996337891,145.289993286133,145.330001831055,4153
2026-02-26 19:45:00,145.350006103516,145.350006103516,145.324996948242,145.339996337891,4868
2026-02-26 19:46:00,145.309997558594,145.331497192383,145.289993286133,145.324996948242,4055
2026-02-26 19:47:00,145.350006103516,145.440002441406,145.350006103516,145.425003051758,9070
2026-02-26 19:48:00,145.425003051758,145.440002441406,145.390106201172,145.440002441406,1695
2026-02-26 19:49:00,145.434997558594,145.470001220703,145.404998779297,145.429992675781,9526
2026-02-26 19:50:00,145.429992675781,145.429992675781,145.371002197266,145.384994506836,7783
2026-02-26 19:51:00,145.410003662109,145.49299621582,145.410003662109,145.490005493164,7853
2026-02-26 19:52:00,145.550003051758,145.550003051758,145.479995727539,145.5,5520
2026-02-26 19:53:00,145.494995117188,145.539993286133,145.490005493164,145.539993286133,4445
2026-02-26 19:54:00,145.529998779297,145.529998779297,145.479995727539,145.5,5058
2026-02-26 19:55:00,145.494995117188,145.509994506836,145.464996337891,145.464996337891,5133
2026-02-26 19:56:00,145.479995727539,145.554992675781,145.419998168945,145.419998168945,8809
2026-02-26 19:57:00,145.410003662109,145.449996948242,145.279998779297,145.365005493164,22858
2026-02-26 19:58:00,145.365005493164,145.380004882813,145.259994506836,145.259994506836,9041
2026-02-26 19:59:00,145.259994506836,145.345001220703,145.259994506836,145.345001220703,5106
2026-02-26 20:00:00,145.339996337891,145.419998168945,145.270004272461,145.419998168945,9099
2026-02-26 20:01:00,145.410003662109,145.429992675781,145.330001831055,145.429992675781,6873
2026-02-26 20:02:00,145.429992675781,145.529998779297,145.429992675781,145.485000610352,11081
2026-02-26 20:03:00,145.479995727539,145.615005493164,145.479995727539,145.600006103516,5749
2026-02-26 20:04:00,145.619995117188,145.649993896484,145.600006103516,145.630004882813,6430
2026-02-26 20:05:00,145.669998168945,145.679992675781,145.619995117188,145.649993896484,7529
2026-02-26 20:06:00,145.649993896484,145.660003662109,145.600006103516,145.610000610352,6181
2026-02-26 20:07:00,145.610000610352,145.610000610352,145.365005493164,145.365005493164,9103
2026-02-26 20:08:00,145.339996337891,145.389999389648,145.320007324219,145.339996337891,3648
2026-02-26 20:09:00,145.339996337891,145.490005493164,145.339996337891,145.369995117188,10737
2026-02-26 20:10:00,145.360000610352,145.419998168945,145.330001831055,145.350006103516,8276
2026-02-26 20:11:00,145.360000610352,145.380004882813,145.309997558594,145.375,13048
2026-02-26 20:12:00,145.384994506836,145.410003662109,145.300003051758,145.327499389648,9124
2026-02-26 20:13:00,145.339996337891,145.339996337891,145.240005493164,145.264999389648,12902
2026-02-26 20:14:00,145.274993896484,145.389999389648,145.274993896484,145.330001831055,6354
2026-02-26 20:15:00,145.300003051758,145.315002441406,145.285003662109,145.300003051758,4429
2026-02-26 20:16:00,145.315002441406,145.369995117188,145.300003051758,145.369995117188,4235
2026-02-26 20:17:00,145.369995117188,145.404998779297,145.339996337891,145.380004882813,13200
2026-02-26 20:18:00,145.380004882813,145.449996948242,145.375,145.449996948242,5084
2026-02-26 20:19:00,145.479995727539,145.559997558594,145.479995727539,145.550003051758,10916
2026-02-26 20:20:00,145.536499023438,145.569900512695,145.470001220703,145.470092773438,8605
2026-02-26 20:21:00,145.470001220703,145.470001220703,145.399993896484,145.407501220703,8107
2026-02-26 20:22:00,145.419998168945,145.429992675781,145.360000610352,145.360000610352,6097
2026-02-26 20:23:00,145.330001831055,145.345001220703,145.320007324219,145.339996337891,8616
2026-02-26 20:24:00,145.335006713867,145.379104614258,145.320007324219,145.360000610352,5034
2026-02-26 20:25:00,145.350006103516,145.350006103516,145.190002441406,145.199996948242,9909
2026-02-26 20:26:00,145.210006713867,145.339996337891,145.210006713867,145.294998168945,12297
2026-02-26 20:27:00,145.300003051758,145.335006713867,145.276596069336,145.335006713867,13680
2026-02-26 20:28:00,145.339996337891,145.399993896484,145.300003051758,145.300003051758,10023
2026-02-26 20:29:00,145.270004272461,145.270004272461,145.149993896484,145.149993896484,10278
2026-02-26 20:30:00,145.160003662109,145.240005493164,145.160003662109,145.240005493164,7728
2026-02-26 20:31:00,145.229995727539,145.300003051758,145.229995727539,145.259994506836,14484
2026-02-26 20:32:00,145.25,145.339996337891,145.210006713867,145.330001831055,10437
2026-02-26 20:33:00,145.320007324219,145.360000610352,145.300003051758,145.330001831055,7742
2026-02-26 20:34:00,145.360000610352,145.389999389648,145.309997558594,145.389999389648,8703
2026-02-26 20:35:00,145.380004882813,145.410003662109,145.360000610352,145.389999389648,10673
2026-02-26 20:36:00,145.389999389648,145.429992675781,145.350006103516,145.350006103516,14570
2026-02-26 20:37:00,145.339996337891,145.369995117188,145.300003051758,145.300003051758,1804965
2026-02-26 20:38:00,145.300003051758,145.490005493164,145.300003051758,145.485000610352,0
2026-02-26 20:39:00,145.5,145.589996337891,145.490005493164,145.589996337891,12647
2026-02-26 20:40:00,145.574996948242,145.574996948242,145.449996948242,145.449996948242,10514
2026-02-26 20:41:00,145.434997558594,145.470001220703,145.389999389648,145.399993896484,10618
2026-02-26 20:42:00,145.360000610352,145.380004882813,145.309997558594,145.369995117188,7334
2026-02-26 20:43:00,145.369995117188,145.380004882813,145.270004272461,145.270004272461,17970
2026-02-26 20:44:00,145.229995727539,145.25,145.210006713867,145.220001220703,8211
2026-02-26 20:45:00,145.220001220703,145.300003051758,145.169998168945,145.294998168945,25763
2026-02-26 20:46:00,145.309997558594,145.309997558594,145.199996948242,145.209106445313,21315
2026-02-26 20:47:00,145.220001220703,145.240005493164,145.195007324219,145.220001220703,8392
2026-02-26 20:48:00,145.240005493164,145.289993286133,145.225006103516,145.270004272461,9912
2026-02-26 20:49:00,145.279998779297,145.380004882813,145.270004272461,145.273498535156,12445
2026-02-26 20:50:00,145.339996337891,145.339996337891,145.219100952148,145.330001831055,16971
2026-02-26 20:51:00,145.314895629883,145.445007324219,145.314895629883,145.440002441406,12456
2026-02-26 20:52:00,145.429992675781,145.470001220703,145.390106201172,145.464996337891,13826
2026-02-26 20:53:00,145.479995727539,145.619995117188,145.429992675781,145.619995117188,15173
2026-02-26 20:54:00,145.600006103516,145.75,145.56120300293,145.639999389648,20786
2026-02-26 20:55:00,145.600006103516,145.600006103516,145.309997558594,145.460006713867,41180
2026-02-26 20:56:00,145.460006713867,145.475006103516,145.410003662109,145.460098266602,44586
2026-02-26 20:57:00,145.479995727539,145.559997558594,145.449996948242,145.509994506836,60080
2026-02-26 20:58:00,145.5,145.589996337891,145.5,145.580001831055,63765
2026-02-26 20:59:00,145.580001831055,145.639999389648,145.509994506836,145.608993530273,214658
2026-02-26 21:00:00,145.59,145.86,145.46,145.59,1553419
2026-02-26 21:01:00,145.59,145.59,145.59,145.59,0
2026-02-26 21:02:00,145.59,145.6,145.59,145.59,0
2026-02-26 21:03:00,145.59,145.59,145.59,145.59,0
2026-02-26 21:04:00,145.59,145.59,145.52,145.59,0
2026-02-26 21:05:00,145.74,145.74,145.59,145.72,0
2026-02-26 21:06:00,145.64,145.64,145.64,145.64,0
2026-02-26 21:10:00,145.59,145.59,145.59,145.59,0
2026-02-26 21:12:00,145.59,145.6,145.52,145.6,0
2026-02-26 21:14:00,145.56,145.56,145.56,145.56,0
2026-02-26 21:15:00,145.59,145.59,145.46,145.46,0
2026-02-26 21:17:00,145.86,145.86,145.86,145.86,0
2026-02-26 21:19:00,145.71,145.71,145.71,145.71,0
2026-02-26 21:20:00,145.6894,145.6894,145.6894,145.6894,0
2026-02-26 21:21:00,145.46,145.71,145.46,145.71,0
2026-02-26 21:22:00,145.71,145.71,145.71,145.71,0
2026-02-26 21:23:00,145.71,145.74,145.71,145.74,0
2026-02-26 21:24:00,145.79,145.81,145.42,145.42,0
2026-02-26 21:27:00,145.6,145.6,145.6,145.6,0
2026-02-26 21:28:00,145.77,145.81,145.77,145.81,0
2026-02-26 21:33:00,145.86,145.86,145.86,145.86,0
2026-02-26 21:35:00,145.59,145.8,145.59,145.8,0
2026-02-26 21:37:00,145.57,145.86,144.6,145.86,0
2026-02-26 21:38:00,145.65,145.65,145.65,145.65,0
2026-02-26 21:39:00,144.68,144.68,144.68,144.68,0
2026-02-26 21:42:00,145.39,145.39,145.39,145.39,0
2026-02-26 21:43:00,145.39,145.75,145.39,145.75,0
2026-02-26 21:45:00,145.75,145.75,145.75,145.75,0
2026-02-26 21:46:00,144.94,144.94,144.69,144.69,0
2026-02-26 21:47:00,145.75,145.75,145.75,145.75,0
2026-02-26 21:49:00,145.49,145.55,145.49,145.55,0
2026-02-26 21:50:00,145.75,145.75,145.75,145.75,0
2026-02-26 21:53:00,145.4977,145.4977,144.7,144.7,0
2026-02-26 21:57:00,145.4982,145.4982,145.4982,145.4982,0
2026-02-26 21:58:00,145.4353,145.4353,145.4353,145.4353,0
2026-02-26 21:59:00,145.5,145.5,145.5,145.5,0
2026-02-26 22:02:00,145.75,145.75,145.46,145.47,0
2026-02-26 22:04:00,145.46,145.7499,145.46,145.7499,0
2026-02-26 22:07:00,145.45,145.45,145.45,145.45,0
2026-02-26 22:08:00,144.8,144.8,144.8,144.8,0
2026-02-26 22:11:00,144.91,144.91,144.91,144.91,0
2026-02-26 22:16:00,145.42,145.42,145.42,145.42,0
2026-02-26 22:18:00,144.69,145.05,144.69,145.05,0
2026-02-26 22:20:00,144.82,144.82,144.82,144.82,0
2026-02-26 22:23:00,145.17,145.17,145.17,145.17,0
2026-02-26 22:28:00,145.11,145.11,145.11,145.11,0
2026-02-26 22:29:00,145.11,145.11,145.1,145.1,0
2026-02-26 22:30:00,145.0,145.0,145.0,145.0,0
2026-02-26 22:32:00,145.22,145.22,145.22,145.22,0
2026-02-26 22:34:00,145.01,145.01,145.01,145.01,0
2026-02-26 22:35:00,144.69,144.69,144.69,144.69,0
2026-02-26 22:37:00,145.75,145.75,145.75,145.75,0
2026-02-26 22:38:00,145.42,145.42,145.42,145.42,0
2026-02-26 22:39:00,145.0,145.0,145.0,145.0,0
2026-02-26 22:41:00,145.42,145.42,145.42,145.42,0
2026-02-26 22:42:00,145.59,145.59,145.59,145.59,0
2026-02-26 22:43:00,144.84,144.84,144.84,144.84,0
2026-02-26 22:46:00,145.0,145.0,145.0,145.0,0
2026-02-26 22:54:00,144.84,144.84,144.84,144.84,0
2026-02-26 22:56:00,144.84,145.42,144.84,145.42,0
2026-02-26 22:58:00,145.59,145.59,145.59,145.59,0
2026-02-26 22:59:00,145.37,145.37,145.37,145.37,0
2026-02-26 23:00:00,145.37,145.37,145.37,145.37,0
2026-02-26 23:09:00,145.59,145.59,145.59,145.59,0
2026-02-26 23:12:00,145.3,145.4,145.3,145.4,0
2026-02-26 23:16:00,145.37,145.37,145.37,145.37,0
2026-02-26 23:17:00,145.0782,145.0782,145.0782,145.0782,0
2026-02-26 23:20:00,145.07,145.4,145.07,145.4,0
2026-02-26 23:21:00,145.17,145.17,145.17,145.17,0
2026-02-26 23:30:00,145.17,145.17,145.07,145.07,0
2026-02-26 23:31:00,145.0782,145.0782,145.0782,145.0782,0
2026-02-26 23:34:00,145.4,145.4,145.4,145.4,0
2026-02-26 23:40:00,145.07,145.07,145.07,145.07,0
2026-02-26 23:41:00,145.4,145.4,145.4,145.4,0
2026-02-26 23:45:00,145.07,145.07,145.07,145.07,0
2026-02-26 23:46:00,145.4,145.4,145.07,145.07,0
2026-02-26 23:47:00,145.07,145.07,144.81,144.81,0
2026-02-26 23:48:00,144.81,144.81,144.81,144.81,0
2026-02-26 23:49:00,144.81,144.81,144.81,144.81,0
2026-02-26 23:50:00,144.8,144.8,144.8,144.8,0
2026-02-26 23:52:00,144.75,145.25,144.75,145.25,0
2026-02-26 23:56:00,144.69,144.69,144.69,144.69,0
2026-02-26 23:58:00,145.13,145.13,145.13,145.13,0
2026-02-27 00:01:00,145.0,145.0,145.0,145.0,0
2026-02-27 00:05:00,144.69,144.69,144.69,144.69,0
2026-02-27 00:07:00,144.8907,144.8907,144.8907,144.8907,0
2026-02-27 00:10:00,144.7474,144.7474,144.7474,144.7474,0
2026-02-27 00:14:00,145.13,145.13,145.13,145.13,0
2026-02-27 00:20:00,144.89,144.89,144.89,144.89,0
2026-02-27 00:25:00,144.89,144.89,144.89,144.89,0
2026-02-27 00:30:00,145.0,145.0,145.0,145.0,0
2026-02-27 00:31:00,144.7781,144.7781,144.7781,144.7781,0
2026-02-27 00:33:00,144.75,144.75,144.75,144.75,0
2026-02-27 00:37:00,144.74,144.74,144.74,144.74,0
2026-02-27 00:38:00,145.13,145.13,144.74,144.74,0
2026-02-27 00:44:00,144.69,144.69,144.69,144.69,0
2026-02-27 00:50:00,144.69,144.69,144.69,144.69,0
2026-02-27 00:53:00,144.7576,144.7576,144.7576,144.7576,0
2026-02-27 00:58:00,145.1299,145.1299,145.1299,145.1299,0
2026-02-27 09:06:00,145.17,145.17,145.17,145.17,0
2026-02-27 09:25:00,145.27,145.27,145.27,145.27,0
2026-02-27 09:29:00,145.27,145.27,145.27,145.27,0
2026-02-27 09:30:00,145.2,145.2,145.2,145.2,0
2026-02-27 09:37:00,145.45,145.45,145.45,145.45,0
2026-02-27 09:42:00,145.15,145.15,145.15,145.15,0
2026-02-27 09:45:00,145.1,145.1,145.1,145.1,0
2026-02-27 09:48:00,145.1,145.1,145.1,145.1,0
2026-02-27 09:51:00,145.16,145.16,145.16,145.16,0
2026-02-27 10:04:00,145.0,145.0,145.0,145.0,0
2026-02-27 10:06:00,144.95,144.95,144.95,144.95,0
2026-02-27 10:12:00,144.67,144.67,144.67,144.67,0
2026-02-27 10:13:00,144.67,144.95,144.67,144.95,0
2026-02-27 10:18:00,144.87,144.87,144.87,144.87,0
2026-02-27 10:34:00,145.03,145.03,145.03,145.03,0
2026-02-27 10:41:00,144.9,144.9,144.9,144.9,0
2026-02-27 10:45:00,144.95,144.95,144.95,144.95,0
2026-02-27 10:46:00,144.91,144.93,144.91,144.93,0
2026-02-27 10:47:00,144.81,144.81,144.81,144.81,0
2026-02-27 10:49:00,144.76,144.76,144.76,144.76,0
2026-02-27 10:55:00,144.83,144.83,144.83,144.83,0
2026-02-27 10:56:00,144.82,144.82,144.82,144.82,0
2026-02-27 11:02:00,144.74,144.74,144.74,144.74,0
2026-02-27 11:03:00,144.75,144.75,144.75,144.75,0
2026-02-27 11:09:00,144.8,144.8,144.8,144.8,0
2026-02-27 11:10:00,144.78,144.78,144.78,144.78,0
2026-02-27 11:11:00,144.74,144.74,144.74,144.74,0
2026-02-27 11:14:00,144.77,144.77,144.77,144.77,0
2026-02-27 11:19:00,144.78,144.78,144.73,144.73,0
2026-02-27 11:20:00,144.73,144.73,144.73,144.73,0
2026-02-27 11:21:00,144.72,144.72,144.72,144.72,0
2026-02-27 11:22:00,144.72,144.74,144.72,144.74,0
2026-02-27 11:24:00,144.73,144.73,144.73,144.73,0
2026-02-27 11:26:00,144.73,144.73,144.7,144.7,0
2026-02-27 11:31:00,144.66,144.66,144.66,144.66,0
2026-02-27 11:32:00,144.64,144.64,144.64,144.64,0
2026-02-27 11:33:00,144.62,144.62,144.62,144.62,0
2026-02-27 11:40:00,144.72,144.72,144.61,144.61,0
2026-02-27 11:41:00,144.82,144.82,144.82,144.82,0
2026-02-27 11:52:00,144.74,144.74,144.74,144.74,0
2026-02-27 11:57:00,144.69,144.69,144.69,144.69,0
2026-02-27 11:59:00,144.57,144.57,144.57,144.57,0
2026-02-27 12:01:00,144.72,144.72,144.5,144.5,0
2026-02-27 12:17:00,144.85,144.85,144.85,144.85,0
2026-02-27 12:29:00,144.61,144.61,144.61,144.61,0
2026-02-27 12:35:00,144.76,144.77,144.76,144.77,0
2026-02-27 12:38:00,144.71,144.71,144.71,144.71,0
2026-02-27 12:41:00,144.59,144.59,144.58,144.58,0
2026-02-27 12:42:00,144.5,144.5,144.5,144.5,0
2026-02-27 12:53:00,144.4,144.4,144.4,144.4,0
2026-02-27 12:54:00,144.64,144.68,144.64,144.68,0
2026-02-27 13:00:00,144.85,145.59,144.25,144.7,0
2026-02-27 13:01:00,145.1,145.31,144.9,145.16,0
2026-02-27 13:03:00,145.18,145.32,145.02,145.19,0
2026-02-27 13:04:00,144.67,144.67,144.67,144.67,0
2026-02-27 13:07:00,144.75,144.75,144.75,144.75,0
2026-02-27 13:10:00,144.3724,144.3724,144.3724,144.3724,0
2026-02-27 13:11:00,144.69,144.69,144.69,144.69,0
2026-02-27 13:16:00,144.4133,144.69,144.4133,144.69,0
2026-02-27 13:18:00,144.3941,144.3941,144.3941,144.3941,0
2026-02-27 13:19:00,144.25,144.63,144.25,144.6,0
2026-02-27 13:20:00,144.6,144.6,144.6,144.6,0
2026-02-27 13:24:00,144.25,144.25,144.25,144.25,0
2026-02-27 13:28:00,144.25,144.2787,144.25,144.2787,0
2026-02-27 13:30:00,144.32,144.92,144.25,144.92,0
2026-02-27 13:33:00,144.52,144.52,144.52,144.52,0
2026-02-27 13:36:00,144.42,144.42,144.42,144.42,0
2026-02-27 13:37:00,144.42,144.42,144.24,144.25,0
2026-02-27 13:38:00,144.3,144.35,144.3,144.35,0
2026-02-27 13:39:00,144.35,144.3538,144.35,144.3538,0
2026-02-27 13:40:00,144.38,144.38,144.3538,144.3538,0
2026-02-27 13:42:00,144.37,144.37,144.37,144.37,0
2026-02-27 13:43:00,144.5,144.5,144.5,144.5,0
2026-02-27 13:44:00,145.1,145.1,145.1,145.1,0
2026-02-27 13:45:00,144.38,145.1,144.38,145.0999,0
2026-02-27 13:46:00,144.55,144.69,144.5,144.69,0
2026-02-27 13:47:00,144.5,144.5,144.4976,144.4976,0
2026-02-27 13:49:00,144.52,144.91,144.52,144.91,0
2026-02-27 13:51:00,144.52,144.6099,144.52,144.55,0
2026-02-27 13:55:00,144.51,144.51,144.4,144.4,0
2026-02-27 13:57:00,144.5582,144.5582,144.55,144.55,0
2026-02-27 13:58:00,144.41,145.0,144.41,145.0,0
2026-02-27 13:59:00,144.44,144.44,144.44,144.44,0
2026-02-27 14:01:00,144.69,144.69,144.5,144.5,0
2026-02-27 14:02:00,144.5,144.9117,144.5,144.9117,0
2026-02-27 14:03:00,144.44,144.44,144.44,144.44,0
2026-02-27 14:05:00,145.0,145.0,145.0,145.0,0
2026-02-27 14:06:00,144.9,144.9,144.9,144.9,0
2026-02-27 14:08:00,144.61,144.61,144.61,144.61,0
2026-02-27 14:11:00,144.5261,144.5261,144.5261,144.5261,0
2026-02-27 14:14:00,144.56,144.56,144.56,144.56,0
2026-02-27 14:15:00,144.4787,144.56,144.4787,144.56,0
2026-02-27 14:16:00,144.42,144.42,144.31,144.3251,0
2026-02-27 14:17:00,144.3803,144.3803,144.3803,144.3803,0
2026-02-27 14:18:00,144.35,144.35,144.35,144.35,0
2026-02-27 14:19:00,144.35,144.35,144.35,144.35,0
2026-02-27 14:20:00,144.34,144.34,144.34,144.34,0
2026-02-27 14:21:00,144.58,145.0,144.38,145.0,0
2026-02-27 14:22:00,144.38,144.5143,144.38,144.5143,0
2026-02-27 14:23:00,144.57,144.58,144.44,144.5,0
2026-02-27 14:25:00,144.34,144.34,144.0,144.0,0
2026-02-27 14:26:00,144.0,144.4,143.32,143.88,0
2026-02-27 14:27:00,143.85,143.85,142.91,143.6,0
2026-02-27 14:28:00,142.4,142.69,142.05,142.55,0
2026-02-27 14:29:00,142.91,142.92,142.52,142.92,0
2026-02-27 14:30:00,142.854995727539,143.910003662109,142.759994506836,143.630004882813,178047
2026-02-27 14:31:00,143.654998779297,143.654998779297,142.889999389648,142.910003662109,17704
2026-02-27 14:32:00,143.059997558594,143.309997558594,142.869995117188,143.289993286133,22395
2026-02-27 14:33:00,143.350006103516,143.580001831055,143.080001831055,143.300003051758,21142
2026-02-27 14:34:00,143.149993896484,143.369995117188,143.029998779297,143.25,9770
2026-02-27 14:35:00,143.369995117188,143.494995117188,143.050003051758,143.050003051758,22531
2026-02-27 14:36:00,143.0,143.0,142.639999389648,142.639999389648,14453
2026-02-27 14:37:00,142.604995727539,142.720001220703,142.585006713867,142.589996337891,18345
2026-02-27 14:38:00,142.559997558594,142.800003051758,142.389999389648,142.600006103516,127739
2026-02-27 14:39:00,142.550003051758,143.014999389648,142.539993286133,143.014999389648,0
2026-02-27 14:40:00,142.994995117188,143.042602539063,142.644607543945,142.690002441406,132741
2026-02-27 14:41:00,142.740005493164,142.789993286133,142.5,142.580001831055,0
2026-02-27 14:42:00,142.565002441406,142.580001831055,141.949996948242,142.0,26483
2026-02-27 14:43:00,142.009994506836,142.009994506836,141.729995727539,141.850006103516,161599
2026-02-27 14:44:00,141.813003540039,142.115005493164,141.809997558594,141.949996948242,0
2026-02-27 14:45:00,141.994995117188,142.160003662109,141.830001831055,142.080001831055,10837
2026-02-27 14:46:00,142.080001831055,142.388595581055,142.080001831055,142.25,12963
2026-02-27 14:47:00,142.210006713867,142.210006713867,141.940002441406,141.990005493164,184611
2026-02-27 14:48:00,141.949996948242,142.080001831055,141.75,141.960006713867,0
2026-02-27 14:49:00,141.990005493164,142.080001831055,141.830001831055,141.865005493164,30609
2026-02-27 14:50:00,141.865005493164,141.949996948242,141.580001831055,141.892501831055,70000
2026-02-27 14:51:00,141.940002441406,142.300003051758,141.940002441406,142.220001220703,13188
2026-02-27 14:52:00,142.130004882813,142.199996948242,142.029998779297,142.029998779297,9755
2026-02-27 14:53:00,142.020004272461,142.069305419922,141.919998168945,142.069305419922,17760
2026-02-27 14:54:00,142.059997558594,142.195007324219,141.740005493164,141.740005493164,18966
2026-02-27 14:55:00,141.759994506836,141.949996948242,141.699996948242,141.889999389648,27779
2026-02-27 14:56:00,141.880004882813,141.960006713867,141.639999389648,141.75,20229
2026-02-27 14:57:00,141.720001220703,141.990005493164,141.604995727539,141.615005493164,301883
2026-02-27 14:58:00,141.619995117188,141.779998779297,141.602798461914,141.664993286133,0
2026-02-27 14:59:00,141.660003662109,141.779998779297,141.550003051758,141.729995727539,28592
2026-02-27 15:00:00,141.710006713867,141.820007324219,141.669998168945,141.710006713867,315058
2026-02-27 15:01:00,141.740005493164,141.899993896484,141.729995727539,141.794998168945,18326
2026-02-27 15:02:00,141.814300537109,141.970001220703,141.800003051758,141.919998168945,0
2026-02-27 15:03:00,141.860000610352,141.880004882813,141.789993286133,141.820007324219,330123
2026-02-27 15:04:00,141.850006103516,141.889999389648,141.729995727539,141.875,0
2026-02-27 15:05:00,141.820007324219,141.949996948242,141.779998779297,141.865005493164,8892
2026-02-27 15:06:00,141.889999389648,142.139999389648,141.889999389648,142.134994506836,18722
2026-02-27 15:07:00,142.110000610352,142.315002441406,142.100006103516,142.300003051758,352435
2026-02-27 15:08:00,142.279998779297,142.479995727539,142.279998779297,142.350006103516,0
2026-02-27 15:09:00,142.259994506836,142.387802124023,142.149993896484,142.149993896484,40646
2026-02-27 15:10:00,142.160003662109,142.380004882813,142.160003662109,142.354995727539,12441
2026-02-27 15:11:00,142.389999389648,142.509994506836,142.324996948242,142.350006103516,397059
2026-02-27 15:12:00,142.369995117188,142.369995117188,141.830001831055,141.830001831055,0
2026-02-27 15:13:00,141.854995727539,141.979904174805,141.562194824219,141.615005493164,23349
2026-02-27 15:14:00,141.615005493164,141.690002441406,141.350006103516,141.360000610352,17988
2026-02-27 15:15:00,141.410003662109,141.589996337891,141.410003662109,141.589996337891,16391
2026-02-27 15:16:00,141.528900146484,141.800003051758,141.5,141.654998779297,461056
2026-02-27 15:17:00,141.625595092773,141.639999389648,141.5,141.610000610352,0
2026-02-27 15:18:00,141.649993896484,141.720001220703,141.479995727539,141.479995727539,451511
2026-02-27 15:19:00,141.449996948242,141.753997802734,141.369995117188,141.714996337891,16701
2026-02-27 15:20:00,141.660003662109,141.899993896484,141.550003051758,141.810104370117,201308
2026-02-27 15:21:00,141.905303955078,142.125,141.905303955078,142.054992675781,0
2026-02-27 15:22:00,142.074996948242,142.074996948242,141.890106201172,141.945007324219,7636
2026-02-27 15:23:00,141.990005493164,142.110000610352,141.934997558594,141.990005493164,29494
2026-02-27 15:24:00,141.960006713867,142.240005493164,141.960006713867,142.229995727539,14358
2026-02-27 15:25:00,142.240005493164,142.240005493164,142.089996337891,142.205001831055,23280
2026-02-27 15:26:00,142.187103271484,142.279998779297,142.059997558594,142.080001831055,18192
2026-02-27 15:27:00,142.070007324219,142.160003662109,142.009994506836,142.149993896484,498079
2026-02-27 15:28:00,142.149993896484,142.289993286133,142.149993896484,142.229995727539,0
2026-02-27 15:29:00,142.255004882813,142.279998779297,142.059997558594,142.134994506836,13608
2026-02-27 15:30:00,142.130004882813,142.130004882813,142.044998168945,142.110000610352,21661
2026-02-27 15:31:00,142.080001831055,142.119995117188,141.949996948242,142.0,8875
2026-02-27 15:32:00,141.990005493164,142.190002441406,141.990005493164,142.095001220703,5893
2026-02-27 15:33:00,142.050003051758,142.285003662109,142.050003051758,142.274993896484,520653
2026-02-27 15:34:00,142.300003051758,142.300003051758,142.229995727539,142.240005493164,0
2026-02-27 15:35:00,142.25,142.479995727539,142.25,142.479995727539,519237
2026-02-27 15:36:00,142.395004272461,142.464996337891,142.330001831055,142.464996337891,0
2026-02-27 15:37:00,142.440002441406,142.520004272461,142.399993896484,142.399993896484,3999
2026-02-27 15:38:00,142.380004882813,142.479995727539,142.330001831055,142.410003662109,7627
2026-02-27 15:39:00,142.419998168945,142.440002441406,142.369995117188,142.422607421875,5209
2026-02-27 15:40:00,142.399993896484,142.419998168945,142.190002441406,142.279998779297,21469
2026-02-27 15:41:00,142.330505371094,142.339996337891,142.279998779297,142.330001831055,536790
2026-02-27 15:42:00,142.300003051758,142.410003662109,142.205001831055,142.339996337891,0
2026-02-27 15:43:00,142.350006103516,142.380004882813,142.339996337891,142.350006103516,6642
2026-02-27 15:44:00,142.380004882813,142.550003051758,142.369995117188,142.550003051758,555902
2026-02-27 15:45:00,142.490005493164,142.509994506836,142.429992675781,142.485000610352,0
2026-02-27 15:46:00,142.449996948242,142.449996948242,142.255004882813,142.255004882813,18358
2026-02-27 15:47:00,142.259994506836,142.270004272461,142.139999389648,142.167495727539,7775
2026-02-27 15:48:00,142.210006713867,142.369995117188,142.140106201172,142.369995117188,8670
2026-02-27 15:49:00,142.345001220703,142.350006103516,142.259994506836,142.289993286133,8849
2026-02-27 15:50:00,142.289993286133,142.395004272461,142.259994506836,142.389999389648,11182
2026-02-27 15:51:00,142.419998168945,142.509994506836,142.259994506836,142.270004272461,14313
2026-02-27 15:52:00,142.259994506836,142.330001831055,142.199996948242,142.279998779297,10520
2026-02-27 15:53:00,142.220001220703,142.220001220703,142.149993896484,142.179992675781,596312
2026-02-27 15:54:00,142.199996948242,142.320007324219,142.169998168945,142.315002441406,0
2026-02-27 15:55:00,142.315002441406,142.350006103516,142.179992675781,142.285003662109,8878
2026-02-27 15:56:00,142.289993286133,142.449996948242,142.279998779297,142.401504516602,613718
2026-02-27 15:57:00,142.419998168945,142.589996337891,142.419998168945,142.589996337891,0
2026-02-27 15:58:00,142.550003051758,142.630004882813,142.477005004883,142.619995117188,9499
2026-02-27 15:59:00,142.615005493164,142.630004882813,142.429992675781,142.429992675781,14507
2026-02-27 16:00:00,142.399993896484,142.608993530273,142.399993896484,142.5,8455
2026-02-27 16:01:00,142.5,142.580001831055,142.399993896484,142.399993896484,10979
2026-02-27 16:02:00,142.440002441406,142.5,142.429992675781,142.460006713867,6021
2026-02-27 16:03:00,142.419998168945,142.529998779297,142.419998168945,142.485000610352,16301
2026-02-27 16:04:00,142.520004272461,142.630004882813,142.520004272461,142.630004882813,8727
2026-02-27 16:05:00,142.604995727539,142.649993896484,142.5,142.509994506836,662361
2026-02-27 16:06:00,142.490005493164,142.490005493164,142.320007324219,142.339996337891,0
2026-02-27 16:07:00,142.320007324219,142.350006103516,142.25,142.271301269531,661139
2026-02-27 16:08:00,142.25,142.380004882813,142.25,142.380004882813,0
2026-02-27 16:09:00,142.300003051758,142.300003051758,142.235000610352,142.264999389648,8821
2026-02-27 16:10:00,142.229995727539,142.360000610352,142.220092773438,142.330001831055,672303
2026-02-27 16:11:00,142.330001831055,142.369995117188,142.279998779297,142.289993286133,7906
2026-02-27 16:12:00,142.300003051758,142.300003051758,142.179992675781,142.190002441406,0
2026-02-27 16:13:00,142.179992675781,142.350006103516,142.179992675781,142.330001831055,8265
2026-02-27 16:14:00,142.289993286133,142.380004882813,142.289993286133,142.360000610352,8517
2026-02-27 16:15:00,142.335006713867,142.429992675781,142.335006713867,142.402496337891,8252
2026-02-27 16:16:00,142.395004272461,142.395004272461,142.309997558594,142.350006103516,5203
2026-02-27 16:17:00,142.389999389648,142.485000610352,142.389999389648,142.440002441406,6156
2026-02-27 16:18:00,142.460006713867,142.479995727539,142.419998168945,142.429992675781,4343
2026-02-27 16:19:00,142.419998168945,142.449996948242,142.330001831055,142.449996948242,10380
2026-02-27 16:20:00,142.449996948242,142.449996948242,142.410003662109,142.410003662109,3869
2026-02-27 16:21:00,142.414993286133,142.580001831055,142.414993286133,142.559997558594,11009
2026-02-27 16:22:00,142.539993286133,142.610000610352,142.539993286133,142.610000610352,5682
2026-02-27 16:23:00,142.610000610352,142.619995117188,142.485000610352,142.544998168945,8804
2026-02-27 16:24:00,142.509994506836,142.589996337891,142.479995727539,142.589996337891,4718
2026-02-27 16:25:00,142.600006103516,142.610000610352,142.509994506836,142.580001831055,14622
2026-02-27 16:26:00,142.559997558594,142.585006713867,142.470001220703,142.470001220703,13280
2026-02-27 16:27:00,142.5,142.5,142.410003662109,142.429992675781,5789
2026-02-27 16:28:00,142.410003662109,142.440002441406,142.320007324219,142.399993896484,8115
2026-02-27 16:29:00,142.410003662109,142.410003662109,142.149993896484,142.175003051758,18768
2026-02-27 16:30:00,142.220001220703,142.349899291992,142.160003662109,142.289993286133,764158
2026-02-27 16:31:00,142.279998779297,142.289993286133,142.210006713867,142.270004272461,0
2026-02-27 16:32:00,142.240005493164,142.320007324219,142.225006103516,142.320007324219,2666
2026-02-27 16:33:00,142.300003051758,142.304992675781,142.270004272461,142.304992675781,3523
2026-02-27 16:34:00,142.326599121094,142.460006713867,142.304992675781,142.440002441406,8973
2026-02-27 16:35:00,142.440002441406,142.440002441406,142.375,142.375,766940
2026-02-27 16:36:00,142.399993896484,142.449996948242,142.399993896484,142.399993896484,0
2026-02-27 16:37:00,142.399993896484,142.458999633789,142.289993286133,142.294998168945,8501
2026-02-27 16:38:00,142.264999389648,142.289993286133,142.190002441406,142.190002441406,3934
2026-02-27 16:39:00,142.139999389648,142.190002441406,142.110000610352,142.130004882813,6795
2026-02-27 16:40:00,142.130004882813,142.130004882813,141.899993896484,142.014999389648,33063
2026-02-27 16:41:00,141.970001220703,142.029998779297,141.880004882813,141.929992675781,18040
2026-02-27 16:42:00,141.940002441406,142.179992675781,141.929992675781,142.110000610352,14373
2026-02-27 16:43:00,142.119995117188,142.169998168945,142.041107177734,142.169006347656,4532
2026-02-27 16:44:00,142.149993896484,142.229995727539,142.149307250977,142.149307250977,5118
2026-02-27 16:45:00,142.148498535156,142.229995727539,142.148498535156,142.190002441406,4911
2026-02-27 16:46:00,142.190002441406,142.25,142.130004882813,142.139999389648,13719
2026-02-27 16:47:00,142.179992675781,142.210006713867,142.089996337891,142.104995727539,5619
2026-02-27 16:48:00,142.110000610352,142.179992675781,142.100006103516,142.110000610352,9465
2026-02-27 16:49:00,142.104995727539,142.130004882813,142.026504516602,142.050003051758,5133
2026-02-27 16:50:00,142.044998168945,142.080001831055,141.960006713867,141.975006103516,8042
2026-02-27 16:51:00,142.039993286133,142.169998168945,141.990005493164,142.169998168945,5477
2026-02-27 16:52:00,142.139999389648,142.300003051758,142.139999389648,142.300003051758,6160
2026-02-27 16:53:00,142.279998779297,142.279998779297,142.139999389648,142.160003662109,840753
2026-02-27 16:54:00,142.149993896484,142.369995117188,142.149993896484,142.35400390625,0
2026-02-27 16:55:00,142.410003662109,142.554992675781,142.410003662109,142.529998779297,847205
2026-02-27 16:56:00,142.550003051758,142.560394287109,142.550003051758,142.550003051758,0
2026-02-27 16:57:00,142.550003051758,142.580001831055,142.529998779297,142.529998779297,7528
2026-02-27 16:58:00,142.554992675781,142.554992675781,142.429992675781,142.429992675781,853326
2026-02-27 16:59:00,142.440002441406,142.440002441406,142.300003051758,142.309997558594,11681
2026-02-27 17:00:00,142.369995117188,142.630004882813,142.350006103516,142.630004882813,0
2026-02-27 17:01:00,142.619995117188,142.630004882813,142.570007324219,142.621994018555,4956
2026-02-27 17:02:00,142.639999389648,142.735992431641,142.600006103516,142.720001220703,4399
2026-02-27 17:03:00,142.684997558594,142.839996337891,142.684997558594,142.839996337891,9473
2026-02-27 17:04:00,142.815002441406,142.836303710938,142.779998779297,142.779998779297,5498
2026-02-27 17:05:00,142.779998779297,142.925003051758,142.770004272461,142.919998168945,5862
2026-02-27 17:06:00,142.970001220703,142.970001220703,142.820007324219,142.929992675781,7159
2026-02-27 17:07:00,142.889999389648,143.039993286133,142.85009765625,143.029998779297,19286
2026-02-27 17:08:00,143.050003051758,143.082992553711,143.009994506836,143.029998779297,5447
2026-02-27 17:09:00,142.990005493164,143.009002685547,142.880004882813,142.880004882813,5895
2026-02-27 17:10:00,142.869995117188,142.869995117188,142.5,142.5,30047
2026-02-27 17:11:00,142.5,142.509994506836,142.425003051758,142.425003051758,5349
2026-02-27 17:12:00,142.425003051758,142.440002441406,142.345001220703,142.345001220703,7464
2026-02-27 17:13:00,142.330001831055,142.360000610352,142.25,142.25,16057
2026-02-27 17:14:00,142.25,142.354995727539,142.210006713867,142.279998779297,14783
2026-02-27 17:15:00,142.309997558594,142.339996337891,142.150100708008,142.229995727539,11277
2026-02-27 17:16:00,142.184997558594,142.259994506836,142.130004882813,142.240005493164,8007
2026-02-27 17:17:00,142.259994506836,142.339996337891,142.244995117188,142.320007324219,10549
2026-02-27 17:18:00,142.324996948242,142.419998168945,142.324996948242,142.414993286133,925898
2026-02-27 17:19:00,142.414993286133,142.5,142.369995117188,142.470001220703,0
2026-02-27 17:20:00,142.509994506836,142.520004272461,142.380004882813,142.479995727539,12937
2026-02-27 17:21:00,142.449996948242,142.479995727539,142.449996948242,142.479995727539,5123
2026-02-27 17:22:00,142.440002441406,142.440002441406,142.360000610352,142.360000610352,8630
2026-02-27 17:23:00,142.339996337891,142.520004272461,142.320007324219,142.5,8975
2026-02-27 17:24:00,142.5,142.599502563477,142.449996948242,142.509994506836,15407
2026-02-27 17:25:00,142.5,142.679992675781,142.5,142.535003662109,8665
2026-02-27 17:26:00,142.490005493164,142.639999389648,142.490005493164,142.589996337891,4828
2026-02-27 17:27:00,142.574996948242,142.615005493164,142.550003051758,142.615005493164,5324
2026-02-27 17:28:00,142.649993896484,142.720001220703,142.630004882813,142.675003051758,5996
2026-02-27 17:29:00,142.699996948242,142.699996948242,142.429992675781,142.429992675781,12114
2026-02-27 17:30:00,142.482498168945,142.740005493164,142.410003662109,142.600006103516,26543
2026-02-27 17:31:00,142.550003051758,142.679992675781,142.494995117188,142.550003051758,8391
2026-02-27 17:32:00,142.600006103516,142.729995727539,142.600006103516,142.639999389648,7118
2026-02-27 17:33:00,142.580001831055,142.649993896484,142.550003051758,142.649993896484,5594
2026-02-27 17:34:00,142.669998168945,142.804992675781,142.660003662109,142.759994506836,4035
2026-02-27 17:35:00,142.794998168945,142.809997558594,142.759994506836,142.779998779297,4063
2026-02-27 17:36:00,142.830001831055,142.889999389648,142.770004272461,142.785003662109,5070
2026-02-27 17:37:00,142.744995117188,142.770004272461,142.725006103516,142.75,2042
2026-02-27 17:38:00,142.75,142.759994506836,142.699996948242,142.699996948242,993204
2026-02-27 17:39:00,142.699996948242,142.824996948242,142.699996948242,142.759994506836,0
2026-02-27 17:40:00,142.794998168945,142.860000610352,142.794998168945,142.824996948242,997472
2026-02-27 17:41:00,142.824996948242,142.860000610352,142.759994506836,142.809997558594,0
2026-02-27 17:42:00,142.779998779297,142.789993286133,142.710006713867,142.740005493164,16899
2026-02-27 17:43:00,142.75,142.910003662109,142.75,142.850006103516,3342
2026-02-27 17:44:00,142.899993896484,142.899993896484,142.800003051758,142.830001831055,4766
2026-02-27 17:45:00,142.779998779297,142.815002441406,142.619995117188,142.660003662109,6858
2026-02-27 17:46:00,142.654998779297,142.654998779297,142.509994506836,142.580001831055,9016
2026-02-27 17:47:00,142.559997558594,142.634994506836,142.550003051758,142.615005493164,3285
2026-02-27 17:48:00,142.600006103516,142.639007568359,142.550003051758,142.570007324219,5740
2026-02-27 17:49:00,142.539993286133,142.580093383789,142.5,142.559997558594,9276
2026-02-27 17:50:00,142.559997558594,142.559997558594,142.53010559082,142.559997558594,2293
2026-02-27 17:51:00,142.580001831055,142.610000610352,142.520004272461,142.589996337891,7137
2026-02-27 17:52:00,142.589996337891,142.660003662109,142.570007324219,142.600006103516,3964
2026-02-27 17:53:00,142.649993896484,142.699996948242,142.639999389648,142.699996948242,4339
2026-02-27 17:54:00,142.679992675781,142.740005493164,142.660003662109,142.669998168945,10438
2026-02-27 17:55:00,142.690002441406,142.725006103516,142.660003662109,142.714996337891,2472
2026-02-27 17:56:00,142.714996337891,142.809997558594,142.710006713867,142.785003662109,15212
2026-02-27 17:57:00,142.800003051758,142.824996948242,142.789993286133,142.789993286133,4437
2026-02-27 17:58:00,142.779998779297,142.779998779297,142.690002441406,142.725006103516,37344
2026-02-27 17:59:00,142.725006103516,142.839996337891,142.725006103516,142.838302612305,9828
2026-02-27 18:00:00,142.794998168945,142.800003051758,142.720092773438,142.75,6979
2026-02-27 18:01:00,142.770004272461,142.770004272461,142.619995117188,142.675003051758,4189
2026-02-27 18:02:00,142.664993286133,142.720001220703,142.639999389648,142.720001220703,4812
2026-02-27 18:03:00,142.740005493164,142.740005493164,142.695007324219,142.695007324219,3465
2026-02-27 18:04:00,142.75700378418,142.75700378418,142.669998168945,142.679992675781,1958
2026-02-27 18:05:00,142.692504882813,142.695007324219,142.669998168945,142.68359375,1697
2026-02-27 18:06:00,142.699996948242,142.869995117188,142.699996948242,142.800003051758,11625
2026-02-27 18:07:00,142.770004272461,142.830001831055,142.710006713867,142.830001831055,4522
2026-02-27 18:08:00,142.839996337891,142.839996337891,142.830001831055,142.839996337891,2606
2026-02-27 18:09:00,142.839996337891,142.839996337891,142.789993286133,142.835006713867,3171
2026-02-27 18:10:00,142.830001831055,142.880004882813,142.779998779297,142.880004882813,3767
2026-02-27 18:11:00,142.880004882813,142.889999389648,142.800003051758,142.830001831055,3775
2026-02-27 18:12:00,142.824996948242,142.835006713867,142.800003051758,142.835006713867,1582
2026-02-27 18:13:00,142.800003051758,142.820007324219,142.649993896484,142.679992675781,8893
2026-02-27 18:14:00,142.690002441406,142.690002441406,142.654998779297,142.679992675781,3553
2026-02-27 18:15:00,142.676193237305,142.729995727539,142.649993896484,142.725006103516,6262
2026-02-27 18:16:00,142.729995727539,142.789993286133,142.729995727539,142.745407104492,4496
2026-02-27 18:17:00,142.740005493164,142.75,142.679992675781,142.690002441406,6441
2026-02-27 18:18:00,142.690002441406,142.759994506836,142.690002441406,142.759994506836,4744
2026-02-27 18:19:00,142.760101318359,142.830001831055,142.744995117188,142.75,5292
2026-02-27 18:20:00,142.75,142.820007324219,142.740005493164,142.820007324219,2902
2026-02-27 18:21:00,142.820007324219,142.820007324219,142.664993286133,142.664993286133,7853
2026-02-27 18:22:00,142.664993286133,142.789993286133,142.664993286133,142.755004882813,11979
2026-02-27 18:23:00,142.759994506836,142.820007324219,142.744995117188,142.744995117188,6571
2026-02-27 18:24:00,142.755004882813,142.839996337891,142.740097045898,142.785003662109,6726
2026-02-27 18:25:00,142.785003662109,142.785003662109,142.710006713867,142.710006713867,3384
2026-02-27 18:26:00,142.699996948242,142.759994506836,142.690002441406,142.725006103516,11207
2026-02-27 18:27:00,142.725006103516,142.729995727539,142.664993286133,142.729995727539,7263
2026-02-27 18:28:00,142.779998779297,142.830001831055,142.779998779297,142.830001831055,2788
2026-02-27 18:29:00,142.870101928711,142.880004882813,142.669998168945,142.705001831055,18873
2026-02-27 18:30:00,142.669998168945,142.72900390625,142.630004882813,142.660003662109,3346
2026-02-27 18:31:00,142.639999389648,142.679992675781,142.580001831055,142.660003662109,2736
2026-02-27 18:32:00,142.600006103516,142.600006103516,142.539993286133,142.570007324219,3985
2026-02-27 18:33:00,142.53059387207,142.600006103516,142.529998779297,142.600006103516,2989
2026-02-27 18:34:00,142.539993286133,142.619995117188,142.509994506836,142.619995117188,5067
2026-02-27 18:35:00,142.565002441406,142.610000610352,142.559997558594,142.580001831055,1371
2026-02-27 18:36:00,142.529998779297,142.559997558594,142.529998779297,142.550003051758,1630
2026-02-27 18:37:00,142.539993286133,142.544998168945,142.490005493164,142.5,3923
2026-02-27 18:38:00,142.490005493164,142.660003662109,142.470001220703,142.649993896484,5706
2026-02-27 18:39:00,142.619995117188,142.699996948242,142.619995117188,142.699996948242,8200
2026-02-27 18:40:00,142.679992675781,142.708999633789,142.679992675781,142.679992675781,1969
2026-02-27 18:41:00,142.669998168945,142.669998168945,142.529998779297,142.569000244141,5550
2026-02-27 18:42:00,142.539993286133,142.559997558594,142.470001220703,142.5,5105
2026-02-27 18:43:00,142.509994506836,142.529998779297,142.440002441406,142.477996826172,24895
2026-02-27 18:44:00,142.455001831055,142.462203979492,142.380004882813,142.389999389648,8530
2026-02-27 18:45:00,142.354995727539,142.380004882813,142.289993286133,142.289993286133,3286
2026-02-27 18:46:00,142.339996337891,142.339996337891,142.229995727539,142.289901733398,15553
2026-02-27 18:47:00,142.279998779297,142.339996337891,142.274993896484,142.339996337891,1839
2026-02-27 18:48:00,142.335006713867,142.369995117188,142.309997558594,142.315002441406,6713
2026-02-27 18:49:00,142.302307128906,142.302307128906,142.240005493164,142.255004882813,5299
2026-02-27 18:50:00,142.270004272461,142.279998779297,142.220001220703,142.229995727539,5277
2026-02-27 18:51:00,142.214996337891,142.339996337891,142.199996948242,142.304992675781,11355
2026-02-27 18:52:00,142.304992675781,142.380004882813,142.289993286133,142.345001220703,6246
2026-02-27 18:53:00,142.350006103516,142.374099731445,142.25,142.25,4022
2026-02-27 18:54:00,142.240005493164,142.240005493164,142.179992675781,142.179992675781,5613
2026-02-27 18:55:00,142.169998168945,142.229995727539,142.139999389648,142.229995727539,4661
2026-02-27 18:56:00,142.274993896484,142.300003051758,142.229995727539,142.244995117188,2503
2026-02-27 18:57:00,142.210006713867,142.300003051758,142.210006713867,142.255004882813,10422
2026-02-27 18:58:00,142.229995727539,142.320007324219,142.169998168945,142.279998779297,6056
2026-02-27 18:59:00,142.339996337891,142.399993896484,142.339996337891,142.375,8116
2026-02-27 19:00:00,142.380004882813,142.445007324219,142.335006713867,142.335006713867,10543
2026-02-27 19:01:00,142.345001220703,142.429992675781,142.345001220703,142.389999389648,14349
2026-02-27 19:02:00,142.380004882813,142.399993896484,142.354995727539,142.369995117188,5877
2026-02-27 19:03:00,142.389999389648,142.434997558594,142.330001831055,142.395004272461,22410
2026-02-27 19:04:00,142.389999389648,142.5,142.380096435547,142.5,4978
2026-02-27 19:05:00,142.476303100586,142.529998779297,142.475006103516,142.509994506836,16557
2026-02-27 19:06:00,142.5,142.630004882813,142.5,142.604995727539,4887
2026-02-27 19:07:00,142.610000610352,142.679992675781,142.60319519043,142.654998779297,10510
2026-02-27 19:08:00,142.639999389648,142.639999389648,142.369995117188,142.369995117188,9759
2026-02-27 19:09:00,142.320007324219,142.389999389648,142.279998779297,142.289001464844,6738
2026-02-27 19:10:00,142.259994506836,142.259994506836,142.160003662109,142.184997558594,5628
2026-02-27 19:11:00,142.190002441406,142.270004272461,142.187805175781,142.270004272461,5503
2026-02-27 19:12:00,142.230102539063,142.289993286133,142.230102539063,142.259994506836,2222
2026-02-27 19:13:00,142.289993286133,142.409896850586,142.289993286133,142.409896850586,3326
2026-02-27 19:14:00,142.360000610352,142.360000610352,142.229995727539,142.240005493164,14742
2026-02-27 19:15:00,142.274993896484,142.320007324219,142.25,142.270004272461,5093
2026-02-27 19:16:00,142.240005493164,142.320007324219,142.235000610352,142.278793334961,3326
2026-02-27 19:17:00,142.259994506836,142.290100097656,142.259994506836,142.290100097656,2956
2026-02-27 19:18:00,142.320007324219,142.369995117188,142.320007324219,142.330093383789,7288
2026-02-27 19:19:00,142.440002441406,142.460006713867,142.440002441406,142.460006713867,3056
2026-02-27 19:20:00,142.460006713867,142.5,142.460006713867,142.494995117188,4461
2026-02-27 19:21:00,142.494995117188,142.494995117188,142.309997558594,142.365005493164,16585
2026-02-27 19:22:00,142.339996337891,142.369995117188,142.304992675781,142.369995117188,4515
2026-02-27 19:23:00,142.309997558594,142.360000610352,142.309997558594,142.360000610352,1136
2026-02-27 19:24:00,142.369995117188,142.440002441406,142.369995117188,142.414993286133,3344
2026-02-27 19:25:00,142.419998168945,142.419998168945,142.401092529297,142.419998168945,2430
2026-02-27 19:26:00,142.419998168945,142.470001220703,142.369995117188,142.460006713867,18610
2026-02-27 19:27:00,142.490005493164,142.558807373047,142.449996948242,142.470001220703,9474
2026-02-27 19:28:00,142.479995727539,142.5,142.419998168945,142.449996948242,22276
2026-02-27 19:29:00,142.460006713867,142.479995727539,142.434997558594,142.470001220703,5722
2026-02-27 19:30:00,142.490005493164,142.490005493164,142.380004882813,142.440002441406,9595
2026-02-27 19:31:00,142.440002441406,142.440002441406,142.419998168945,142.425003051758,1271657
2026-02-27 19:32:00,142.399993896484,142.5,142.399993896484,142.470001220703,0
2026-02-27 19:33:00,142.470001220703,142.630004882813,142.470001220703,142.580001831055,7880
2026-02-27 19:34:00,142.570007324219,142.570007324219,142.490005493164,142.490005493164,5910
2026-02-27 19:35:00,142.520004272461,142.524993896484,142.375,142.449996948242,11214
2026-02-27 19:36:00,142.460006713867,142.489593505859,142.410003662109,142.479995727539,4163
2026-02-27 19:37:00,142.479095458984,142.479095458984,142.399993896484,142.410400390625,9678
2026-02-27 19:38:00,142.410003662109,142.429992675781,142.360000610352,142.429992675781,6538
2026-02-27 19:39:00,142.429992675781,142.520004272461,142.429992675781,142.470001220703,7009
2026-02-27 19:40:00,142.460006713867,142.550003051758,142.425003051758,142.475006103516,7448
2026-02-27 19:41:00,142.475006103516,142.539993286133,142.440002441406,142.464996337891,28113
2026-02-27 19:42:00,142.470001220703,142.470001220703,142.389999389648,142.389999389648,4641
2026-02-27 19:43:00,142.375,142.375,142.289993286133,142.289993286133,7344
2026-02-27 19:44:00,142.335006713867,142.369995117188,142.270004272461,142.369995117188,6879
2026-02-27 19:45:00,142.345001220703,142.434997558594,142.345001220703,142.389999389648,3364
2026-02-27 19:46:00,142.380096435547,142.509994506836,142.369995117188,142.479995727539,7146
2026-02-27 19:47:00,142.460006713867,142.479995727539,142.440002441406,142.479995727539,4106
2026-02-27 19:48:00,142.479995727539,142.479995727539,142.429992675781,142.445007324219,6210
2026-02-27 19:49:00,142.447494506836,142.452606201172,142.369995117188,142.389999389648,6333
2026-02-27 19:50:00,142.410003662109,142.412506103516,142.399993896484,142.410003662109,2720
2026-02-27 19:51:00,142.410003662109,142.440002441406,142.389999389648,142.399993896484,8273
2026-02-27 19:52:00,142.399993896484,142.429992675781,142.360000610352,142.360000610352,4620
2026-02-27 19:53:00,142.360000610352,142.380004882813,142.270004272461,142.270004272461,8445
2026-02-27 19:54:00,142.279998779297,142.369400024414,142.264999389648,142.320007324219,7501
2026-02-27 19:55:00,142.304992675781,142.304992675781,142.259994506836,142.289993286133,5274
2026-02-27 19:56:00,142.279998779297,142.339996337891,142.270095825195,142.300003051758,5347
2026-02-27 19:57:00,142.300003051758,142.300003051758,142.210006713867,142.259994506836,14935
2026-02-27 19:58:00,142.270004272461,142.320007324219,142.25,142.294998168945,8694
2026-02-27 19:59:00,142.304992675781,142.304992675781,142.220001220703,142.264999389648,7764
2026-02-27 20:00:00,142.264999389648,142.365005493164,142.264999389648,142.330001831055,8555
2026-02-27 20:01:00,142.345001220703,142.380004882813,142.345001220703,142.369995117188,6188
2026-02-27 20:02:00,142.369995117188,142.410003662109,142.369995117188,142.384994506836,8022
2026-02-27 20:03:00,142.384994506836,142.385101318359,142.199996948242,142.199996948242,15634
2026-02-27 20:04:00,142.214996337891,142.25,142.210006713867,142.229995727539,8433
2026-02-27 20:05:00,142.229995727539,142.270004272461,142.190002441406,142.270004272461,16358
2026-02-27 20:06:00,142.259994506836,142.259994506836,141.970001220703,142.070007324219,56848
2026-02-27 20:07:00,142.100006103516,142.100006103516,142.050003051758,142.070007324219,5025
2026-02-27 20:08:00,142.074996948242,142.130004882813,142.059997558594,142.130004882813,9872
2026-02-27 20:09:00,142.145004272461,142.190002441406,142.119995117188,142.125,10741
2026-02-27 20:10:00,142.139999389648,142.270004272461,142.139999389648,142.240005493164,15877
2026-02-27 20:11:00,142.240005493164,142.330001831055,142.240005493164,142.330001831055,12630
2026-02-27 20:12:00,142.330001831055,142.369995117188,142.25,142.356994628906,22278
2026-02-27 20:13:00,142.369995117188,142.449996948242,142.339996337891,142.425003051758,12341
2026-02-27 20:14:00,142.429992675781,142.449996948242,142.350006103516,142.434997558594,13526
2026-02-27 20:15:00,142.434997558594,142.509994506836,142.434997558594,142.470001220703,13683
2026-02-27 20:16:00,142.470001220703,142.470001220703,142.429992675781,142.470001220703,9067
2026-02-27 20:17:00,142.445007324219,142.589996337891,142.445007324219,142.589996337891,28692
2026-02-27 20:18:00,142.615005493164,142.615005493164,142.520004272461,142.539993286133,11664
2026-02-27 20:19:00,142.550003051758,142.612503051758,142.535003662109,142.610000610352,12240
2026-02-27 20:20:00,142.589996337891,142.610000610352,142.512496948242,142.533706665039,7359
2026-02-27 20:21:00,142.524993896484,142.580001831055,142.490005493164,142.580001831055,11903
2026-02-27 20:22:00,142.617492675781,142.710006713867,142.600006103516,142.710006713867,13837
2026-02-27 20:23:00,142.714996337891,142.820007324219,142.714996337891,142.800003051758,13011
2026-02-27 20:24:00,142.850006103516,142.970001220703,142.850006103516,142.884994506836,12478
2026-02-27 20:25:00,142.919998168945,142.940002441406,142.904998779297,142.904998779297,6735
2026-02-27 20:26:00,142.929992675781,142.979995727539,142.850006103516,142.914993286133,9746
2026-02-27 20:27:00,142.889999389648,142.914993286133,142.850006103516,142.865005493164,10147
2026-02-27 20:28:00,142.889999389648,143.0,142.880004882813,142.979995727539,1548087
2026-02-27 20:29:00,142.980102539063,142.980102539063,142.770004272461,142.789993286133,0
2026-02-27 20:30:00,142.785003662109,142.929992675781,142.710006713867,142.744995117188,18404
2026-02-27 20:31:00,142.720001220703,142.740005493164,142.369995117188,142.389999389648,55504
2026-02-27 20:32:00,142.380004882813,142.449996948242,142.369995117188,142.380004882813,28930
2026-02-27 20:33:00,142.429992675781,142.429992675781,142.320007324219,142.320007324219,30860
2026-02-27 20:34:00,142.339996337891,142.368301391602,142.270004272461,142.289993286133,12923
2026-02-27 20:35:00,142.285003662109,142.300003051758,142.25,142.264999389648,18915
2026-02-27 20:36:00,142.270004272461,142.300003051758,142.199996948242,142.279998779297,16035
2026-02-27 20:37:00,142.279998779297,142.339996337891,142.240005493164,142.300003051758,18944
2026-02-27 20:38:00,142.300003051758,142.399993896484,142.259994506836,142.363494873047,20010
2026-02-27 20:39:00,142.375,142.419998168945,142.360000610352,142.399993896484,21580
2026-02-27 20:40:00,142.399993896484,142.410003662109,142.320007324219,142.360107421875,15032
2026-02-27 20:41:00,142.429992675781,142.440002441406,142.300003051758,142.304992675781,13894
2026-02-27 20:42:00,142.304992675781,142.369995117188,142.289993286133,142.369995117188,10845
2026-02-27 20:43:00,142.389999389648,142.425003051758,142.330001831055,142.389999389648,13522
2026-02-27 20:44:00,142.410003662109,142.410003662109,142.259994506836,142.320007324219,14002
2026-02-27 20:45:00,142.330001831055,142.419998168945,142.320007324219,142.419998168945,25089
2026-02-27 20:46:00,142.419998168945,142.580001831055,142.419998168945,142.485000610352,12013
2026-02-27 20:47:00,142.485000610352,142.494995117188,142.339996337891,142.339996337891,15345
2026-02-27 20:48:00,142.350006103516,142.350006103516,142.255004882813,142.255004882813,38335
2026-02-27 20:49:00,142.240005493164,142.259994506836,142.149993896484,142.240005493164,27514
2026-02-27 20:50:00,142.279998779297,142.300003051758,141.940002441406,141.960006713867,66891
2026-02-27 20:51:00,141.960006713867,142.145004272461,141.815002441406,141.815002441406,1842799
2026-02-27 20:52:00,141.809997558594,142.029998779297,141.809997558594,141.974304199219,0
2026-02-27 20:53:00,141.970001220703,142.300003051758,141.970001220703,142.300003051758,28379
2026-02-27 20:54:00,142.279998779297,142.279998779297,142.050003051758,142.210006713867,1898882
2026-02-27 20:55:00,142.220001220703,142.240005493164,142.080001831055,142.179992675781,0
2026-02-27 20:56:00,142.190002441406,142.289993286133,142.160003662109,142.285003662109,88289
2026-02-27 20:57:00,142.285003662109,142.365005493164,142.259994506836,142.300003051758,104930
2026-02-27 20:58:00,142.289993286133,142.369995117188,142.289993286133,142.339996337891,118376
2026-02-27 20:59:00,142.335006713867,142.425003051758,142.259994506836,142.309997558594,348680
2026-02-27 21:00:00,142.35,142.7,142.09,142.36,2408298
2026-02-27 21:01:00,142.36,142.5,142.09,142.36,0
2026-02-27 21:02:00,142.36,142.36,142.09,142.36,0
2026-02-27 21:03:00,142.36,142.499,142.3408,142.499,0
2026-02-27 21:04:00,142.36,142.36,142.36,142.36,0
2026-02-27 21:05:00,142.36,142.36,142.36,142.36,0
2026-02-27 21:06:00,142.41,142.41,142.35,142.35,0
2026-02-27 21:07:00,142.36,142.36,142.36,142.36,0
2026-02-27 21:08:00,142.19,142.19,142.19,142.19,0
2026-02-27 21:09:00,142.36,142.36,142.36,142.36,0
2026-02-27 21:10:00,142.36,142.36,142.36,142.36,0
2026-02-27 21:11:00,142.36,143.0,142.3451,143.0,0
2026-02-27 21:12:00,142.99,142.99,142.99,142.99,0
2026-02-27 21:13:00,142.99,142.99,142.99,142.99,0
2026-02-27 21:14:00,142.36,142.3671,142.36,142.36,0
2026-02-27 21:15:00,142.36,142.36,142.36,142.36,0
2026-02-27 21:16:00,142.5004,142.5004,142.5004,142.5004,0
2026-02-27 21:18:00,142.5155,142.5155,142.36,142.36,0
2026-02-27 21:19:00,142.36,142.5,142.36,142.36,0
2026-02-27 21:20:00,142.36,142.36,142.36,142.36,0
2026-02-27 21:21:00,142.6,142.6,142.42,142.51,0
2026-02-27 21:22:00,142.51,142.51,142.51,142.51,0
2026-02-27 21:24:00,142.52,142.52,142.41,142.41,0
2026-02-27 21:25:00,142.37,142.37,142.37,142.37,0
2026-02-27 21:26:00,142.36,142.36,142.36,142.36,0
2026-02-27 21:29:00,142.36,142.36,142.36,142.36,0
2026-02-27 21:31:00,142.0,142.0,142.0,142.0,0
2026-02-27 21:34:00,142.16,142.36,142.16,142.36,0
2026-02-27 21:39:00,142.36,142.36,142.36,142.36,0
2026-02-27 21:40:00,142.35,142.36,142.35,142.36,0
2026-02-27 21:43:00,142.23,142.23,142.23,142.23,0
2026-02-27 21:44:00,142.36,142.36,142.36,142.36,0
2026-02-27 21:46:00,142.15,142.15,142.15,142.15,0
2026-02-27 21:49:00,142.05,142.35,142.05,142.35,0
2026-02-27 21:50:00,142.08,142.08,142.08,142.08,0
2026-02-27 21:51:00,142.36,142.36,142.36,142.36,0
2026-02-27 21:52:00,142.2775,142.2775,142.2775,142.2775,0
2026-02-27 21:56:00,142.0,142.0,142.0,142.0,0
2026-02-27 22:00:00,142.24,142.24,142.24,142.24,0
2026-02-27 22:04:00,142.22,142.23,142.22,142.23,0
2026-02-27 22:09:00,142.22,142.22,142.22,142.22,0
2026-02-27 22:13:00,142.15,142.15,142.15,142.15,0
2026-02-27 22:19:00,142.22,142.22,142.22,142.22,0
2026-02-27 22:22:00,142.26,142.26,142.26,142.26,0
2026-02-27 22:23:00,142.22,142.24,142.22,142.23,0
2026-02-27 22:25:00,142.22,142.22,142.22,142.22,0
2026-02-27 22:26:00,142.2,142.2,142.2,142.2,0
2026-02-27 22:28:00,142.22,142.22,142.22,142.22,0
2026-02-27 22:29:00,142.36,142.36,142.36,142.36,0
2026-02-27 22:38:00,142.22,142.22,142.204,142.204,0
2026-02-27 22:39:00,142.2011,142.2011,142.2011,142.2011,0
2026-02-27 22:41:00,142.19,142.19,142.19,142.19,0
2026-02-27 22:47:00,142.1624,142.1624,142.1624,142.1624,0
2026-02-27 22:48:00,142.1624,142.1624,142.1624,142.1624,0
2026-02-27 22:50:00,142.3042,142.3042,142.15,142.15,0
2026-02-27 22:51:00,142.16,142.16,142.16,142.16,0
2026-02-27 22:52:00,142.18,142.18,142.18,142.18,0
2026-02-27 22:54:00,142.18,142.18,142.18,142.18,0
2026-02-27 22:55:00,142.16,142.16,142.16,142.16,0
2026-02-27 22:58:00,142.36,142.36,142.36,142.36,0
2026-02-27 23:01:00,142.0,142.0,142.0,142.0,0
2026-02-27 23:08:00,142.0,142.0,142.0,142.0,0
2026-02-27 23:09:00,142.0678,142.0678,142.0678,142.0678,0
2026-02-27 23:11:00,142.1,142.1,142.1,142.1,0
2026-02-27 23:15:00,142.01,142.01,141.8,141.8,0
2026-02-27 23:20:00,142.01,142.01,142.01,142.01,0
2026-02-27 23:21:00,142.36,142.36,142.36,142.36,0
2026-02-27 23:22:00,142.16,142.16,142.16,142.16,0
2026-02-27 23:23:00,142.04,142.04,142.04,142.04,0
2026-02-27 23:24:00,141.8,141.8,141.8,141.8,0
2026-02-27 23:26:00,142.17,142.17,142.17,142.17,0
2026-02-27 23:29:00,142.17,142.17,142.17,142.17,0
2026-02-27 23:32:00,142.1,142.1,142.1,142.1,0
2026-02-27 23:34:00,142.1,142.1,142.1,142.1,0
2026-02-27 23:35:00,142.04,142.04,142.04,142.04,0
2026-02-27 23:40:00,142.36,142.36,142.36,142.36,0
2026-02-27 23:42:00,142.36,142.36,142.36,142.36,0
2026-02-27 23:45:00,142.04,142.04,142.04,142.04,0
2026-02-27 23:46:00,142.3588,142.3588,142.3588,142.3588,0
2026-02-27 23:47:00,142.04,142.04,142.04,142.04,0
2026-02-27 23:48:00,142.18,142.18,142.0,142.0,0
2026-02-27 23:50:00,142.36,142.36,142.36,142.36,0
2026-02-27 23:52:00,142.055,142.055,142.055,142.055,0
2026-02-27 23:56:00,142.1,142.1,142.02,142.02,0
2026-02-27 23:59:00,142.1,142.1,142.1,142.1,0
2026-02-28 00:02:00,142.2,142.2,142.2,142.2,0
2026-02-28 00:05:00,142.2,142.2,142.2,142.2,0
2026-02-28 00:07:00,142.204,142.204,142.204,142.204,0
2026-02-28 00:09:00,142.36,142.36,142.2,142.2,0
2026-02-28 00:11:00,142.27,142.29,142.27,142.29,0
2026-02-28 00:15:00,142.2748,142.2748,142.2748,142.2748,0
2026-02-28 00:21:00,142.27,142.27,142.27,142.27,0
2026-02-28 00:22:00,142.34,142.34,142.34,142.34,0
2026-02-28 00:23:00,142.25,142.25,142.25,142.25,0
2026-02-28 00:24:00,141.8101,141.8101,141.8101,141.8101,0
2026-02-28 00:25:00,142.1,142.1,142.1,142.1,0
2026-02-28 00:33:00,142.1,142.1,142.1,142.1,0
2026-02-28 00:34:00,142.0278,142.0278,142.0278,142.0278,0
2026-02-28 00:37:00,142.085,142.085,142.03,142.03,0
2026-02-28 00:39:00,142.35,142.35,142.35,142.35,0
2026-02-28 00:43:00,142.34,142.34,142.34,142.34,0
2026-02-28 00:45:00,142.34,142.34,142.34,142.34,0
2026-02-28 00:50:00,141.81,141.81,141.81,141.81,0
2026-02-28 00:56:00,142.1,142.3599,142.1,142.2748,0
2026-02-28 00:59:00,142.36,142.36,142.36,142.36,0
2026-03-02 09:00:00,139.93,140.0,139.92,140.0,0
2026-03-02 09:01:00,139.84,139.84,139.84,139.84,0
2026-03-02 09:03:00,139.78,139.78,139.69,139.69,0
2026-03-02 09:06:00,139.63,139.63,139.63,139.63,0
2026-03-02 09:08:00,140.0,140.0,140.0,140.0,0
2026-03-02 09:12:00,140.29,140.29,140.29,140.29,0
2026-03-02 09:14:00,140.18,140.28,140.1,140.1,0
2026-03-02 09:21:00,140.16,140.23,140.16,140.23,0
2026-03-02 09:24:00,140.11,140.15,140.1,140.1,0
2026-03-02 09:26:00,140.11,140.11,140.1,140.1,0
2026-03-02 09:28:00,140.05,140.05,140.05,140.05,0
2026-03-02 09:29:00,140.04,140.04,140.04,140.04,0
2026-03-02 09:32:00,140.02,140.02,140.02,140.02,0
2026-03-02 09:33:00,140.02,140.15,140.02,140.07,0
2026-03-02 09:36:00,140.08,140.08,140.08,140.08,0
2026-03-02 09:38:00,139.99,139.99,139.99,139.99,0
2026-03-02 09:41:00,139.98,139.98,139.98,139.98,0
2026-03-02 09:42:00,140.03,140.05,139.93,139.93,0
2026-03-02 09:44:00,139.99,139.99,139.99,139.99,0
2026-03-02 09:56:00,139.92,139.92,139.91,139.91,0
2026-03-02 09:57:00,139.96,139.96,139.96,139.96,0
2026-03-02 10:01:00,139.84,139.84,139.84,139.84,0
2026-03-02 10:02:00,139.99,140.11,139.99,140.11,0
2026-03-02 10:03:00,140.0,140.0,140.0,140.0,0
2026-03-02 10:04:00,140.06,140.15,140.05,140.1,0
2026-03-02 10:05:00,140.04,140.1,140.04,140.05,0
2026-03-02 10:06:00,140.12,140.13,140.12,140.13,0
2026-03-02 10:07:00,140.04,140.04,140.04,140.04,0
2026-03-02 10:09:00,140.22,140.22,140.22,140.22,0
2026-03-02 10:10:00,140.19,140.19,140.19,140.19,0
2026-03-02 10:11:00,139.98,139.98,139.98,139.98,0
2026-03-02 10:12:00,140.04,140.04,140.04,140.04,0
2026-03-02 10:14:00,140.02,140.02,140.02,140.02,0
2026-03-02 10:15:00,140.02,140.02,140.02,140.02,0
2026-03-02 10:17:00,140.03,140.03,140.03,140.03,0
2026-03-02 10:19:00,140.01,140.01,140.01,140.01,0
2026-03-02 10:22:00,140.18,140.18,140.18,140.18,0
2026-03-02 10:24:00,140.01,140.01,140.01,140.01,0
2026-03-02 10:25:00,140.14,140.14,140.14,140.14,0
2026-03-02 10:26:00,140.06,140.06,140.06,140.06,0
2026-03-02 10:27:00,140.04,140.04,140.04,140.04,0
2026-03-02 10:28:00,140.04,140.04,140.03,140.03,0
2026-03-02 10:51:00,140.2,140.2,140.2,140.2,0
2026-03-02 10:56:00,140.1,140.11,140.1,140.11,0
2026-03-02 11:02:00,140.18,140.18,140.18,140.18,0
2026-03-02 11:03:00,140.16,140.16,140.16,140.16,0
2026-03-02 11:06:00,140.09,140.09,140.09,140.09,0
2026-03-02 11:09:00,140.05,140.05,139.98,140.01,0
2026-03-02 11:10:00,140.06,140.06,140.02,140.05,0
2026-03-02 11:11:00,140.03,140.03,140.02,140.02,0
2026-03-02 11:13:00,140.03,140.03,140.03,140.03,0
2026-03-02 11:18:00,140.11,140.11,140.11,140.11,0
2026-03-02 11:20:00,140.25,140.25,140.25,140.25,0
2026-03-02 11:24:00,140.08,140.08,140.08,140.08,0
2026-03-02 11:30:00,139.99,139.99,139.95,139.95,0
2026-03-02 11:33:00,140.07,140.07,140.07,140.07,0
2026-03-02 11:35:00,140.06,140.06,140.06,140.06,0
2026-03-02 11:37:00,140.19,140.19,140.06,140.06,0
2026-03-02 11:39:00,140.06,140.06,140.06,140.06,0
2026-03-02 11:46:00,139.9,139.9,139.9,139.9,0
2026-03-02 11:51:00,140.03,140.03,140.03,140.03,0
2026-03-02 11:55:00,140.21,140.21,140.03,140.03,0
2026-03-02 12:02:00,140.18,140.18,140.17,140.17,0
2026-03-02 12:03:00,140.18,140.22,140.18,140.22,0
2026-03-02 12:11:00,140.0,140.0,139.81,139.81,0
2026-03-02 12:13:00,139.86,139.86,139.86,139.86,0
2026-03-02 12:19:00,139.74,139.74,139.74,139.74,0
2026-03-02 12:21:00,139.7,139.7,139.59,139.59,0
2026-03-02 12:25:00,139.5,139.5,139.5,139.5,0
2026-03-02 12:26:00,139.49,139.65,139.32,139.65,0
2026-03-02 12:29:00,139.66,139.66,139.66,139.66,0
2026-03-02 12:40:00,139.58,139.58,139.58,139.58,0
2026-03-02 12:41:00,139.63,139.63,139.63,139.63,0
2026-03-02 12:42:00,139.66,139.66,139.63,139.63,0
2026-03-02 12:46:00,139.8,139.81,139.8,139.81,0
2026-03-02 12:48:00,139.86,139.86,139.86,139.86,0
2026-03-02 12:52:00,139.87,139.87,139.87,139.87,0
2026-03-02 12:54:00,139.86,139.86,139.86,139.86,0
2026-03-02 12:55:00,139.82,139.82,139.82,139.82,0
2026-03-02 12:56:00,139.58,139.71,139.51,139.51,0
2026-03-02 13:00:00,139.85,142.36,139.2162,142.36,0
2026-03-02 13:01:00,139.15,140.93,139.07,139.8615,0
2026-03-02 13:02:00,140.0,140.0,139.87,139.87,0
2026-03-02 13:03:00,140.8,140.8,139.05,139.23,0
2026-03-02 13:04:00,139.8627,139.99,139.5,139.99,0
2026-03-02 13:05:00,139.54,139.54,139.54,139.54,0
2026-03-02 13:07:00,139.52,140.0,139.52,140.0,0
2026-03-02 13:09:00,140.0,140.92,139.16,139.86,0
2026-03-02 13:10:00,140.51,140.91,139.15,140.0,0
2026-03-02 13:12:00,139.83,139.83,139.83,139.83,0
2026-03-02 13:13:00,139.5661,139.5661,139.56,139.56,0
2026-03-02 13:14:00,139.5531,139.566,139.5531,139.566,0
2026-03-02 13:16:00,139.74,139.7499,139.74,139.7499,0
2026-03-02 13:17:00,139.75,139.75,139.6,139.6,0
2026-03-02 13:18:00,139.75,139.75,139.75,139.75,0
2026-03-02 13:19:00,139.8427,139.8427,139.8,139.8,0
2026-03-02 13:21:00,140.0,140.0,140.0,140.0,0
2026-03-02 13:22:00,140.0,140.12,139.8612,140.1,0
2026-03-02 13:23:00,140.14,140.14,140.08,140.08,0
2026-03-02 13:25:00,140.046,140.2248,140.0077,140.0077,0
2026-03-02 13:26:00,140.04,140.05,140.04,140.05,0
2026-03-02 13:27:00,140.1,140.1,140.1,140.1,0
2026-03-02 13:28:00,140.11,140.11,139.95,139.95,0
2026-03-02 13:29:00,139.9,139.9,139.75,139.8005,0
2026-03-02 13:30:00,139.7562,139.9,139.7562,139.9,0
2026-03-02 13:31:00,139.75,139.75,139.75,139.75,0
2026-03-02 13:32:00,139.75,139.88,139.75,139.88,0
2026-03-02 13:33:00,139.75,139.99,139.75,139.75,0
2026-03-02 13:35:00,139.8767,139.8767,139.786,139.8732,0
2026-03-02 13:36:00,139.7519,139.76,139.52,139.52,0
2026-03-02 13:37:00,139.87,139.87,139.87,139.87,0
2026-03-02 13:38:00,139.5388,139.5388,139.5388,139.5388,0
2026-03-02 13:39:00,139.8242,139.8242,139.8242,139.8242,0
2026-03-02 13:40:00,139.77,139.83,139.56,139.56,0
2026-03-02 13:42:00,139.6256,139.6256,139.52,139.52,0
2026-03-02 13:44:00,139.54,139.65,139.47,139.47,0
2026-03-02 13:46:00,139.47,139.6,139.46,139.6,0
2026-03-02 13:47:00,139.62,139.62,139.62,139.62,0
2026-03-02 13:48:00,139.58,139.58,139.47,139.47,0
2026-03-02 13:49:00,139.46,139.4766,139.46,139.46,0
2026-03-02 13:50:00,139.6206,139.6206,139.46,139.46,0
2026-03-02 13:51:00,139.65,139.65,139.46,139.46,0
2026-03-02 13:52:00,139.44,139.44,139.35,139.35,0
2026-03-02 13:55:00,139.35,139.48,139.35,139.48,0
2026-03-02 13:56:00,139.26,139.26,139.23,139.23,0
2026-03-02 13:58:00,139.29,139.6,139.29,139.3,0
2026-03-02 13:59:00,139.2,139.576,139.16,139.18,0
2026-03-02 14:00:00,139.18,139.221,139.14,139.14,0
2026-03-02 14:01:00,139.0277,139.1375,139.0277,139.09,0
2026-03-02 14:02:00,139.2,139.2,138.95,138.98,0
2026-03-02 14:03:00,138.9813,139.08,138.9801,138.9801,0
2026-03-02 14:04:00,139.25,139.25,139.25,139.25,0
2026-03-02 14:05:00,139.1096,139.11,139.1096,139.11,0
2026-03-02 14:06:00,139.22,139.4,139.22,139.4,0
2026-03-02 14:07:00,139.0,139.0,139.0,139.0,0
2026-03-02 14:09:00,139.12,139.28,139.12,139.28,0
2026-03-02 14:10:00,139.1,139.12,139.1,139.12,0
2026-03-02 14:11:00,139.19,139.19,139.1465,139.19,0
2026-03-02 14:12:00,139.4,139.4,139.25,139.25,0
2026-03-02 14:15:00,139.4,139.4,139.11,139.11,0
2026-03-02 14:16:00,139.1,139.1,139.05,139.05,0
2026-03-02 14:17:00,138.98,138.99,138.98,138.99,0
2026-03-02 14:19:00,139.2,142.36,139.02,139.02,0
2026-03-02 14:21:00,139.19,139.19,139.19,139.19,0
2026-03-02 14:22:00,138.99,138.99,138.9,138.9,0
2026-03-02 14:23:00,138.88,138.88,138.88,138.88,0
2026-03-02 14:24:00,138.856,138.856,138.856,138.856,0
2026-03-02 14:25:00,138.84,138.85,138.84,138.85,0
2026-03-02 14:26:00,138.8104,138.88,138.43,138.5,0
2026-03-02 14:27:00,138.44,138.44,138.0,138.3882,0
2026-03-02 14:28:00,138.14,138.14,137.47,138.129,0
2026-03-02 14:29:00,137.76,138.13,137.44,138.13,0
2026-03-02 14:30:00,137.516998291016,138.184997558594,137.350006103516,137.934997558594,411641
2026-03-02 14:31:00,138.005004882813,138.059997558594,136.893997192383,137.130004882813,0
2026-03-02 14:32:00,137.149993896484,137.529998779297,136.970001220703,137.485000610352,30334
2026-03-02 14:33:00,137.485000610352,137.569900512695,137.279998779297,137.320007324219,23488
2026-03-02 14:34:00,137.279998779297,137.570007324219,137.074996948242,137.5,172452
2026-03-02 14:35:00,137.5,137.589996337891,137.270004272461,137.505004882813,34018
2026-03-02 14:36:00,137.589996337891,138.279998779297,137.576293945313,138.225006103516,0
2026-03-02 14:37:00,138.242492675781,138.679992675781,138.220001220703,138.339996337891,25775
2026-03-02 14:38:00,138.179992675781,138.210006713867,137.649993896484,138.104995727539,42938
2026-03-02 14:39:00,138.115005493164,138.115005493164,137.510101318359,137.510101318359,26693
2026-03-02 14:40:00,137.627105712891,137.690002441406,137.210006713867,137.456497192383,26955
2026-03-02 14:41:00,137.5,137.880004882813,137.470001220703,137.570007324219,30090
2026-03-02 14:42:00,137.550003051758,137.869995117188,137.509994506836,137.690002441406,39757
2026-03-02 14:43:00,137.550003051758,137.990005493164,137.369995117188,137.934997558594,24068
2026-03-02 14:44:00,137.975006103516,138.08349609375,137.789993286133,138.020004272461,293459
2026-03-02 14:45:00,137.960006713867,138.436996459961,137.949996948242,138.389999389648,0
2026-03-02 14:46:00,138.365005493164,138.365005493164,138.070007324219,138.070007324219,21786
2026-03-02 14:47:00,138.160003662109,138.440002441406,138.110000610352,138.440002441406,13481
2026-03-02 14:48:00,138.365005493164,138.419998168945,138.169998168945,138.309997558594,39693
2026-03-02 14:49:00,138.259994506836,138.369995117188,138.039993286133,138.369995117188,27118
2026-03-02 14:50:00,138.371398925781,138.630004882813,138.369995117188,138.575103759766,30874
2026-03-02 14:51:00,138.574996948242,138.679992675781,138.304992675781,138.304992675781,16655
2026-03-02 14:52:00,138.289993286133,138.330001831055,138.123001098633,138.259994506836,20796
2026-03-02 14:53:00,138.199996948242,138.320007324219,138.149993896484,138.264999389648,22406
2026-03-02 14:54:00,138.285003662109,138.369995117188,138.210006713867,138.324996948242,11816
2026-03-02 14:55:00,138.380004882813,138.490005493164,138.270004272461,138.490005493164,17680
2026-03-02 14:56:00,138.419998168945,138.419998168945,138.259994506836,138.320007324219,15481
2026-03-02 14:57:00,138.380004882813,138.380004882813,138.100006103516,138.139999389648,19580
2026-03-02 14:58:00,138.119995117188,138.389007568359,138.110000610352,138.205001831055,31498
2026-03-02 14:59:00,138.240005493164,138.419998168945,138.195007324219,138.395004272461,15013
2026-03-02 15:00:00,138.380004882813,138.399993896484,138.110000610352,138.169998168945,29711
2026-03-02 15:01:00,138.169998168945,138.509994506836,138.169998168945,138.479995727539,440050
2026-03-02 15:02:00,138.520004272461,138.580001831055,138.342498779297,138.342498779297,34476
2026-03-02 15:03:00,138.380004882813,138.451400756836,138.160003662109,138.389999389648,0
2026-03-02 15:04:00,138.429992675781,138.440002441406,138.270004272461,138.324996948242,448945
2026-03-02 15:05:00,138.324996948242,138.419998168945,138.220001220703,138.419998168945,29204
2026-03-02 15:06:00,138.429992675781,138.850006103516,138.380004882813,138.774993896484,0
2026-03-02 15:07:00,138.849899291992,138.919998168945,138.690002441406,138.910003662109,19773
2026-03-02 15:08:00,138.904998779297,139.199996948242,138.789993286133,139.179992675781,26915
2026-03-02 15:09:00,139.164993286133,139.25,139.039993286133,139.119995117188,20802
2026-03-02 15:10:00,139.149993896484,139.190002441406,138.950103759766,139.100006103516,15366
2026-03-02 15:11:00,139.130004882813,139.264999389648,139.080001831055,139.229995727539,507823
2026-03-02 15:12:00,139.229995727539,139.330001831055,139.130004882813,139.330001831055,0
2026-03-02 15:13:00,139.320007324219,139.449996948242,139.309997558594,139.369995117188,9758
2026-03-02 15:14:00,139.380004882813,139.384994506836,139.279998779297,139.330001831055,9899
2026-03-02 15:15:00,139.399993896484,139.399993896484,139.279998779297,139.309997558594,3623
2026-03-02 15:17:00,139.404998779297,139.434997558594,138.919998168945,138.960006713867,54432
2026-03-02 15:18:00,138.919998168945,138.979995727539,138.800003051758,138.860000610352,22463
2026-03-02 15:19:00,138.839996337891,138.880004882813,138.729995727539,138.824996948242,14936
2026-03-02 15:20:00,138.850006103516,138.860000610352,138.559997558594,138.574996948242,21881
2026-03-02 15:21:00,138.574996948242,138.610000610352,138.210006713867,138.229995727539,24825
2026-03-02 15:22:00,138.210006713867,138.240005493164,137.949996948242,138.020004272461,41204
2026-03-02 15:23:00,138.020004272461,138.289993286133,137.940002441406,138.289993286133,22025
2026-03-02 15:24:00,138.259994506836,138.259994506836,138.115005493164,138.169998168945,11480
2026-03-02 15:25:00,138.220001220703,138.354797363281,138.059997558594,138.095001220703,18090
2026-03-02 15:26:00,138.095001220703,138.440002441406,138.095001220703,138.429992675781,14309
2026-03-02 15:27:00,138.410003662109,138.429992675781,138.149993896484,138.164993286133,12081
2026-03-02 15:28:00,138.179992675781,138.220001220703,137.949996948242,137.949996948242,26992
2026-03-02 15:29:00,137.964996337891,138.092498779297,137.929992675781,137.955001831055,19708
2026-03-02 15:30:00,137.919998168945,138.009994506836,137.809997558594,137.839996337891,668135
2026-03-02 15:31:00,137.865005493164,137.865005493164,137.690002441406,137.770004272461,0
2026-03-02 15:32:00,137.814193725586,137.879898071289,137.600006103516,137.604995727539,665400
2026-03-02 15:33:00,137.600006103516,137.727493286133,137.600006103516,137.669998168945,19935
2026-03-02 15:34:00,137.690002441406,137.880004882813,137.690002441406,137.75,18417
2026-03-02 15:35:00,137.770004272461,137.869995117188,137.759994506836,137.779998779297,0
2026-03-02 15:36:00,137.779998779297,137.809097290039,137.669998168945,137.789993286133,13421
2026-03-02 15:37:00,137.809997558594,137.880004882813,137.770004272461,137.869903564453,10249
2026-03-02 15:38:00,137.869995117188,138.059997558594,137.860000610352,138.009994506836,16403
2026-03-02 15:39:00,138.024993896484,138.160003662109,137.994995117188,138.160003662109,699083
2026-03-02 15:40:00,138.119995117188,138.160003662109,138.020004272461,138.029998779297,0
2026-03-02 15:41:00,138.039993286133,138.199996948242,138.0,138.169998168945,734270
2026-03-02 15:42:00,138.149993896484,138.179992675781,138.119995117188,138.179992675781,0
2026-03-02 15:43:00,138.220001220703,138.490005493164,138.169998168945,138.410003662109,12516
2026-03-02 15:44:00,138.449996948242,138.559997558594,138.399993896484,138.544998168945,22131
2026-03-02 15:45:00,138.535003662109,138.535003662109,138.384994506836,138.490005493164,9885
2026-03-02 15:46:00,138.485000610352,138.699905395508,138.485000610352,138.580001831055,12681
2026-03-02 15:47:00,138.566299438477,138.830001831055,138.566299438477,138.720001220703,16109
2026-03-02 15:48:00,138.710006713867,138.764999389648,138.610000610352,138.75,745391
2026-03-02 15:49:00,138.729995727539,138.839996337891,138.690002441406,138.839996337891,0
2026-03-02 15:50:00,138.800003051758,138.839996337891,138.710006713867,138.789993286133,10014
2026-03-02 15:51:00,138.800003051758,138.94970703125,138.669998168945,138.740005493164,13277
2026-03-02 15:52:00,138.720001220703,138.759994506836,138.669998168945,138.698806762695,5162
2026-03-02 15:53:00,138.669998168945,138.720001220703,138.580001831055,138.660095214844,14452
2026-03-02 15:54:00,138.710006713867,138.759994506836,138.559997558594,138.559997558594,9507
2026-03-02 15:55:00,138.550003051758,138.608993530273,138.479995727539,138.550003051758,11657
2026-03-02 15:56:00,138.660003662109,138.835006713867,138.660003662109,138.779998779297,783244
2026-03-02 15:57:00,138.837600708008,138.837600708008,138.690002441406,138.779998779297,13178
2026-03-02 15:58:00,138.779998779297,138.899993896484,138.720001220703,138.899993896484,0
2026-03-02 15:59:00,138.949996948242,139.050003051758,138.949996948242,139.020004272461,13641
2026-03-02 16:00:00,139.044998168945,139.195007324219,139.044998168945,139.160003662109,10241
2026-03-02 16:01:00,139.160003662109,139.190002441406,139.100006103516,139.164993286133,8082
2026-03-02 16:02:00,139.139999389648,139.149993896484,138.994995117188,138.994995117188,7832
2026-03-02 16:03:00,138.970001220703,139.210006713867,138.929992675781,139.139999389648,11137
2026-03-02 16:04:00,139.089996337891,139.149505615234,138.990005493164,139.130004882813,31627
2026-03-02 16:05:00,139.080001831055,139.195007324219,139.070007324219,139.169998168945,9534
2026-03-02 16:06:00,139.184997558594,139.214996337891,139.149993896484,139.164993286133,8687
2026-03-02 16:07:00,139.130004882813,139.289993286133,139.119995117188,139.229995727539,10409
2026-03-02 16:08:00,139.210006713867,139.210006713867,139.070007324219,139.130004882813,10894
2026-03-02 16:09:00,139.270004272461,139.389999389648,139.25,139.324996948242,6651
2026-03-02 16:10:00,139.324996948242,139.554992675781,139.324996948242,139.5,842188
2026-03-02 16:11:00,139.528305053711,139.600006103516,139.410003662109,139.570007324219,10365
2026-03-02 16:12:00,139.570007324219,139.641799926758,139.520004272461,139.641799926758,0
2026-03-02 16:13:00,139.580001831055,139.75,139.570007324219,139.625,844968
2026-03-02 16:14:00,139.625,139.710006713867,139.610000610352,139.705001831055,0
2026-03-02 16:15:00,139.729995727539,139.850006103516,139.669998168945,139.679992675781,14366
2026-03-02 16:16:00,139.679992675781,139.679992675781,139.449996948242,139.470001220703,11183
2026-03-02 16:17:00,139.529998779297,139.589996337891,139.449996948242,139.577697753906,859467
2026-03-02 16:18:00,139.619995117188,139.634994506836,139.5,139.529998779297,0
2026-03-02 16:19:00,139.595001220703,139.619903564453,139.539993286133,139.539993286133,7536
2026-03-02 16:20:00,139.589996337891,139.619995117188,139.485000610352,139.619995117188,8472
2026-03-02 16:21:00,139.520004272461,139.599700927734,139.479995727539,139.535003662109,19388
2026-03-02 16:22:00,139.529998779297,139.649993896484,139.512496948242,139.639999389648,878692
2026-03-02 16:23:00,139.642395019531,139.679992675781,139.550903320313,139.550903320313,0
2026-03-02 16:24:00,139.580001831055,139.600006103516,139.520004272461,139.520004272461,4853
2026-03-02 16:25:00,139.529998779297,139.619995117188,139.529998779297,139.595001220703,5405
2026-03-02 16:26:00,139.574996948242,139.639999389648,139.479995727539,139.520004272461,8335
2026-03-02 16:27:00,139.5,139.535003662109,139.300003051758,139.380004882813,13215
2026-03-02 16:28:00,139.279998779297,139.339996337891,139.229995727539,139.263397216797,908994
2026-03-02 16:29:00,139.309997558594,139.440002441406,139.259994506836,139.289993286133,0
2026-03-02 16:30:00,139.274993896484,139.39990234375,139.25,139.389999389648,5753
2026-03-02 16:31:00,139.360000610352,139.360000610352,139.220001220703,139.279998779297,906781
2026-03-02 16:32:00,139.259994506836,139.289993286133,139.220001220703,139.289993286133,0
2026-03-02 16:33:00,139.289993286133,139.369995117188,139.289993286133,139.339996337891,8916
2026-03-02 16:34:00,139.309997558594,139.5,139.175003051758,139.5,9108
2026-03-02 16:35:00,139.490005493164,139.535003662109,139.389999389648,139.535003662109,9167
2026-03-02 16:36:00,139.539993286133,139.725006103516,139.479995727539,139.699996948242,5735
2026-03-02 16:37:00,139.705001831055,139.75,139.669998168945,139.705001831055,930234
2026-03-02 16:38:00,139.710006713867,139.789993286133,139.710006713867,139.779998779297,0
2026-03-02 16:39:00,139.809692382813,139.809997558594,139.615005493164,139.755004882813,35276
2026-03-02 16:40:00,139.759994506836,139.929992675781,139.759994506836,139.904998779297,944691
2026-03-02 16:41:00,139.882904052734,140.020004272461,139.860000610352,140.0,0
2026-03-02 16:42:00,139.970001220703,139.994995117188,139.839996337891,139.914993286133,9853
2026-03-02 16:43:00,139.940002441406,140.020004272461,139.619995117188,139.929992675781,129822
2026-03-02 16:44:00,139.914993286133,139.914993286133,139.425003051758,139.425003051758,33151
2026-03-02 16:45:00,139.425003051758,139.490005493164,139.309997558594,139.479995727539,9310
2026-03-02 16:46:00,139.475006103516,139.490005493164,139.429992675781,139.490005493164,4673
2026-03-02 16:47:00,139.470001220703,139.518295288086,139.389999389648,139.518295288086,977882
2026-03-02 16:48:00,139.485000610352,139.509994506836,139.380004882813,139.380004882813,0
2026-03-02 16:49:00,139.410003662109,139.470001220703,139.384994506836,139.470001220703,7548
2026-03-02 16:50:00,139.479995727539,139.479995727539,139.339996337891,139.404998779297,8516
2026-03-02 16:51:00,139.399993896484,139.449996948242,139.240005493164,139.240005493164,120656
2026-03-02 16:52:00,139.279998779297,139.429992675781,139.240005493164,139.350006103516,14842
2026-03-02 16:53:00,139.380004882813,139.529998779297,139.380004882813,139.479995727539,26160
2026-03-02 16:54:00,139.470001220703,139.470001220703,139.369293212891,139.418899536133,6513
2026-03-02 16:55:00,139.399993896484,139.675003051758,139.339996337891,139.675003051758,6030
2026-03-02 16:56:00,139.630004882813,139.759994506836,139.589996337891,139.630004882813,7064
2026-03-02 16:57:00,139.669998168945,139.759994506836,139.639999389648,139.710006713867,1011768
2026-03-02 16:58:00,139.699996948242,139.899993896484,139.690002441406,139.779998779297,0
2026-03-02 16:59:00,139.75,139.75,139.75,139.75,10344
2026-03-02 17:01:00,139.860000610352,139.919998168945,139.725006103516,139.725006103516,12421
2026-03-02 17:02:00,139.720001220703,139.815002441406,139.690002441406,139.707000732422,19281
2026-03-02 17:04:00,139.710006713867,139.800003051758,139.699996948242,139.789993286133,5107
2026-03-02 17:05:00,139.824996948242,139.899993896484,139.820007324219,139.880004882813,18075
2026-03-02 17:06:00,139.889999389648,139.954193115234,139.839996337891,139.869995117188,10412
2026-03-02 17:07:00,139.830001831055,139.839996337891,139.720001220703,139.735000610352,7686
2026-03-02 17:08:00,139.710006713867,139.798904418945,139.710006713867,139.759994506836,4515
2026-03-02 17:09:00,139.720001220703,140.0,139.720001220703,139.960006713867,23835
2026-03-02 17:10:00,140.0,140.020004272461,139.919998168945,139.949996948242,10326
2026-03-02 17:11:00,139.970001220703,139.979995727539,139.850006103516,139.940002441406,8436
2026-03-02 17:12:00,139.929992675781,139.990005493164,139.910003662109,139.975006103516,1059337
2026-03-02 17:13:00,139.991302490234,140.029998779297,139.889999389648,140.001693725586,16243
2026-03-02 17:14:00,140.020004272461,140.080001831055,139.979995727539,140.070007324219,0
2026-03-02 17:15:00,140.065002441406,140.210006713867,140.065002441406,140.179992675781,12024
2026-03-02 17:16:00,140.179992675781,140.198501586914,140.130096435547,140.130096435547,6660
2026-03-02 17:17:00,140.139999389648,140.210006713867,140.110000610352,140.210006713867,9472
2026-03-02 17:18:00,140.220001220703,140.240005493164,140.169998168945,140.169998168945,1069376
2026-03-02 17:19:00,140.205001831055,140.300003051758,140.205001831055,140.25,0
2026-03-02 17:20:00,140.210006713867,140.289993286133,140.210006713867,140.240005493164,11828
2026-03-02 17:21:00,140.229995727539,140.229995727539,140.149993896484,140.164993286133,7357
2026-03-02 17:22:00,140.199996948242,140.339996337891,140.199996948242,140.339996337891,7741
2026-03-02 17:23:00,140.330001831055,140.440002441406,140.324996948242,140.414993286133,7610
2026-03-02 17:24:00,140.414993286133,140.5,140.414993286133,140.421005249023,8508
2026-03-02 17:25:00,140.419998168945,140.445007324219,140.389999389648,140.440002441406,4129
2026-03-02 17:26:00,140.429992675781,140.447799682617,140.350006103516,140.380004882813,8890
2026-03-02 17:27:00,140.350006103516,140.404998779297,140.279998779297,140.404998779297,6269
2026-03-02 17:28:00,140.429992675781,140.466094970703,140.365005493164,140.466094970703,17312
2026-03-02 17:29:00,140.470001220703,140.479507446289,140.440002441406,140.449996948242,4024
2026-03-02 17:30:00,140.419998168945,140.470001220703,140.389999389648,140.4375,5886
2026-03-02 17:31:00,140.460006713867,140.559997558594,140.404998779297,140.520004272461,17354
2026-03-02 17:32:00,140.550003051758,140.619995117188,140.509994506836,140.550003051758,7468
2026-03-02 17:33:00,140.574996948242,140.695007324219,140.559997558594,140.660003662109,10628
2026-03-02 17:34:00,140.660003662109,140.748992919922,140.621505737305,140.710006713867,6705
2026-03-02 17:35:00,140.699996948242,140.815002441406,140.699996948242,140.740005493164,4156
2026-03-02 17:36:00,140.774993896484,140.910003662109,140.774993896484,140.910003662109,6753
2026-03-02 17:37:00,140.889999389648,140.934997558594,140.850006103516,140.855804443359,5614
2026-03-02 17:38:00,140.880004882813,140.880004882813,140.679992675781,140.710006713867,1130425
2026-03-02 17:39:00,140.720001220703,140.727493286133,140.610000610352,140.660003662109,0
2026-03-02 17:40:00,140.710006713867,140.820007324219,140.660003662109,140.759994506836,3786
2026-03-02 17:41:00,140.75,140.854995727539,140.75,140.75,6319
2026-03-02 17:43:00,140.764999389648,140.820007324219,140.764999389648,140.800003051758,1132023
2026-03-02 17:44:00,140.829895019531,140.889999389648,140.770004272461,140.889999389648,0
2026-03-02 17:45:00,140.889999389648,140.949996948242,140.740005493164,140.830001831055,13845
2026-03-02 17:46:00,140.869995117188,140.910003662109,140.860000610352,140.860000610352,2342
2026-03-02 17:47:00,140.860000610352,141.039993286133,140.860000610352,140.990005493164,60743
2026-03-02 17:48:00,141.0,141.0,140.850006103516,140.869995117188,7934
2026-03-02 17:49:00,140.850006103516,140.889999389648,140.800003051758,140.860000610352,4047
2026-03-02 17:50:00,140.850006103516,140.880004882813,140.820098876953,140.880004882813,12086
2026-03-02 17:51:00,140.880004882813,140.990005493164,140.880004882813,140.985000610352,2865
2026-03-02 17:52:00,140.985000610352,141.050003051758,140.970001220703,141.009994506836,4518
2026-03-02 17:53:00,141.0,141.024993896484,140.949996948242,140.979995727539,1159571
2026-03-02 17:54:00,140.955001831055,140.990005493164,140.875,140.889999389648,4712
2026-03-02 17:55:00,140.904693603516,140.904693603516,140.759994506836,140.789993286133,0
2026-03-02 17:56:00,140.740005493164,140.854995727539,140.740005493164,140.751007080078,6380
2026-03-02 17:57:00,140.740005493164,140.759994506836,140.720001220703,140.759994506836,2658
2026-03-02 17:58:00,140.770004272461,140.830001831055,140.770004272461,140.770004272461,6479
2026-03-02 17:59:00,140.800003051758,140.892593383789,140.760696411133,140.880004882813,3775
2026-03-02 18:00:00,140.910003662109,140.910003662109,140.848602294922,140.899993896484,6961
2026-03-02 18:01:00,140.889999389648,140.929992675781,140.880004882813,140.919998168945,3919
2026-03-02 18:02:00,140.924102783203,140.994995117188,140.924102783203,140.970001220703,2225
2026-03-02 18:03:00,140.919998168945,140.940002441406,140.882705688477,140.899993896484,3853
2026-03-02 18:04:00,140.880004882813,140.925704956055,140.880004882813,140.914993286133,3254
2026-03-02 18:05:00,140.960006713867,140.990005493164,140.935501098633,140.935501098633,4497
2026-03-02 18:06:00,140.899993896484,140.904998779297,140.880004882813,140.904998779297,1657
2026-03-02 18:07:00,140.880004882813,140.929901123047,140.880004882813,140.914993286133,1804
2026-03-02 18:08:00,140.889999389648,140.910003662109,140.869995117188,140.890106201172,3480
2026-03-02 18:09:00,140.909698486328,140.909698486328,140.839996337891,140.839996337891,8505
2026-03-02 18:10:00,140.830001831055,140.889999389648,140.809997558594,140.884994506836,3262
2026-03-02 18:11:00,140.839996337891,140.919998168945,140.809997558594,140.914993286133,5327
2026-03-02 18:12:00,140.910003662109,140.929992675781,140.880004882813,140.880004882813,5664
2026-03-02 18:13:00,140.875,140.999893188477,140.875,140.999893188477,7393
2026-03-02 18:14:00,140.985000610352,140.985000610352,140.949996948242,140.970001220703,1201433
2026-03-02 18:15:00,140.949996948242,140.964996337891,140.919998168945,140.919998168945,0
2026-03-02 18:16:00,140.919998168945,140.979995727539,140.919998168945,140.964996337891,4628
2026-03-02 18:17:00,140.964996337891,141.0,140.929992675781,140.929992675781,9341
2026-03-02 18:18:00,140.919998168945,140.964996337891,140.860504150391,140.964996337891,6126
2026-03-02 18:19:00,140.919998168945,140.945007324219,140.860000610352,140.884994506836,8206
2026-03-02 18:20:00,140.841995239258,140.844100952148,140.779998779297,140.844100952148,5814
2026-03-02 18:21:00,140.839996337891,140.940002441406,140.839996337891,140.925003051758,3217
2026-03-02 18:22:00,140.899993896484,140.979995727539,140.860000610352,140.960006713867,4067
2026-03-02 18:23:00,140.919998168945,140.940002441406,140.880294799805,140.910003662109,2538
2026-03-02 18:24:00,140.914993286133,140.964996337891,140.889999389648,140.945007324219,2901
2026-03-02 18:25:00,140.945007324219,140.945007324219,140.899993896484,140.910003662109,4865
2026-03-02 18:26:00,140.949996948242,141.119995117188,140.949996948242,141.119995117188,5440
2026-03-02 18:27:00,141.179992675781,141.279998779297,141.160095214844,141.201904296875,1244994
2026-03-02 18:28:00,141.229995727539,141.270004272461,141.160003662109,141.190002441406,0
2026-03-02 18:29:00,141.169998168945,141.190002441406,141.029998779297,141.059997558594,4716
2026-03-02 18:30:00,141.039993286133,141.050003051758,140.790100097656,140.820007324219,14245
2026-03-02 18:31:00,140.889999389648,140.910003662109,140.820007324219,140.820007324219,3294
2026-03-02 18:32:00,140.779998779297,140.800003051758,140.699996948242,140.740005493164,15944
2026-03-02 18:33:00,140.789993286133,140.800003051758,140.759994506836,140.759994506836,2254
2026-03-02 18:34:00,140.789993286133,140.804992675781,140.740005493164,140.740005493164,2659
2026-03-02 18:35:00,140.751495361328,140.839996337891,140.710006713867,140.839996337891,4263
2026-03-02 18:36:00,140.810104370117,140.880004882813,140.789993286133,140.880004882813,4720
2026-03-02 18:37:00,140.854995727539,140.889999389648,140.761001586914,140.800003051758,8480
2026-03-02 18:38:00,140.774993896484,140.800003051758,140.764999389648,140.800003051758,3193
2026-03-02 18:39:00,140.788299560547,140.815002441406,140.783996582031,140.783996582031,2151
2026-03-02 18:40:00,140.839996337891,140.839996337891,140.710006713867,140.770004272461,8845
2026-03-02 18:41:00,140.755004882813,140.839996337891,140.720001220703,140.800903320313,12861
2026-03-02 18:42:00,140.764694213867,140.860000610352,140.75,140.824996948242,7563
2026-03-02 18:43:00,140.889999389648,140.970001220703,140.85009765625,140.889999389648,11436
2026-03-02 18:44:00,140.889999389648,140.979995727539,140.845001220703,140.970001220703,8328
2026-03-02 18:45:00,140.970001220703,140.970001220703,140.910095214844,140.910705566406,5953
2026-03-02 18:46:00,140.949996948242,140.949996948242,140.779998779297,140.820007324219,7495
2026-03-02 18:47:00,140.75,140.75,140.649993896484,140.71989440918,10557
2026-03-02 18:48:00,140.729995727539,140.869995117188,140.729995727539,140.839996337891,2507
2026-03-02 18:49:00,140.815002441406,140.820007324219,140.679992675781,140.744995117188,18121
2026-03-02 18:50:00,140.759994506836,140.789993286133,140.740005493164,140.75,1733
2026-03-02 18:51:00,140.75,140.75,140.620101928711,140.620101928711,10092
2026-03-02 18:52:00,140.690399169922,140.690399169922,140.639999389648,140.642807006836,2780
2026-03-02 18:53:00,140.619995117188,140.679992675781,140.585006713867,140.654998779297,3813
2026-03-02 18:54:00,140.679702758789,140.744995117188,140.679702758789,140.710006713867,4001
2026-03-02 18:55:00,140.714996337891,140.714996337891,140.610000610352,140.630004882813,13549
2026-03-02 18:56:00,140.630004882813,140.630004882813,140.570007324219,140.619995117188,4819
2026-03-02 18:57:00,140.589996337891,140.595001220703,140.541000366211,140.541000366211,3275
2026-03-02 18:58:00,140.580001831055,140.580001831055,140.481994628906,140.570007324219,7995
2026-03-02 18:59:00,140.619995117188,140.637100219727,140.600006103516,140.619995117188,4085
2026-03-02 19:00:00,140.619995117188,140.699996948242,140.610000610352,140.664993286133,10819
2026-03-02 19:01:00,140.664993286133,140.740005493164,140.660003662109,140.660003662109,5393
2026-03-02 19:02:00,140.639999389648,140.740005493164,140.610000610352,140.720001220703,6398
2026-03-02 19:03:00,140.735000610352,140.865005493164,140.735000610352,140.860000610352,2922
2026-03-02 19:04:00,140.860000610352,140.929992675781,140.830001831055,140.910003662109,8955
2026-03-02 19:05:00,140.889999389648,140.940002441406,140.839996337891,140.940002441406,5123
2026-03-02 19:06:00,140.880096435547,140.910003662109,140.850006103516,140.869995117188,3333
2026-03-02 19:07:00,140.870101928711,140.870101928711,140.822601318359,140.822601318359,3588
2026-03-02 19:08:00,140.835006713867,140.895004272461,140.779998779297,140.835006713867,6581
2026-03-02 19:09:00,140.835006713867,141.029998779297,140.835006713867,141.005004882813,18990
2026-03-02 19:10:00,141.005004882813,141.080001831055,140.960006713867,141.054992675781,9546
2026-03-02 19:11:00,141.029998779297,141.139999389648,140.970001220703,141.139999389648,9044
2026-03-02 19:12:00,141.147506713867,141.149993896484,141.089996337891,141.130004882813,1355988
2026-03-02 19:13:00,141.115005493164,141.160003662109,141.100006103516,141.160003662109,0
2026-03-02 19:14:00,141.130004882813,141.324996948242,141.130004882813,141.299697875977,15514
2026-03-02 19:15:00,141.25,141.410003662109,141.25,141.324996948242,12506
2026-03-02 19:16:00,141.384994506836,141.445007324219,141.384994506836,141.445007324219,8061
2026-03-02 19:17:00,141.449996948242,141.490005493164,141.395004272461,141.455001831055,6168
2026-03-02 19:18:00,141.479995727539,141.520004272461,141.440002441406,141.475006103516,13548
2026-03-02 19:19:00,141.470001220703,141.470001220703,141.330001831055,141.330001831055,1374485
2026-03-02 19:20:00,141.339996337891,141.369995117188,141.220001220703,141.324996948242,0
2026-03-02 19:21:00,141.360000610352,141.470001220703,141.339996337891,141.434005737305,5180
2026-03-02 19:22:00,141.399993896484,141.46989440918,141.360107421875,141.419998168945,3547
2026-03-02 19:23:00,141.414993286133,141.460006713867,141.380004882813,141.429992675781,2656
2026-03-02 19:24:00,141.410003662109,141.410003662109,141.289993286133,141.289993286133,3612
2026-03-02 19:25:00,141.300003051758,141.339996337891,141.279998779297,141.339996337891,4614
2026-03-02 19:26:00,141.335006713867,141.389999389648,141.300094604492,141.380004882813,3961
2026-03-02 19:27:00,141.380004882813,141.449996948242,141.326995849609,141.345001220703,14636
2026-03-02 19:28:00,141.345001220703,141.350006103516,141.300003051758,141.309997558594,2446
2026-03-02 19:29:00,141.315002441406,141.399993896484,141.309997558594,141.399993896484,2841
2026-03-02 19:30:00,141.429992675781,141.539993286133,141.429992675781,141.470001220703,13233
2026-03-02 19:31:00,141.449996948242,141.449996948242,141.370101928711,141.380004882813,7963
2026-03-02 19:32:00,141.380004882813,141.399993896484,141.279998779297,141.309997558594,9714
2026-03-02 19:33:00,141.255004882813,141.300003051758,141.149993896484,141.169906616211,17557
2026-03-02 19:34:00,141.169799804688,141.389999389648,141.169799804688,141.339996337891,23835
2026-03-02 19:35:00,141.270004272461,141.289993286133,141.214904785156,141.270004272461,4025
2026-03-02 19:36:00,141.25,141.309997558594,141.25,141.300003051758,1414921
2026-03-02 19:37:00,141.330001831055,141.330001831055,141.240005493164,141.279998779297,0
2026-03-02 19:38:00,141.270004272461,141.300003051758,141.270004272461,141.285003662109,2155
2026-03-02 19:39:00,141.264999389648,141.279998779297,141.190002441406,141.229904174805,10325
2026-03-02 19:40:00,141.210006713867,141.25,141.210006713867,141.225006103516,6090
2026-03-02 19:41:00,141.214996337891,141.300003051758,141.214996337891,141.274993896484,4866
2026-03-02 19:42:00,141.270004272461,141.300003051758,141.255004882813,141.279998779297,6924
2026-03-02 19:43:00,141.279998779297,141.330001831055,141.270004272461,141.330001831055,9809
2026-03-02 19:44:00,141.356994628906,141.419998168945,141.345001220703,141.419998168945,7626
2026-03-02 19:45:00,141.455200195313,141.529998779297,141.440505981445,141.520004272461,5743
2026-03-02 19:46:00,141.520004272461,141.735000610352,141.5,141.679992675781,22589
2026-03-02 19:47:00,141.679992675781,141.799896240234,141.679992675781,141.765106201172,6403
2026-03-02 19:48:00,141.789993286133,141.809997558594,141.699996948242,141.774993896484,5853
2026-03-02 19:49:00,141.774993896484,141.839294433594,141.759994506836,141.830001831055,9365
2026-03-02 19:50:00,141.835006713867,141.929992675781,141.824996948242,141.914993286133,4999
2026-03-02 19:51:00,141.929992675781,142.005004882813,141.899993896484,141.934997558594,17856
2026-03-02 19:52:00,141.934997558594,141.940002441406,141.839996337891,141.839996337891,5961
2026-03-02 19:53:00,141.850006103516,141.897903442383,141.820007324219,141.824996948242,7123
2026-03-02 19:54:00,141.839996337891,141.879104614258,141.779998779297,141.835006713867,8725
2026-03-02 19:55:00,141.854995727539,141.869705200195,141.820007324219,141.845001220703,3286
2026-03-02 19:56:00,141.845001220703,141.850006103516,141.830001831055,141.839996337891,3674
2026-03-02 19:57:00,141.850006103516,141.854995727539,141.779998779297,141.812103271484,5329
2026-03-02 19:58:00,141.815002441406,141.860000610352,141.815002441406,141.820007324219,2661
2026-03-02 19:59:00,141.860000610352,141.860000610352,141.789993286133,141.804992675781,3289
2026-03-02 20:00:00,141.804992675781,141.929992675781,141.804992675781,141.899993896484,7441
2026-03-02 20:01:00,141.904998779297,141.910003662109,141.860000610352,141.860000610352,3721
2026-03-02 20:02:00,141.889999389648,141.945007324219,141.869995117188,141.940002441406,7097
2026-03-02 20:03:00,141.960006713867,142.0,141.919998168945,141.940002441406,4487
2026-03-02 20:04:00,141.940002441406,141.940002441406,141.822494506836,141.839996337891,8800
2026-03-02 20:05:00,141.839996337891,141.939895629883,141.839996337891,141.854995727539,8636
2026-03-02 20:06:00,141.820007324219,141.820007324219,141.589996337891,141.630004882813,10917
2026-03-02 20:07:00,141.630004882813,141.630004882813,141.429992675781,141.429992675781,7342
2026-03-02 20:08:00,141.389999389648,141.389999389648,141.149993896484,141.149993896484,7714
2026-03-02 20:09:00,141.134994506836,141.210006713867,141.100006103516,141.104995727539,7625
2026-03-02 20:10:00,141.070007324219,141.070007324219,140.860000610352,140.865493774414,1528231
2026-03-02 20:11:00,140.869995117188,141.089996337891,140.830093383789,141.089996337891,0
2026-03-02 20:12:00,141.065002441406,141.130004882813,141.014999389648,141.089996337891,7470
2026-03-02 20:13:00,141.139999389648,141.190002441406,141.059997558594,141.089996337891,7207
2026-03-02 20:14:00,141.119995117188,141.149993896484,140.970001220703,140.970001220703,7579
2026-03-02 20:15:00,140.960006713867,140.960006713867,140.869995117188,140.960006713867,5255
2026-03-02 20:16:00,140.979995727539,141.24169921875,140.979995727539,141.24169921875,11427
2026-03-02 20:17:00,141.205001831055,141.210006713867,141.039993286133,141.119995117188,8563
2026-03-02 20:18:00,141.145004272461,141.240005493164,141.145004272461,141.225006103516,5625
2026-03-02 20:19:00,141.225006103516,141.225006103516,141.130004882813,141.153900146484,9370
2026-03-02 20:20:00,141.184997558594,141.300003051758,141.080001831055,141.289993286133,12607
2026-03-02 20:21:00,141.254196166992,141.254196166992,141.119995117188,141.141006469727,14328
2026-03-02 20:22:00,141.190002441406,141.273895263672,141.179992675781,141.190002441406,10950
2026-03-02 20:23:00,141.160003662109,141.240005493164,141.130004882813,141.230606079102,3982
2026-03-02 20:24:00,141.235000610352,141.25,141.089996337891,141.089996337891,9622
2026-03-02 20:25:00,141.100006103516,141.139999389648,141.009994506836,141.125,5992
2026-03-02 20:26:00,141.125,141.149993896484,141.035003662109,141.035003662109,11251
2026-03-02 20:27:00,141.059997558594,141.119995117188,141.029998779297,141.095001220703,6992
2026-03-02 20:28:00,141.089996337891,141.229995727539,141.089996337891,141.160003662109,9013
2026-03-02 20:29:00,141.119995117188,141.179702758789,141.029998779297,141.029998779297,8688
2026-03-02 20:30:00,141.059997558594,141.100006103516,140.994995117188,141.080001831055,21390
2026-03-02 20:31:00,141.050003051758,141.160003662109,141.029998779297,141.100006103516,18782
2026-03-02 20:32:00,141.104995727539,141.169998168945,141.100006103516,141.169998168945,13158
2026-03-02 20:33:00,141.130004882813,141.25,141.119995117188,141.210006713867,19325
2026-03-02 20:34:00,141.235000610352,141.259994506836,141.199996948242,141.229995727539,17392
2026-03-02 20:35:00,141.210006713867,141.300003051758,141.179992675781,141.199996948242,13942
2026-03-02 20:36:00,141.220001220703,141.25,141.160003662109,141.229995727539,13053
2026-03-02 20:37:00,141.264999389648,141.339996337891,141.250106811523,141.264999389648,8668
2026-03-02 20:38:00,141.270004272461,141.330001831055,141.25,141.285003662109,15237
2026-03-02 20:39:00,141.330001831055,141.330001831055,141.210006713867,141.244995117188,31604
2026-03-02 20:40:00,141.231994628906,141.339996337891,141.231994628906,141.240005493164,13364
2026-03-02 20:41:00,141.240005493164,141.25,141.130004882813,141.130004882813,16619
2026-03-02 20:42:00,141.139999389648,141.139999389648,141.039993286133,141.039993286133,13597
2026-03-02 20:43:00,141.065002441406,141.070007324219,140.960006713867,140.964996337891,11711
2026-03-02 20:44:00,140.990005493164,140.990005493164,140.910003662109,140.975006103516,8167
2026-03-02 20:45:00,140.960006713867,140.990005493164,140.910003662109,140.955001831055,14446
2026-03-02 20:46:00,140.970001220703,141.039993286133,140.920303344727,140.964996337891,18557
2026-03-02 20:47:00,141.0,141.009902954102,140.910003662109,140.919998168945,14435
2026-03-02 20:48:00,140.919998168945,140.942504882813,140.820007324219,140.880004882813,10901
2026-03-02 20:49:00,140.910003662109,141.039993286133,140.910003662109,141.009994506836,11227
2026-03-02 20:50:00,141.0,141.050003051758,140.740005493164,140.830001831055,30501
2026-03-02 20:51:00,140.809997558594,140.949996948242,140.690002441406,140.925003051758,22750
2026-03-02 20:52:00,140.910003662109,141.037506103516,140.910003662109,140.985000610352,17224
2026-03-02 20:53:00,141.0,141.059997558594,140.940002441406,141.024993896484,22380
2026-03-02 20:54:00,141.020004272461,141.229995727539,140.990005493164,141.199996948242,30083
2026-03-02 20:55:00,141.179992675781,141.229995727539,141.110000610352,141.160003662109,32800
2026-03-02 20:56:00,141.179992675781,141.199996948242,141.050003051758,141.160003662109,38362
2026-03-02 20:57:00,141.160003662109,141.229995727539,141.059997558594,141.149993896484,44707
2026-03-02 20:58:00,141.160003662109,141.169998168945,141.110000610352,141.130004882813,56928
2026-03-02 20:59:00,141.130004882813,141.130004882813,140.990005493164,141.0,241136
2026-03-02 21:00:00,141.03,142.0,140.5,141.03,1185961
2026-03-02 21:01:00,141.03,142.0,140.5,141.02,0
2026-03-02 21:02:00,141.03,141.03,140.95,141.03,0
2026-03-02 21:03:00,141.03,141.03,141.03,141.03,0
2026-03-02 21:04:00,141.03,141.03,140.9,141.03,0
2026-03-02 21:05:00,140.87,140.87,140.87,140.87,0
2026-03-02 21:07:00,140.93,140.93,140.93,140.93,0
2026-03-02 21:08:00,140.87,141.0295,140.87,140.89,0
2026-03-02 21:09:00,140.71,140.71,140.71,140.71,0
2026-03-02 21:10:00,141.03,141.03,141.03,141.03,0
2026-03-02 21:11:00,140.78,141.03,140.5821,140.5821,0
2026-03-02 21:13:00,141.0,141.0,141.0,141.0,0
2026-03-02 21:14:00,140.95,140.95,140.94,140.94,0
2026-03-02 21:15:00,141.03,141.03,140.4851,140.4851,0
2026-03-02 21:18:00,140.95,140.95,140.95,140.95,0
2026-03-02 21:19:00,140.95,140.95,140.535,140.535,0
2026-03-02 21:20:00,141.03,141.03,140.8059,140.83,0
2026-03-02 21:21:00,140.9,140.9,140.9,140.9,0
2026-03-02 21:22:00,140.95,140.95,140.95,140.95,0
2026-03-02 21:24:00,140.85,140.85,140.81,140.81,0
2026-03-02 21:26:00,140.95,140.95,140.95,140.95,0
2026-03-02 21:29:00,140.99,140.99,140.99,140.99,0
2026-03-02 21:31:00,141.03,141.03,141.03,141.03,0
2026-03-02 21:32:00,140.88,140.88,140.88,140.88,0
2026-03-02 21:33:00,140.29,140.93,140.29,140.93,0
2026-03-02 21:38:00,140.95,140.99,140.95,140.99,0
2026-03-02 21:40:00,140.9,140.9,140.9,140.9,0
2026-03-02 21:46:00,140.91,140.94,140.91,140.94,0
2026-03-02 21:48:00,140.94,140.94,140.94,140.94,0
2026-03-02 21:49:00,141.0,141.0,141.0,141.0,0
2026-03-02 21:52:00,140.9,140.9,140.9,140.9,0
2026-03-02 21:54:00,140.87,140.87,140.87,140.87,0
2026-03-02 21:59:00,141.25,141.25,141.25,141.25,0
2026-03-02 22:01:00,141.0,141.0,140.97,140.97,0
2026-03-02 22:02:00,140.93,140.93,140.93,140.93,0
2026-03-02 22:04:00,141.0,141.22,140.93,140.95,0
2026-03-02 22:11:00,141.03,141.03,141.03,141.03,0
2026-03-02 22:12:00,141.03,141.03,141.03,141.03,0
2026-03-02 22:13:00,142.0,142.0,142.0,142.0,0
2026-03-02 22:14:00,141.01,141.01,141.01,141.01,0
2026-03-02 22:17:00,141.21,141.21,141.21,141.21,0
2026-03-02 22:21:00,141.7027,141.7027,141.7027,141.7027,0
2026-03-02 22:22:00,141.12,141.12,141.11,141.11,0
2026-03-02 22:23:00,141.21,141.21,141.21,141.21,0
2026-03-02 22:25:00,141.06,141.06,141.06,141.06,0
2026-03-02 22:26:00,141.1,141.1,141.1,141.1,0
2026-03-02 22:28:00,141.17,141.18,141.17,141.18,0
2026-03-02 22:29:00,140.6472,140.6472,140.6472,140.6472,0
2026-03-02 22:30:00,141.7999,141.7999,141.7999,141.7999,0
2026-03-02 22:31:00,141.31,141.49,141.31,141.49,0
2026-03-02 22:36:00,141.29,141.45,141.29,141.45,0
2026-03-02 22:41:00,140.1,140.1,140.1,140.1,0
2026-03-02 22:46:00,141.01,141.03,141.01,141.02,0
2026-03-02 22:48:00,141.4,141.4,141.4,141.4,0
2026-03-02 22:49:00,141.38,141.45,141.38,141.45,0
2026-03-02 22:54:00,141.28,141.28,141.28,141.28,0
2026-03-02 22:58:00,141.28,141.28,141.28,141.28,0
2026-03-02 23:00:00,141.0,141.0,141.0,141.0,0
2026-03-02 23:01:00,140.56,140.56,140.56,140.56,0
2026-03-02 23:02:00,140.0,141.0,140.0,141.0,0
2026-03-02 23:14:00,141.0,141.0,141.0,141.0,0
2026-03-02 23:17:00,140.5957,140.5957,140.5957,140.5957,0
2026-03-02 23:19:00,140.5713,140.5713,140.5713,140.5713,0
2026-03-02 23:21:00,141.19,141.19,141.19,141.19,0
2026-03-02 23:23:00,140.0,140.0,140.0,140.0,0
2026-03-02 23:24:00,140.0,140.0,140.0,140.0,0
2026-03-02 23:26:00,141.77,141.77,141.77,141.77,0
2026-03-02 23:31:00,140.73,140.73,140.73,140.73,0
2026-03-02 23:32:00,141.0,141.0,141.0,141.0,0
2026-03-02 23:35:00,141.2,141.2,141.2,141.2,0
2026-03-02 23:36:00,140.51,141.2,140.51,141.2,0
2026-03-02 23:37:00,140.51,140.51,140.51,140.51,0
2026-03-02 23:47:00,141.0,141.0,141.0,141.0,0
2026-03-02 23:53:00,140.6169,141.1827,140.6169,141.1827,0
2026-03-02 23:55:00,141.0931,141.0931,141.0931,141.0931,0
2026-03-02 23:59:00,140.75,140.75,140.61,140.61,0
2026-03-03 00:09:00,140.5,140.5,140.5,140.5,0
2026-03-03 00:13:00,140.28,140.28,140.28,140.28,0
2026-03-03 00:20:00,140.09,140.09,140.09,140.09,0
2026-03-03 00:24:00,140.3,140.3,140.3,140.3,0
2026-03-03 00:33:00,140.31,140.31,140.31,140.31,0
2026-03-03 00:35:00,140.55,140.55,140.55,140.55,0
2026-03-03 00:36:00,140.093,140.093,140.093,140.093,0
2026-03-03 00:37:00,140.24,140.24,140.24,140.24,0
2026-03-03 00:39:00,140.2795,140.2795,140.2795,140.2795,0
2026-03-03 00:47:00,140.26,140.26,140.26,140.26,0
2026-03-03 00:48:00,140.25,140.25,140.25,140.25,0
2026-03-03 00:50:00,140.5,140.5,140.5,140.5,0
2026-03-03 00:53:00,140.33,140.33,140.33,140.33,0
2026-03-03 00:54:00,140.27,140.27,140.27,140.27,0
2026-03-03 00:56:00,140.02,140.02,140.02,140.02,0
2026-03-03 00:59:00,140.0956,140.5,140.0956,140.5,0
2026-03-03 09:01:00,138.12,138.12,138.11,138.11,0
2026-03-03 09:09:00,138.41,138.41,138.41,138.41,0
2026-03-03 09:16:00,138.36,138.36,138.34,138.34,0
2026-03-03 09:17:00,138.36,138.36,138.36,138.36,0
2026-03-03 09:18:00,138.36,138.38,138.34,138.34,0
2026-03-03 09:19:00,138.32,138.32,138.32,138.32,0
2026-03-03 09:20:00,138.39,138.4,138.39,138.4,0
2026-03-03 09:21:00,138.24,138.24,138.24,138.24,0
2026-03-03 09:23:00,138.46,138.46,138.24,138.24,0
2026-03-03 09:24:00,138.35,138.35,138.35,138.35,0
2026-03-03 09:25:00,138.42,138.42,138.42,138.42,0
2026-03-03 09:27:00,138.26,138.26,138.24,138.24,0
2026-03-03 09:30:00,138.42,138.49,138.42,138.49,0
2026-03-03 09:33:00,138.57,138.57,138.57,138.57,0
2026-03-03 09:35:00,138.46,138.46,138.46,138.46,0
2026-03-03 09:37:00,138.28,138.41,138.28,138.41,0
2026-03-03 09:38:00,138.57,138.71,138.41,138.44,0
2026-03-03 09:39:00,138.31,138.31,138.31,138.31,0
2026-03-03 09:42:00,138.28,138.5,138.27,138.5,0
2026-03-03 09:43:00,138.3,138.52,138.27,138.52,0
2026-03-03 09:44:00,138.27,138.27,138.27,138.27,0
2026-03-03 09:45:00,138.43,138.48,138.43,138.48,0
2026-03-03 09:46:00,138.52,138.52,138.52,138.52,0
2026-03-03 09:47:00,138.29,138.29,138.29,138.29,0
2026-03-03 09:50:00,138.28,138.39,138.26,138.26,0
2026-03-03 09:51:00,138.27,138.4,138.25,138.4,0
2026-03-03 09:52:00,138.25,138.25,138.22,138.22,0
2026-03-03 09:53:00,138.36,138.39,138.36,138.39,0
2026-03-03 09:54:00,138.43,138.48,138.43,138.48,0
2026-03-03 10:03:00,138.37,138.41,138.37,138.41,0
2026-03-03 10:05:00,138.47,138.48,138.46,138.46,0
2026-03-03 10:06:00,138.24,138.25,138.2,138.2,0
2026-03-03 10:07:00,138.19,138.19,138.19,138.19,0
2026-03-03 10:09:00,138.12,138.15,138.0,138.15,0
2026-03-03 10:10:00,137.99,137.99,137.99,137.99,0
2026-03-03 10:12:00,137.89,138.28,137.71,137.94,0
2026-03-03 10:14:00,138.0,138.0,137.75,137.75,0
2026-03-03 10:15:00,137.75,137.82,137.7,137.82,0
2026-03-03 10:17:00,138.0,138.18,137.82,138.18,0
2026-03-03 10:19:00,138.0,138.0,138.0,138.0,0
2026-03-03 10:21:00,138.2,138.27,138.2,138.27,0
2026-03-03 10:24:00,138.23,138.23,138.23,138.23,0
2026-03-03 10:27:00,138.0,138.0,137.92,137.92,0
2026-03-03 10:30:00,137.99,137.99,137.99,137.99,0
2026-03-03 10:32:00,138.16,138.19,138.16,138.19,0
2026-03-03 10:33:00,138.06,138.08,138.06,138.08,0
2026-03-03 10:35:00,137.98,138.01,137.98,138.01,0
2026-03-03 10:36:00,137.99,138.03,137.93,137.93,0
2026-03-03 10:37:00,137.99,138.09,137.99,138.08,0
2026-03-03 10:39:00,138.0,138.05,137.71,137.71,0
2026-03-03 10:40:00,137.92,138.03,137.72,138.03,0
2026-03-03 10:41:00,138.09,138.19,138.0,138.0,0
2026-03-03 10:43:00,138.17,138.17,138.17,138.17,0
2026-03-03 10:45:00,138.2,138.3,138.2,138.3,0
2026-03-03 10:50:00,138.13,138.13,138.11,138.11,0
2026-03-03 10:52:00,138.07,138.07,138.07,138.07,0
2026-03-03 10:58:00,138.04,138.04,138.04,138.04,0
2026-03-03 10:59:00,138.0,138.1,138.0,138.07,0
2026-03-03 11:01:00,137.9,137.9,137.9,137.9,0
2026-03-03 11:02:00,138.11,138.11,138.11,138.11,0
2026-03-03 11:06:00,138.05,138.05,138.05,138.05,0
2026-03-03 11:07:00,138.01,138.01,137.92,137.92,0
2026-03-03 11:08:00,137.92,138.01,137.92,138.01,0
2026-03-03 11:09:00,137.99,137.99,137.99,137.99,0
2026-03-03 11:10:00,138.01,138.01,138.0,138.0,0
2026-03-03 11:11:00,137.98,137.98,137.98,137.98,0
2026-03-03 11:13:00,137.98,137.98,137.98,137.98,0
2026-03-03 11:14:00,137.94,137.94,137.92,137.92,0
2026-03-03 11:15:00,137.92,137.92,137.9,137.9,0
2026-03-03 11:17:00,137.95,137.95,137.95,137.95,0
2026-03-03 11:18:00,137.86,137.86,137.85,137.85,0
2026-03-03 11:21:00,137.85,137.85,137.85,137.85,0
2026-03-03 11:32:46,138.08,138.08,138.08,138.08,0
